provider,count_duplicate_suspect ∩ peer_z>3,count_outlier(IQR|MAD) ∩ top1pct,count_overcharge_rule ∩ top1pct,count_short_stay_high_zpay_ip ∩ top1pct,amt_duplicate_suspect ∩ peer_z>3,amt_outlier(IQR|MAD) ∩ top1pct,amt_overcharge_rule ∩ top1pct,amt_short_stay_high_zpay_ip ∩ top1pct,total_flagged_claims,total_flagged_dollars,rank_count_duplicate_suspect ∩ peer_z>3,rank_count_outlier(IQR|MAD) ∩ top1pct,rank_count_overcharge_rule ∩ top1pct,rank_count_short_stay_high_zpay_ip ∩ top1pct,rank_amt_duplicate_suspect ∩ peer_z>3,rank_amt_outlier(IQR|MAD) ∩ top1pct,rank_amt_overcharge_rule ∩ top1pct,rank_amt_short_stay_high_zpay_ip ∩ top1pct,composite_risk_score
PRV51277,0,1,0,0,0.0,3300.0,0.0,0.0,1,3300.0,0.5007115749525617,0.7590132827324478,0.9871916508538899,0.5040322580645161,0.5007115749525617,0.8095351043643264,0.9871916508538899,0.5040322580645161,0.6940524193548387
PRV52439,0,1,0,0,0.0,3300.0,0.0,0.0,1,3300.0,0.5007115749525617,0.7590132827324478,0.9871916508538899,0.5040322580645161,0.5007115749525617,0.8095351043643264,0.9871916508538899,0.5040322580645161,0.6940524193548387
PRV52487,0,1,0,0,0.0,3300.0,0.0,0.0,1,3300.0,0.5007115749525617,0.7590132827324478,0.9871916508538899,0.5040322580645161,0.5007115749525617,0.8095351043643264,0.9871916508538899,0.5040322580645161,0.6940524193548387
PRV52905,0,1,0,0,0.0,3300.0,0.0,0.0,1,3300.0,0.5007115749525617,0.7590132827324478,0.9871916508538899,0.5040322580645161,0.5007115749525617,0.8095351043643264,0.9871916508538899,0.5040322580645161,0.6940524193548387
PRV53222,0,1,0,0,0.0,3300.0,0.0,0.0,1,3300.0,0.5007115749525617,0.7590132827324478,0.9871916508538899,0.5040322580645161,0.5007115749525617,0.8095351043643264,0.9871916508538899,0.5040322580645161,0.6940524193548387
PRV53362,0,1,0,0,0.0,3300.0,0.0,0.0,1,3300.0,0.5007115749525617,0.7590132827324478,0.9871916508538899,0.5040322580645161,0.5007115749525617,0.8095351043643264,0.9871916508538899,0.5040322580645161,0.6940524193548387
PRV53388,0,1,0,0,0.0,3300.0,0.0,0.0,1,3300.0,0.5007115749525617,0.7590132827324478,0.9871916508538899,0.5040322580645161,0.5007115749525617,0.8095351043643264,0.9871916508538899,0.5040322580645161,0.6940524193548387
PRV54681,0,1,0,0,0.0,3300.0,0.0,0.0,1,3300.0,0.5007115749525617,0.7590132827324478,0.9871916508538899,0.5040322580645161,0.5007115749525617,0.8095351043643264,0.9871916508538899,0.5040322580645161,0.6940524193548387
PRV55187,0,1,0,0,0.0,3300.0,0.0,0.0,1,3300.0,0.5007115749525617,0.7590132827324478,0.9871916508538899,0.5040322580645161,0.5007115749525617,0.8095351043643264,0.9871916508538899,0.5040322580645161,0.6940524193548387
PRV55513,0,1,0,0,0.0,3300.0,0.0,0.0,1,3300.0,0.5007115749525617,0.7590132827324478,0.9871916508538899,0.5040322580645161,0.5007115749525617,0.8095351043643264,0.9871916508538899,0.5040322580645161,0.6940524193548387
PRV56521,0,1,0,0,0.0,3300.0,0.0,0.0,1,3300.0,0.5007115749525617,0.7590132827324478,0.9871916508538899,0.5040322580645161,0.5007115749525617,0.8095351043643264,0.9871916508538899,0.5040322580645161,0.6940524193548387
PRV56590,0,1,0,0,0.0,3300.0,0.0,0.0,1,3300.0,0.5007115749525617,0.7590132827324478,0.9871916508538899,0.5040322580645161,0.5007115749525617,0.8095351043643264,0.9871916508538899,0.5040322580645161,0.6940524193548387
PRV56672,0,1,0,0,0.0,3300.0,0.0,0.0,1,3300.0,0.5007115749525617,0.7590132827324478,0.9871916508538899,0.5040322580645161,0.5007115749525617,0.8095351043643264,0.9871916508538899,0.5040322580645161,0.6940524193548387
PRV57053,0,1,0,0,0.0,3300.0,0.0,0.0,1,3300.0,0.5007115749525617,0.7590132827324478,0.9871916508538899,0.5040322580645161,0.5007115749525617,0.8095351043643264,0.9871916508538899,0.5040322580645161,0.6940524193548387
PRV57101,0,1,0,0,0.0,3300.0,0.0,0.0,1,3300.0,0.5007115749525617,0.7590132827324478,0.9871916508538899,0.5040322580645161,0.5007115749525617,0.8095351043643264,0.9871916508538899,0.5040322580645161,0.6940524193548387
PRV57303,0,1,0,0,0.0,3300.0,0.0,0.0,1,3300.0,0.5007115749525617,0.7590132827324478,0.9871916508538899,0.5040322580645161,0.5007115749525617,0.8095351043643264,0.9871916508538899,0.5040322580645161,0.6940524193548387
PRV57367,0,1,0,0,0.0,3300.0,0.0,0.0,1,3300.0,0.5007115749525617,0.7590132827324478,0.9871916508538899,0.5040322580645161,0.5007115749525617,0.8095351043643264,0.9871916508538899,0.5040322580645161,0.6940524193548387
PRV52725,0,1,0,0,0.0,9600.0,0.0,0.0,1,9600.0,0.5007115749525617,0.7590132827324478,0.9871916508538899,0.5040322580645161,0.5007115749525617,0.43500948766603414,0.9871916508538899,0.5040322580645161,0.6472367172675522
PRV51007,0,1,1,0,0.0,3300.0,3300.0,0.0,2,6600.0,0.5007115749525617,0.7590132827324478,0.7374288425047438,0.5040322580645161,0.5007115749525617,0.8095351043643264,0.7824952561669829,0.5040322580645161,0.637245018975332
PRV51012,0,1,1,0,0.0,3300.0,3300.0,0.0,2,6600.0,0.5007115749525617,0.7590132827324478,0.7374288425047438,0.5040322580645161,0.5007115749525617,0.8095351043643264,0.7824952561669829,0.5040322580645161,0.637245018975332
PRV51044,0,1,1,0,0.0,3300.0,3300.0,0.0,2,6600.0,0.5007115749525617,0.7590132827324478,0.7374288425047438,0.5040322580645161,0.5007115749525617,0.8095351043643264,0.7824952561669829,0.5040322580645161,0.637245018975332
PRV51045,0,1,1,0,0.0,3300.0,3300.0,0.0,2,6600.0,0.5007115749525617,0.7590132827324478,0.7374288425047438,0.5040322580645161,0.5007115749525617,0.8095351043643264,0.7824952561669829,0.5040322580645161,0.637245018975332
PRV51048,0,1,1,0,0.0,3300.0,3300.0,0.0,2,6600.0,0.5007115749525617,0.7590132827324478,0.7374288425047438,0.5040322580645161,0.5007115749525617,0.8095351043643264,0.7824952561669829,0.5040322580645161,0.637245018975332
PRV51049,0,1,1,0,0.0,3300.0,3300.0,0.0,2,6600.0,0.5007115749525617,0.7590132827324478,0.7374288425047438,0.5040322580645161,0.5007115749525617,0.8095351043643264,0.7824952561669829,0.5040322580645161,0.637245018975332
PRV51052,0,1,1,0,0.0,3300.0,3300.0,0.0,2,6600.0,0.5007115749525617,0.7590132827324478,0.7374288425047438,0.5040322580645161,0.5007115749525617,0.8095351043643264,0.7824952561669829,0.5040322580645161,0.637245018975332
PRV51057,0,1,1,0,0.0,3300.0,3300.0,0.0,2,6600.0,0.5007115749525617,0.7590132827324478,0.7374288425047438,0.5040322580645161,0.5007115749525617,0.8095351043643264,0.7824952561669829,0.5040322580645161,0.637245018975332
PRV51070,0,1,1,0,0.0,3300.0,3300.0,0.0,2,6600.0,0.5007115749525617,0.7590132827324478,0.7374288425047438,0.5040322580645161,0.5007115749525617,0.8095351043643264,0.7824952561669829,0.5040322580645161,0.637245018975332
PRV51089,0,1,1,0,0.0,3300.0,3300.0,0.0,2,6600.0,0.5007115749525617,0.7590132827324478,0.7374288425047438,0.5040322580645161,0.5007115749525617,0.8095351043643264,0.7824952561669829,0.5040322580645161,0.637245018975332
PRV51090,0,1,1,0,0.0,3300.0,3300.0,0.0,2,6600.0,0.5007115749525617,0.7590132827324478,0.7374288425047438,0.5040322580645161,0.5007115749525617,0.8095351043643264,0.7824952561669829,0.5040322580645161,0.637245018975332
PRV51125,0,1,1,0,0.0,3300.0,3300.0,0.0,2,6600.0,0.5007115749525617,0.7590132827324478,0.7374288425047438,0.5040322580645161,0.5007115749525617,0.8095351043643264,0.7824952561669829,0.5040322580645161,0.637245018975332
PRV51128,0,1,1,0,0.0,3300.0,3300.0,0.0,2,6600.0,0.5007115749525617,0.7590132827324478,0.7374288425047438,0.5040322580645161,0.5007115749525617,0.8095351043643264,0.7824952561669829,0.5040322580645161,0.637245018975332
PRV51137,0,1,1,0,0.0,3300.0,3300.0,0.0,2,6600.0,0.5007115749525617,0.7590132827324478,0.7374288425047438,0.5040322580645161,0.5007115749525617,0.8095351043643264,0.7824952561669829,0.5040322580645161,0.637245018975332
PRV51138,0,1,1,0,0.0,3300.0,3300.0,0.0,2,6600.0,0.5007115749525617,0.7590132827324478,0.7374288425047438,0.5040322580645161,0.5007115749525617,0.8095351043643264,0.7824952561669829,0.5040322580645161,0.637245018975332
PRV51143,0,1,1,0,0.0,3300.0,3300.0,0.0,2,6600.0,0.5007115749525617,0.7590132827324478,0.7374288425047438,0.5040322580645161,0.5007115749525617,0.8095351043643264,0.7824952561669829,0.5040322580645161,0.637245018975332
PRV51147,0,1,1,0,0.0,3300.0,3300.0,0.0,2,6600.0,0.5007115749525617,0.7590132827324478,0.7374288425047438,0.5040322580645161,0.5007115749525617,0.8095351043643264,0.7824952561669829,0.5040322580645161,0.637245018975332
PRV51153,0,1,1,0,0.0,3300.0,3300.0,0.0,2,6600.0,0.5007115749525617,0.7590132827324478,0.7374288425047438,0.5040322580645161,0.5007115749525617,0.8095351043643264,0.7824952561669829,0.5040322580645161,0.637245018975332
PRV51155,0,1,1,0,0.0,3300.0,3300.0,0.0,2,6600.0,0.5007115749525617,0.7590132827324478,0.7374288425047438,0.5040322580645161,0.5007115749525617,0.8095351043643264,0.7824952561669829,0.5040322580645161,0.637245018975332
PRV51168,0,1,1,0,0.0,3300.0,3300.0,0.0,2,6600.0,0.5007115749525617,0.7590132827324478,0.7374288425047438,0.5040322580645161,0.5007115749525617,0.8095351043643264,0.7824952561669829,0.5040322580645161,0.637245018975332
PRV51169,0,1,1,0,0.0,3300.0,3300.0,0.0,2,6600.0,0.5007115749525617,0.7590132827324478,0.7374288425047438,0.5040322580645161,0.5007115749525617,0.8095351043643264,0.7824952561669829,0.5040322580645161,0.637245018975332
PRV51171,0,1,1,0,0.0,3300.0,3300.0,0.0,2,6600.0,0.5007115749525617,0.7590132827324478,0.7374288425047438,0.5040322580645161,0.5007115749525617,0.8095351043643264,0.7824952561669829,0.5040322580645161,0.637245018975332
PRV51173,0,1,1,0,0.0,3300.0,3300.0,0.0,2,6600.0,0.5007115749525617,0.7590132827324478,0.7374288425047438,0.5040322580645161,0.5007115749525617,0.8095351043643264,0.7824952561669829,0.5040322580645161,0.637245018975332
PRV51180,0,1,1,0,0.0,3300.0,3300.0,0.0,2,6600.0,0.5007115749525617,0.7590132827324478,0.7374288425047438,0.5040322580645161,0.5007115749525617,0.8095351043643264,0.7824952561669829,0.5040322580645161,0.637245018975332
PRV51201,0,1,1,0,0.0,3300.0,3300.0,0.0,2,6600.0,0.5007115749525617,0.7590132827324478,0.7374288425047438,0.5040322580645161,0.5007115749525617,0.8095351043643264,0.7824952561669829,0.5040322580645161,0.637245018975332
PRV51205,0,1,1,0,0.0,3300.0,3300.0,0.0,2,6600.0,0.5007115749525617,0.7590132827324478,0.7374288425047438,0.5040322580645161,0.5007115749525617,0.8095351043643264,0.7824952561669829,0.5040322580645161,0.637245018975332
PRV51212,0,1,1,0,0.0,3300.0,3300.0,0.0,2,6600.0,0.5007115749525617,0.7590132827324478,0.7374288425047438,0.5040322580645161,0.5007115749525617,0.8095351043643264,0.7824952561669829,0.5040322580645161,0.637245018975332
PRV51216,0,1,1,0,0.0,3300.0,3300.0,0.0,2,6600.0,0.5007115749525617,0.7590132827324478,0.7374288425047438,0.5040322580645161,0.5007115749525617,0.8095351043643264,0.7824952561669829,0.5040322580645161,0.637245018975332
PRV51219,0,1,1,0,0.0,3300.0,3300.0,0.0,2,6600.0,0.5007115749525617,0.7590132827324478,0.7374288425047438,0.5040322580645161,0.5007115749525617,0.8095351043643264,0.7824952561669829,0.5040322580645161,0.637245018975332
PRV51253,0,1,1,0,0.0,3300.0,3300.0,0.0,2,6600.0,0.5007115749525617,0.7590132827324478,0.7374288425047438,0.5040322580645161,0.5007115749525617,0.8095351043643264,0.7824952561669829,0.5040322580645161,0.637245018975332
PRV51255,0,1,1,0,0.0,3300.0,3300.0,0.0,2,6600.0,0.5007115749525617,0.7590132827324478,0.7374288425047438,0.5040322580645161,0.5007115749525617,0.8095351043643264,0.7824952561669829,0.5040322580645161,0.637245018975332
PRV51261,0,1,1,0,0.0,3300.0,3300.0,0.0,2,6600.0,0.5007115749525617,0.7590132827324478,0.7374288425047438,0.5040322580645161,0.5007115749525617,0.8095351043643264,0.7824952561669829,0.5040322580645161,0.637245018975332
PRV51272,0,1,1,0,0.0,3300.0,3300.0,0.0,2,6600.0,0.5007115749525617,0.7590132827324478,0.7374288425047438,0.5040322580645161,0.5007115749525617,0.8095351043643264,0.7824952561669829,0.5040322580645161,0.637245018975332
PRV51279,0,1,1,0,0.0,3300.0,3300.0,0.0,2,6600.0,0.5007115749525617,0.7590132827324478,0.7374288425047438,0.5040322580645161,0.5007115749525617,0.8095351043643264,0.7824952561669829,0.5040322580645161,0.637245018975332
PRV51287,0,1,1,0,0.0,3300.0,3300.0,0.0,2,6600.0,0.5007115749525617,0.7590132827324478,0.7374288425047438,0.5040322580645161,0.5007115749525617,0.8095351043643264,0.7824952561669829,0.5040322580645161,0.637245018975332
PRV51296,0,1,1,0,0.0,3300.0,3300.0,0.0,2,6600.0,0.5007115749525617,0.7590132827324478,0.7374288425047438,0.5040322580645161,0.5007115749525617,0.8095351043643264,0.7824952561669829,0.5040322580645161,0.637245018975332
PRV51301,0,1,1,0,0.0,3300.0,3300.0,0.0,2,6600.0,0.5007115749525617,0.7590132827324478,0.7374288425047438,0.5040322580645161,0.5007115749525617,0.8095351043643264,0.7824952561669829,0.5040322580645161,0.637245018975332
PRV51304,0,1,1,0,0.0,3300.0,3300.0,0.0,2,6600.0,0.5007115749525617,0.7590132827324478,0.7374288425047438,0.5040322580645161,0.5007115749525617,0.8095351043643264,0.7824952561669829,0.5040322580645161,0.637245018975332
PRV51305,0,1,1,0,0.0,3300.0,3300.0,0.0,2,6600.0,0.5007115749525617,0.7590132827324478,0.7374288425047438,0.5040322580645161,0.5007115749525617,0.8095351043643264,0.7824952561669829,0.5040322580645161,0.637245018975332
PRV51324,0,1,1,0,0.0,3300.0,3300.0,0.0,2,6600.0,0.5007115749525617,0.7590132827324478,0.7374288425047438,0.5040322580645161,0.5007115749525617,0.8095351043643264,0.7824952561669829,0.5040322580645161,0.637245018975332
PRV51326,0,1,1,0,0.0,3300.0,3300.0,0.0,2,6600.0,0.5007115749525617,0.7590132827324478,0.7374288425047438,0.5040322580645161,0.5007115749525617,0.8095351043643264,0.7824952561669829,0.5040322580645161,0.637245018975332
PRV51351,0,1,1,0,0.0,3300.0,3300.0,0.0,2,6600.0,0.5007115749525617,0.7590132827324478,0.7374288425047438,0.5040322580645161,0.5007115749525617,0.8095351043643264,0.7824952561669829,0.5040322580645161,0.637245018975332
PRV51357,0,1,1,0,0.0,3300.0,3300.0,0.0,2,6600.0,0.5007115749525617,0.7590132827324478,0.7374288425047438,0.5040322580645161,0.5007115749525617,0.8095351043643264,0.7824952561669829,0.5040322580645161,0.637245018975332
PRV51360,0,1,1,0,0.0,3300.0,3300.0,0.0,2,6600.0,0.5007115749525617,0.7590132827324478,0.7374288425047438,0.5040322580645161,0.5007115749525617,0.8095351043643264,0.7824952561669829,0.5040322580645161,0.637245018975332
PRV51379,0,1,1,0,0.0,3300.0,3300.0,0.0,2,6600.0,0.5007115749525617,0.7590132827324478,0.7374288425047438,0.5040322580645161,0.5007115749525617,0.8095351043643264,0.7824952561669829,0.5040322580645161,0.637245018975332
PRV51387,0,1,1,0,0.0,3300.0,3300.0,0.0,2,6600.0,0.5007115749525617,0.7590132827324478,0.7374288425047438,0.5040322580645161,0.5007115749525617,0.8095351043643264,0.7824952561669829,0.5040322580645161,0.637245018975332
PRV51395,0,1,1,0,0.0,3300.0,3300.0,0.0,2,6600.0,0.5007115749525617,0.7590132827324478,0.7374288425047438,0.5040322580645161,0.5007115749525617,0.8095351043643264,0.7824952561669829,0.5040322580645161,0.637245018975332
PRV51397,0,1,1,0,0.0,3300.0,3300.0,0.0,2,6600.0,0.5007115749525617,0.7590132827324478,0.7374288425047438,0.5040322580645161,0.5007115749525617,0.8095351043643264,0.7824952561669829,0.5040322580645161,0.637245018975332
PRV51398,0,1,1,0,0.0,3300.0,3300.0,0.0,2,6600.0,0.5007115749525617,0.7590132827324478,0.7374288425047438,0.5040322580645161,0.5007115749525617,0.8095351043643264,0.7824952561669829,0.5040322580645161,0.637245018975332
PRV51415,0,1,1,0,0.0,3300.0,3300.0,0.0,2,6600.0,0.5007115749525617,0.7590132827324478,0.7374288425047438,0.5040322580645161,0.5007115749525617,0.8095351043643264,0.7824952561669829,0.5040322580645161,0.637245018975332
PRV51424,0,1,1,0,0.0,3300.0,3300.0,0.0,2,6600.0,0.5007115749525617,0.7590132827324478,0.7374288425047438,0.5040322580645161,0.5007115749525617,0.8095351043643264,0.7824952561669829,0.5040322580645161,0.637245018975332
PRV51427,0,1,1,0,0.0,3300.0,3300.0,0.0,2,6600.0,0.5007115749525617,0.7590132827324478,0.7374288425047438,0.5040322580645161,0.5007115749525617,0.8095351043643264,0.7824952561669829,0.5040322580645161,0.637245018975332
PRV51431,0,1,1,0,0.0,3300.0,3300.0,0.0,2,6600.0,0.5007115749525617,0.7590132827324478,0.7374288425047438,0.5040322580645161,0.5007115749525617,0.8095351043643264,0.7824952561669829,0.5040322580645161,0.637245018975332
PRV51434,0,1,1,0,0.0,3300.0,3300.0,0.0,2,6600.0,0.5007115749525617,0.7590132827324478,0.7374288425047438,0.5040322580645161,0.5007115749525617,0.8095351043643264,0.7824952561669829,0.5040322580645161,0.637245018975332
PRV51439,0,1,1,0,0.0,3300.0,3300.0,0.0,2,6600.0,0.5007115749525617,0.7590132827324478,0.7374288425047438,0.5040322580645161,0.5007115749525617,0.8095351043643264,0.7824952561669829,0.5040322580645161,0.637245018975332
PRV51441,0,1,1,0,0.0,3300.0,3300.0,0.0,2,6600.0,0.5007115749525617,0.7590132827324478,0.7374288425047438,0.5040322580645161,0.5007115749525617,0.8095351043643264,0.7824952561669829,0.5040322580645161,0.637245018975332
PRV51448,0,1,1,0,0.0,3300.0,3300.0,0.0,2,6600.0,0.5007115749525617,0.7590132827324478,0.7374288425047438,0.5040322580645161,0.5007115749525617,0.8095351043643264,0.7824952561669829,0.5040322580645161,0.637245018975332
PRV51453,0,1,1,0,0.0,3300.0,3300.0,0.0,2,6600.0,0.5007115749525617,0.7590132827324478,0.7374288425047438,0.5040322580645161,0.5007115749525617,0.8095351043643264,0.7824952561669829,0.5040322580645161,0.637245018975332
PRV51470,0,1,1,0,0.0,3300.0,3300.0,0.0,2,6600.0,0.5007115749525617,0.7590132827324478,0.7374288425047438,0.5040322580645161,0.5007115749525617,0.8095351043643264,0.7824952561669829,0.5040322580645161,0.637245018975332
PRV51477,0,1,1,0,0.0,3300.0,3300.0,0.0,2,6600.0,0.5007115749525617,0.7590132827324478,0.7374288425047438,0.5040322580645161,0.5007115749525617,0.8095351043643264,0.7824952561669829,0.5040322580645161,0.637245018975332
PRV51492,0,1,1,0,0.0,3300.0,3300.0,0.0,2,6600.0,0.5007115749525617,0.7590132827324478,0.7374288425047438,0.5040322580645161,0.5007115749525617,0.8095351043643264,0.7824952561669829,0.5040322580645161,0.637245018975332
PRV51504,0,1,1,0,0.0,3300.0,3300.0,0.0,2,6600.0,0.5007115749525617,0.7590132827324478,0.7374288425047438,0.5040322580645161,0.5007115749525617,0.8095351043643264,0.7824952561669829,0.5040322580645161,0.637245018975332
PRV51514,0,1,1,0,0.0,3300.0,3300.0,0.0,2,6600.0,0.5007115749525617,0.7590132827324478,0.7374288425047438,0.5040322580645161,0.5007115749525617,0.8095351043643264,0.7824952561669829,0.5040322580645161,0.637245018975332
PRV51515,0,1,1,0,0.0,3300.0,3300.0,0.0,2,6600.0,0.5007115749525617,0.7590132827324478,0.7374288425047438,0.5040322580645161,0.5007115749525617,0.8095351043643264,0.7824952561669829,0.5040322580645161,0.637245018975332
PRV51517,0,1,1,0,0.0,3300.0,3300.0,0.0,2,6600.0,0.5007115749525617,0.7590132827324478,0.7374288425047438,0.5040322580645161,0.5007115749525617,0.8095351043643264,0.7824952561669829,0.5040322580645161,0.637245018975332
PRV51531,0,1,1,0,0.0,3300.0,3300.0,0.0,2,6600.0,0.5007115749525617,0.7590132827324478,0.7374288425047438,0.5040322580645161,0.5007115749525617,0.8095351043643264,0.7824952561669829,0.5040322580645161,0.637245018975332
PRV51532,0,1,1,0,0.0,3300.0,3300.0,0.0,2,6600.0,0.5007115749525617,0.7590132827324478,0.7374288425047438,0.5040322580645161,0.5007115749525617,0.8095351043643264,0.7824952561669829,0.5040322580645161,0.637245018975332
PRV51564,0,1,1,0,0.0,3300.0,3300.0,0.0,2,6600.0,0.5007115749525617,0.7590132827324478,0.7374288425047438,0.5040322580645161,0.5007115749525617,0.8095351043643264,0.7824952561669829,0.5040322580645161,0.637245018975332
PRV51568,0,1,1,0,0.0,3300.0,3300.0,0.0,2,6600.0,0.5007115749525617,0.7590132827324478,0.7374288425047438,0.5040322580645161,0.5007115749525617,0.8095351043643264,0.7824952561669829,0.5040322580645161,0.637245018975332
PRV51583,0,1,1,0,0.0,3300.0,3300.0,0.0,2,6600.0,0.5007115749525617,0.7590132827324478,0.7374288425047438,0.5040322580645161,0.5007115749525617,0.8095351043643264,0.7824952561669829,0.5040322580645161,0.637245018975332
PRV51627,0,1,1,0,0.0,3300.0,3300.0,0.0,2,6600.0,0.5007115749525617,0.7590132827324478,0.7374288425047438,0.5040322580645161,0.5007115749525617,0.8095351043643264,0.7824952561669829,0.5040322580645161,0.637245018975332
PRV51644,0,1,1,0,0.0,3300.0,3300.0,0.0,2,6600.0,0.5007115749525617,0.7590132827324478,0.7374288425047438,0.5040322580645161,0.5007115749525617,0.8095351043643264,0.7824952561669829,0.5040322580645161,0.637245018975332
PRV51653,0,1,1,0,0.0,3300.0,3300.0,0.0,2,6600.0,0.5007115749525617,0.7590132827324478,0.7374288425047438,0.5040322580645161,0.5007115749525617,0.8095351043643264,0.7824952561669829,0.5040322580645161,0.637245018975332
PRV51657,0,1,1,0,0.0,3300.0,3300.0,0.0,2,6600.0,0.5007115749525617,0.7590132827324478,0.7374288425047438,0.5040322580645161,0.5007115749525617,0.8095351043643264,0.7824952561669829,0.5040322580645161,0.637245018975332
PRV51669,0,1,1,0,0.0,3300.0,3300.0,0.0,2,6600.0,0.5007115749525617,0.7590132827324478,0.7374288425047438,0.5040322580645161,0.5007115749525617,0.8095351043643264,0.7824952561669829,0.5040322580645161,0.637245018975332
PRV51673,0,1,1,0,0.0,3300.0,3300.0,0.0,2,6600.0,0.5007115749525617,0.7590132827324478,0.7374288425047438,0.5040322580645161,0.5007115749525617,0.8095351043643264,0.7824952561669829,0.5040322580645161,0.637245018975332
PRV51678,0,1,1,0,0.0,3300.0,3300.0,0.0,2,6600.0,0.5007115749525617,0.7590132827324478,0.7374288425047438,0.5040322580645161,0.5007115749525617,0.8095351043643264,0.7824952561669829,0.5040322580645161,0.637245018975332
PRV51693,0,1,1,0,0.0,3300.0,3300.0,0.0,2,6600.0,0.5007115749525617,0.7590132827324478,0.7374288425047438,0.5040322580645161,0.5007115749525617,0.8095351043643264,0.7824952561669829,0.5040322580645161,0.637245018975332
PRV51699,0,1,1,0,0.0,3300.0,3300.0,0.0,2,6600.0,0.5007115749525617,0.7590132827324478,0.7374288425047438,0.5040322580645161,0.5007115749525617,0.8095351043643264,0.7824952561669829,0.5040322580645161,0.637245018975332
PRV51723,0,1,1,0,0.0,3300.0,3300.0,0.0,2,6600.0,0.5007115749525617,0.7590132827324478,0.7374288425047438,0.5040322580645161,0.5007115749525617,0.8095351043643264,0.7824952561669829,0.5040322580645161,0.637245018975332
PRV51732,0,1,1,0,0.0,3300.0,3300.0,0.0,2,6600.0,0.5007115749525617,0.7590132827324478,0.7374288425047438,0.5040322580645161,0.5007115749525617,0.8095351043643264,0.7824952561669829,0.5040322580645161,0.637245018975332
PRV51737,0,1,1,0,0.0,3300.0,3300.0,0.0,2,6600.0,0.5007115749525617,0.7590132827324478,0.7374288425047438,0.5040322580645161,0.5007115749525617,0.8095351043643264,0.7824952561669829,0.5040322580645161,0.637245018975332
PRV51743,0,1,1,0,0.0,3300.0,3300.0,0.0,2,6600.0,0.5007115749525617,0.7590132827324478,0.7374288425047438,0.5040322580645161,0.5007115749525617,0.8095351043643264,0.7824952561669829,0.5040322580645161,0.637245018975332
PRV51748,0,1,1,0,0.0,3300.0,3300.0,0.0,2,6600.0,0.5007115749525617,0.7590132827324478,0.7374288425047438,0.5040322580645161,0.5007115749525617,0.8095351043643264,0.7824952561669829,0.5040322580645161,0.637245018975332
PRV51752,0,1,1,0,0.0,3300.0,3300.0,0.0,2,6600.0,0.5007115749525617,0.7590132827324478,0.7374288425047438,0.5040322580645161,0.5007115749525617,0.8095351043643264,0.7824952561669829,0.5040322580645161,0.637245018975332
PRV51770,0,1,1,0,0.0,3300.0,3300.0,0.0,2,6600.0,0.5007115749525617,0.7590132827324478,0.7374288425047438,0.5040322580645161,0.5007115749525617,0.8095351043643264,0.7824952561669829,0.5040322580645161,0.637245018975332
PRV51788,0,1,1,0,0.0,3300.0,3300.0,0.0,2,6600.0,0.5007115749525617,0.7590132827324478,0.7374288425047438,0.5040322580645161,0.5007115749525617,0.8095351043643264,0.7824952561669829,0.5040322580645161,0.637245018975332
PRV51789,0,1,1,0,0.0,3300.0,3300.0,0.0,2,6600.0,0.5007115749525617,0.7590132827324478,0.7374288425047438,0.5040322580645161,0.5007115749525617,0.8095351043643264,0.7824952561669829,0.5040322580645161,0.637245018975332
PRV51801,0,1,1,0,0.0,3300.0,3300.0,0.0,2,6600.0,0.5007115749525617,0.7590132827324478,0.7374288425047438,0.5040322580645161,0.5007115749525617,0.8095351043643264,0.7824952561669829,0.5040322580645161,0.637245018975332
PRV51846,0,1,1,0,0.0,3300.0,3300.0,0.0,2,6600.0,0.5007115749525617,0.7590132827324478,0.7374288425047438,0.5040322580645161,0.5007115749525617,0.8095351043643264,0.7824952561669829,0.5040322580645161,0.637245018975332
PRV51848,0,1,1,0,0.0,3300.0,3300.0,0.0,2,6600.0,0.5007115749525617,0.7590132827324478,0.7374288425047438,0.5040322580645161,0.5007115749525617,0.8095351043643264,0.7824952561669829,0.5040322580645161,0.637245018975332
PRV51858,0,1,1,0,0.0,3300.0,3300.0,0.0,2,6600.0,0.5007115749525617,0.7590132827324478,0.7374288425047438,0.5040322580645161,0.5007115749525617,0.8095351043643264,0.7824952561669829,0.5040322580645161,0.637245018975332
PRV51864,0,1,1,0,0.0,3300.0,3300.0,0.0,2,6600.0,0.5007115749525617,0.7590132827324478,0.7374288425047438,0.5040322580645161,0.5007115749525617,0.8095351043643264,0.7824952561669829,0.5040322580645161,0.637245018975332
PRV51865,0,1,1,0,0.0,3300.0,3300.0,0.0,2,6600.0,0.5007115749525617,0.7590132827324478,0.7374288425047438,0.5040322580645161,0.5007115749525617,0.8095351043643264,0.7824952561669829,0.5040322580645161,0.637245018975332
PRV51867,0,1,1,0,0.0,3300.0,3300.0,0.0,2,6600.0,0.5007115749525617,0.7590132827324478,0.7374288425047438,0.5040322580645161,0.5007115749525617,0.8095351043643264,0.7824952561669829,0.5040322580645161,0.637245018975332
PRV51869,0,1,1,0,0.0,3300.0,3300.0,0.0,2,6600.0,0.5007115749525617,0.7590132827324478,0.7374288425047438,0.5040322580645161,0.5007115749525617,0.8095351043643264,0.7824952561669829,0.5040322580645161,0.637245018975332
PRV51870,0,1,1,0,0.0,3300.0,3300.0,0.0,2,6600.0,0.5007115749525617,0.7590132827324478,0.7374288425047438,0.5040322580645161,0.5007115749525617,0.8095351043643264,0.7824952561669829,0.5040322580645161,0.637245018975332
PRV51884,0,1,1,0,0.0,3300.0,3300.0,0.0,2,6600.0,0.5007115749525617,0.7590132827324478,0.7374288425047438,0.5040322580645161,0.5007115749525617,0.8095351043643264,0.7824952561669829,0.5040322580645161,0.637245018975332
PRV51885,0,1,1,0,0.0,3300.0,3300.0,0.0,2,6600.0,0.5007115749525617,0.7590132827324478,0.7374288425047438,0.5040322580645161,0.5007115749525617,0.8095351043643264,0.7824952561669829,0.5040322580645161,0.637245018975332
PRV51894,0,1,1,0,0.0,3300.0,3300.0,0.0,2,6600.0,0.5007115749525617,0.7590132827324478,0.7374288425047438,0.5040322580645161,0.5007115749525617,0.8095351043643264,0.7824952561669829,0.5040322580645161,0.637245018975332
PRV51901,0,1,1,0,0.0,3300.0,3300.0,0.0,2,6600.0,0.5007115749525617,0.7590132827324478,0.7374288425047438,0.5040322580645161,0.5007115749525617,0.8095351043643264,0.7824952561669829,0.5040322580645161,0.637245018975332
PRV51908,0,1,1,0,0.0,3300.0,3300.0,0.0,2,6600.0,0.5007115749525617,0.7590132827324478,0.7374288425047438,0.5040322580645161,0.5007115749525617,0.8095351043643264,0.7824952561669829,0.5040322580645161,0.637245018975332
PRV51910,0,1,1,0,0.0,3300.0,3300.0,0.0,2,6600.0,0.5007115749525617,0.7590132827324478,0.7374288425047438,0.5040322580645161,0.5007115749525617,0.8095351043643264,0.7824952561669829,0.5040322580645161,0.637245018975332
PRV51911,0,1,1,0,0.0,3300.0,3300.0,0.0,2,6600.0,0.5007115749525617,0.7590132827324478,0.7374288425047438,0.5040322580645161,0.5007115749525617,0.8095351043643264,0.7824952561669829,0.5040322580645161,0.637245018975332
PRV51929,0,1,1,0,0.0,3300.0,3300.0,0.0,2,6600.0,0.5007115749525617,0.7590132827324478,0.7374288425047438,0.5040322580645161,0.5007115749525617,0.8095351043643264,0.7824952561669829,0.5040322580645161,0.637245018975332
PRV51931,0,1,1,0,0.0,3300.0,3300.0,0.0,2,6600.0,0.5007115749525617,0.7590132827324478,0.7374288425047438,0.5040322580645161,0.5007115749525617,0.8095351043643264,0.7824952561669829,0.5040322580645161,0.637245018975332
PRV51933,0,1,1,0,0.0,3300.0,3300.0,0.0,2,6600.0,0.5007115749525617,0.7590132827324478,0.7374288425047438,0.5040322580645161,0.5007115749525617,0.8095351043643264,0.7824952561669829,0.5040322580645161,0.637245018975332
PRV51934,0,1,1,0,0.0,3300.0,3300.0,0.0,2,6600.0,0.5007115749525617,0.7590132827324478,0.7374288425047438,0.5040322580645161,0.5007115749525617,0.8095351043643264,0.7824952561669829,0.5040322580645161,0.637245018975332
PRV51935,0,1,1,0,0.0,3300.0,3300.0,0.0,2,6600.0,0.5007115749525617,0.7590132827324478,0.7374288425047438,0.5040322580645161,0.5007115749525617,0.8095351043643264,0.7824952561669829,0.5040322580645161,0.637245018975332
PRV51942,0,1,1,0,0.0,3300.0,3300.0,0.0,2,6600.0,0.5007115749525617,0.7590132827324478,0.7374288425047438,0.5040322580645161,0.5007115749525617,0.8095351043643264,0.7824952561669829,0.5040322580645161,0.637245018975332
PRV51946,0,1,1,0,0.0,3300.0,3300.0,0.0,2,6600.0,0.5007115749525617,0.7590132827324478,0.7374288425047438,0.5040322580645161,0.5007115749525617,0.8095351043643264,0.7824952561669829,0.5040322580645161,0.637245018975332
PRV51958,0,1,1,0,0.0,3300.0,3300.0,0.0,2,6600.0,0.5007115749525617,0.7590132827324478,0.7374288425047438,0.5040322580645161,0.5007115749525617,0.8095351043643264,0.7824952561669829,0.5040322580645161,0.637245018975332
PRV51961,0,1,1,0,0.0,3300.0,3300.0,0.0,2,6600.0,0.5007115749525617,0.7590132827324478,0.7374288425047438,0.5040322580645161,0.5007115749525617,0.8095351043643264,0.7824952561669829,0.5040322580645161,0.637245018975332
PRV51967,0,1,1,0,0.0,3300.0,3300.0,0.0,2,6600.0,0.5007115749525617,0.7590132827324478,0.7374288425047438,0.5040322580645161,0.5007115749525617,0.8095351043643264,0.7824952561669829,0.5040322580645161,0.637245018975332
PRV51969,0,1,1,0,0.0,3300.0,3300.0,0.0,2,6600.0,0.5007115749525617,0.7590132827324478,0.7374288425047438,0.5040322580645161,0.5007115749525617,0.8095351043643264,0.7824952561669829,0.5040322580645161,0.637245018975332
PRV51972,0,1,1,0,0.0,3300.0,3300.0,0.0,2,6600.0,0.5007115749525617,0.7590132827324478,0.7374288425047438,0.5040322580645161,0.5007115749525617,0.8095351043643264,0.7824952561669829,0.5040322580645161,0.637245018975332
PRV51973,0,1,1,0,0.0,3300.0,3300.0,0.0,2,6600.0,0.5007115749525617,0.7590132827324478,0.7374288425047438,0.5040322580645161,0.5007115749525617,0.8095351043643264,0.7824952561669829,0.5040322580645161,0.637245018975332
PRV52004,0,1,1,0,0.0,3300.0,3300.0,0.0,2,6600.0,0.5007115749525617,0.7590132827324478,0.7374288425047438,0.5040322580645161,0.5007115749525617,0.8095351043643264,0.7824952561669829,0.5040322580645161,0.637245018975332
PRV52025,0,1,1,0,0.0,3300.0,3300.0,0.0,2,6600.0,0.5007115749525617,0.7590132827324478,0.7374288425047438,0.5040322580645161,0.5007115749525617,0.8095351043643264,0.7824952561669829,0.5040322580645161,0.637245018975332
PRV52026,0,1,1,0,0.0,3300.0,3300.0,0.0,2,6600.0,0.5007115749525617,0.7590132827324478,0.7374288425047438,0.5040322580645161,0.5007115749525617,0.8095351043643264,0.7824952561669829,0.5040322580645161,0.637245018975332
PRV52052,0,1,1,0,0.0,3300.0,3300.0,0.0,2,6600.0,0.5007115749525617,0.7590132827324478,0.7374288425047438,0.5040322580645161,0.5007115749525617,0.8095351043643264,0.7824952561669829,0.5040322580645161,0.637245018975332
PRV52061,0,1,1,0,0.0,3300.0,3300.0,0.0,2,6600.0,0.5007115749525617,0.7590132827324478,0.7374288425047438,0.5040322580645161,0.5007115749525617,0.8095351043643264,0.7824952561669829,0.5040322580645161,0.637245018975332
PRV52072,0,1,1,0,0.0,3300.0,3300.0,0.0,2,6600.0,0.5007115749525617,0.7590132827324478,0.7374288425047438,0.5040322580645161,0.5007115749525617,0.8095351043643264,0.7824952561669829,0.5040322580645161,0.637245018975332
PRV52073,0,1,1,0,0.0,3300.0,3300.0,0.0,2,6600.0,0.5007115749525617,0.7590132827324478,0.7374288425047438,0.5040322580645161,0.5007115749525617,0.8095351043643264,0.7824952561669829,0.5040322580645161,0.637245018975332
PRV52074,0,1,1,0,0.0,3300.0,3300.0,0.0,2,6600.0,0.5007115749525617,0.7590132827324478,0.7374288425047438,0.5040322580645161,0.5007115749525617,0.8095351043643264,0.7824952561669829,0.5040322580645161,0.637245018975332
PRV52076,0,1,1,0,0.0,3300.0,3300.0,0.0,2,6600.0,0.5007115749525617,0.7590132827324478,0.7374288425047438,0.5040322580645161,0.5007115749525617,0.8095351043643264,0.7824952561669829,0.5040322580645161,0.637245018975332
PRV52081,0,1,1,0,0.0,3300.0,3300.0,0.0,2,6600.0,0.5007115749525617,0.7590132827324478,0.7374288425047438,0.5040322580645161,0.5007115749525617,0.8095351043643264,0.7824952561669829,0.5040322580645161,0.637245018975332
PRV52105,0,1,1,0,0.0,3300.0,3300.0,0.0,2,6600.0,0.5007115749525617,0.7590132827324478,0.7374288425047438,0.5040322580645161,0.5007115749525617,0.8095351043643264,0.7824952561669829,0.5040322580645161,0.637245018975332
PRV52113,0,1,1,0,0.0,3300.0,3300.0,0.0,2,6600.0,0.5007115749525617,0.7590132827324478,0.7374288425047438,0.5040322580645161,0.5007115749525617,0.8095351043643264,0.7824952561669829,0.5040322580645161,0.637245018975332
PRV52122,0,1,1,0,0.0,3300.0,3300.0,0.0,2,6600.0,0.5007115749525617,0.7590132827324478,0.7374288425047438,0.5040322580645161,0.5007115749525617,0.8095351043643264,0.7824952561669829,0.5040322580645161,0.637245018975332
PRV52124,0,1,1,0,0.0,3300.0,3300.0,0.0,2,6600.0,0.5007115749525617,0.7590132827324478,0.7374288425047438,0.5040322580645161,0.5007115749525617,0.8095351043643264,0.7824952561669829,0.5040322580645161,0.637245018975332
PRV52145,0,1,1,0,0.0,3300.0,3300.0,0.0,2,6600.0,0.5007115749525617,0.7590132827324478,0.7374288425047438,0.5040322580645161,0.5007115749525617,0.8095351043643264,0.7824952561669829,0.5040322580645161,0.637245018975332
PRV52155,0,1,1,0,0.0,3300.0,3300.0,0.0,2,6600.0,0.5007115749525617,0.7590132827324478,0.7374288425047438,0.5040322580645161,0.5007115749525617,0.8095351043643264,0.7824952561669829,0.5040322580645161,0.637245018975332
PRV52162,0,1,1,0,0.0,3300.0,3300.0,0.0,2,6600.0,0.5007115749525617,0.7590132827324478,0.7374288425047438,0.5040322580645161,0.5007115749525617,0.8095351043643264,0.7824952561669829,0.5040322580645161,0.637245018975332
PRV52165,0,1,1,0,0.0,3300.0,3300.0,0.0,2,6600.0,0.5007115749525617,0.7590132827324478,0.7374288425047438,0.5040322580645161,0.5007115749525617,0.8095351043643264,0.7824952561669829,0.5040322580645161,0.637245018975332
PRV52166,0,1,1,0,0.0,3300.0,3300.0,0.0,2,6600.0,0.5007115749525617,0.7590132827324478,0.7374288425047438,0.5040322580645161,0.5007115749525617,0.8095351043643264,0.7824952561669829,0.5040322580645161,0.637245018975332
PRV52179,0,1,1,0,0.0,3300.0,3300.0,0.0,2,6600.0,0.5007115749525617,0.7590132827324478,0.7374288425047438,0.5040322580645161,0.5007115749525617,0.8095351043643264,0.7824952561669829,0.5040322580645161,0.637245018975332
PRV52211,0,1,1,0,0.0,3300.0,3300.0,0.0,2,6600.0,0.5007115749525617,0.7590132827324478,0.7374288425047438,0.5040322580645161,0.5007115749525617,0.8095351043643264,0.7824952561669829,0.5040322580645161,0.637245018975332
PRV52216,0,1,1,0,0.0,3300.0,3300.0,0.0,2,6600.0,0.5007115749525617,0.7590132827324478,0.7374288425047438,0.5040322580645161,0.5007115749525617,0.8095351043643264,0.7824952561669829,0.5040322580645161,0.637245018975332
PRV52224,0,1,1,0,0.0,3300.0,3300.0,0.0,2,6600.0,0.5007115749525617,0.7590132827324478,0.7374288425047438,0.5040322580645161,0.5007115749525617,0.8095351043643264,0.7824952561669829,0.5040322580645161,0.637245018975332
PRV52231,0,1,1,0,0.0,3300.0,3300.0,0.0,2,6600.0,0.5007115749525617,0.7590132827324478,0.7374288425047438,0.5040322580645161,0.5007115749525617,0.8095351043643264,0.7824952561669829,0.5040322580645161,0.637245018975332
PRV52240,0,1,1,0,0.0,3300.0,3300.0,0.0,2,6600.0,0.5007115749525617,0.7590132827324478,0.7374288425047438,0.5040322580645161,0.5007115749525617,0.8095351043643264,0.7824952561669829,0.5040322580645161,0.637245018975332
PRV52241,0,1,1,0,0.0,3300.0,3300.0,0.0,2,6600.0,0.5007115749525617,0.7590132827324478,0.7374288425047438,0.5040322580645161,0.5007115749525617,0.8095351043643264,0.7824952561669829,0.5040322580645161,0.637245018975332
PRV52248,0,1,1,0,0.0,3300.0,3300.0,0.0,2,6600.0,0.5007115749525617,0.7590132827324478,0.7374288425047438,0.5040322580645161,0.5007115749525617,0.8095351043643264,0.7824952561669829,0.5040322580645161,0.637245018975332
PRV52249,0,1,1,0,0.0,3300.0,3300.0,0.0,2,6600.0,0.5007115749525617,0.7590132827324478,0.7374288425047438,0.5040322580645161,0.5007115749525617,0.8095351043643264,0.7824952561669829,0.5040322580645161,0.637245018975332
PRV52262,0,1,1,0,0.0,3300.0,3300.0,0.0,2,6600.0,0.5007115749525617,0.7590132827324478,0.7374288425047438,0.5040322580645161,0.5007115749525617,0.8095351043643264,0.7824952561669829,0.5040322580645161,0.637245018975332
PRV52272,0,1,1,0,0.0,3300.0,3300.0,0.0,2,6600.0,0.5007115749525617,0.7590132827324478,0.7374288425047438,0.5040322580645161,0.5007115749525617,0.8095351043643264,0.7824952561669829,0.5040322580645161,0.637245018975332
PRV52275,0,1,1,0,0.0,3300.0,3300.0,0.0,2,6600.0,0.5007115749525617,0.7590132827324478,0.7374288425047438,0.5040322580645161,0.5007115749525617,0.8095351043643264,0.7824952561669829,0.5040322580645161,0.637245018975332
PRV52293,0,1,1,0,0.0,3300.0,3300.0,0.0,2,6600.0,0.5007115749525617,0.7590132827324478,0.7374288425047438,0.5040322580645161,0.5007115749525617,0.8095351043643264,0.7824952561669829,0.5040322580645161,0.637245018975332
PRV52308,0,1,1,0,0.0,3300.0,3300.0,0.0,2,6600.0,0.5007115749525617,0.7590132827324478,0.7374288425047438,0.5040322580645161,0.5007115749525617,0.8095351043643264,0.7824952561669829,0.5040322580645161,0.637245018975332
PRV52309,0,1,1,0,0.0,3300.0,3300.0,0.0,2,6600.0,0.5007115749525617,0.7590132827324478,0.7374288425047438,0.5040322580645161,0.5007115749525617,0.8095351043643264,0.7824952561669829,0.5040322580645161,0.637245018975332
PRV52325,0,1,1,0,0.0,3300.0,3300.0,0.0,2,6600.0,0.5007115749525617,0.7590132827324478,0.7374288425047438,0.5040322580645161,0.5007115749525617,0.8095351043643264,0.7824952561669829,0.5040322580645161,0.637245018975332
PRV52334,0,1,1,0,0.0,3300.0,3300.0,0.0,2,6600.0,0.5007115749525617,0.7590132827324478,0.7374288425047438,0.5040322580645161,0.5007115749525617,0.8095351043643264,0.7824952561669829,0.5040322580645161,0.637245018975332
PRV52336,0,1,1,0,0.0,3300.0,3300.0,0.0,2,6600.0,0.5007115749525617,0.7590132827324478,0.7374288425047438,0.5040322580645161,0.5007115749525617,0.8095351043643264,0.7824952561669829,0.5040322580645161,0.637245018975332
PRV52344,0,1,1,0,0.0,3300.0,3300.0,0.0,2,6600.0,0.5007115749525617,0.7590132827324478,0.7374288425047438,0.5040322580645161,0.5007115749525617,0.8095351043643264,0.7824952561669829,0.5040322580645161,0.637245018975332
PRV52348,0,1,1,0,0.0,3300.0,3300.0,0.0,2,6600.0,0.5007115749525617,0.7590132827324478,0.7374288425047438,0.5040322580645161,0.5007115749525617,0.8095351043643264,0.7824952561669829,0.5040322580645161,0.637245018975332
PRV52357,0,1,1,0,0.0,3300.0,3300.0,0.0,2,6600.0,0.5007115749525617,0.7590132827324478,0.7374288425047438,0.5040322580645161,0.5007115749525617,0.8095351043643264,0.7824952561669829,0.5040322580645161,0.637245018975332
PRV52361,0,1,1,0,0.0,3300.0,3300.0,0.0,2,6600.0,0.5007115749525617,0.7590132827324478,0.7374288425047438,0.5040322580645161,0.5007115749525617,0.8095351043643264,0.7824952561669829,0.5040322580645161,0.637245018975332
PRV52372,0,1,1,0,0.0,3300.0,3300.0,0.0,2,6600.0,0.5007115749525617,0.7590132827324478,0.7374288425047438,0.5040322580645161,0.5007115749525617,0.8095351043643264,0.7824952561669829,0.5040322580645161,0.637245018975332
PRV52384,0,1,1,0,0.0,3300.0,3300.0,0.0,2,6600.0,0.5007115749525617,0.7590132827324478,0.7374288425047438,0.5040322580645161,0.5007115749525617,0.8095351043643264,0.7824952561669829,0.5040322580645161,0.637245018975332
PRV52385,0,1,1,0,0.0,3300.0,3300.0,0.0,2,6600.0,0.5007115749525617,0.7590132827324478,0.7374288425047438,0.5040322580645161,0.5007115749525617,0.8095351043643264,0.7824952561669829,0.5040322580645161,0.637245018975332
PRV52391,0,1,1,0,0.0,3300.0,3300.0,0.0,2,6600.0,0.5007115749525617,0.7590132827324478,0.7374288425047438,0.5040322580645161,0.5007115749525617,0.8095351043643264,0.7824952561669829,0.5040322580645161,0.637245018975332
PRV52394,0,1,1,0,0.0,3300.0,3300.0,0.0,2,6600.0,0.5007115749525617,0.7590132827324478,0.7374288425047438,0.5040322580645161,0.5007115749525617,0.8095351043643264,0.7824952561669829,0.5040322580645161,0.637245018975332
PRV52402,0,1,1,0,0.0,3300.0,3300.0,0.0,2,6600.0,0.5007115749525617,0.7590132827324478,0.7374288425047438,0.5040322580645161,0.5007115749525617,0.8095351043643264,0.7824952561669829,0.5040322580645161,0.637245018975332
PRV52403,0,1,1,0,0.0,3300.0,3300.0,0.0,2,6600.0,0.5007115749525617,0.7590132827324478,0.7374288425047438,0.5040322580645161,0.5007115749525617,0.8095351043643264,0.7824952561669829,0.5040322580645161,0.637245018975332
PRV52410,0,1,1,0,0.0,3300.0,3300.0,0.0,2,6600.0,0.5007115749525617,0.7590132827324478,0.7374288425047438,0.5040322580645161,0.5007115749525617,0.8095351043643264,0.7824952561669829,0.5040322580645161,0.637245018975332
PRV52414,0,1,1,0,0.0,3300.0,3300.0,0.0,2,6600.0,0.5007115749525617,0.7590132827324478,0.7374288425047438,0.5040322580645161,0.5007115749525617,0.8095351043643264,0.7824952561669829,0.5040322580645161,0.637245018975332
PRV52419,0,1,1,0,0.0,3300.0,3300.0,0.0,2,6600.0,0.5007115749525617,0.7590132827324478,0.7374288425047438,0.5040322580645161,0.5007115749525617,0.8095351043643264,0.7824952561669829,0.5040322580645161,0.637245018975332
PRV52421,0,1,1,0,0.0,3300.0,3300.0,0.0,2,6600.0,0.5007115749525617,0.7590132827324478,0.7374288425047438,0.5040322580645161,0.5007115749525617,0.8095351043643264,0.7824952561669829,0.5040322580645161,0.637245018975332
PRV52427,0,1,1,0,0.0,3300.0,3300.0,0.0,2,6600.0,0.5007115749525617,0.7590132827324478,0.7374288425047438,0.5040322580645161,0.5007115749525617,0.8095351043643264,0.7824952561669829,0.5040322580645161,0.637245018975332
PRV52432,0,1,1,0,0.0,3300.0,3300.0,0.0,2,6600.0,0.5007115749525617,0.7590132827324478,0.7374288425047438,0.5040322580645161,0.5007115749525617,0.8095351043643264,0.7824952561669829,0.5040322580645161,0.637245018975332
PRV52441,0,1,1,0,0.0,3300.0,3300.0,0.0,2,6600.0,0.5007115749525617,0.7590132827324478,0.7374288425047438,0.5040322580645161,0.5007115749525617,0.8095351043643264,0.7824952561669829,0.5040322580645161,0.637245018975332
PRV52451,0,1,1,0,0.0,3300.0,3300.0,0.0,2,6600.0,0.5007115749525617,0.7590132827324478,0.7374288425047438,0.5040322580645161,0.5007115749525617,0.8095351043643264,0.7824952561669829,0.5040322580645161,0.637245018975332
PRV52472,0,1,1,0,0.0,3300.0,3300.0,0.0,2,6600.0,0.5007115749525617,0.7590132827324478,0.7374288425047438,0.5040322580645161,0.5007115749525617,0.8095351043643264,0.7824952561669829,0.5040322580645161,0.637245018975332
PRV52488,0,1,1,0,0.0,3300.0,3300.0,0.0,2,6600.0,0.5007115749525617,0.7590132827324478,0.7374288425047438,0.5040322580645161,0.5007115749525617,0.8095351043643264,0.7824952561669829,0.5040322580645161,0.637245018975332
PRV52499,0,1,1,0,0.0,3300.0,3300.0,0.0,2,6600.0,0.5007115749525617,0.7590132827324478,0.7374288425047438,0.5040322580645161,0.5007115749525617,0.8095351043643264,0.7824952561669829,0.5040322580645161,0.637245018975332
PRV52514,0,1,1,0,0.0,3300.0,3300.0,0.0,2,6600.0,0.5007115749525617,0.7590132827324478,0.7374288425047438,0.5040322580645161,0.5007115749525617,0.8095351043643264,0.7824952561669829,0.5040322580645161,0.637245018975332
PRV52542,0,1,1,0,0.0,3300.0,3300.0,0.0,2,6600.0,0.5007115749525617,0.7590132827324478,0.7374288425047438,0.5040322580645161,0.5007115749525617,0.8095351043643264,0.7824952561669829,0.5040322580645161,0.637245018975332
PRV52555,0,1,1,0,0.0,3300.0,3300.0,0.0,2,6600.0,0.5007115749525617,0.7590132827324478,0.7374288425047438,0.5040322580645161,0.5007115749525617,0.8095351043643264,0.7824952561669829,0.5040322580645161,0.637245018975332
PRV52566,0,1,1,0,0.0,3300.0,3300.0,0.0,2,6600.0,0.5007115749525617,0.7590132827324478,0.7374288425047438,0.5040322580645161,0.5007115749525617,0.8095351043643264,0.7824952561669829,0.5040322580645161,0.637245018975332
PRV52570,0,1,1,0,0.0,3300.0,3300.0,0.0,2,6600.0,0.5007115749525617,0.7590132827324478,0.7374288425047438,0.5040322580645161,0.5007115749525617,0.8095351043643264,0.7824952561669829,0.5040322580645161,0.637245018975332
PRV52575,0,1,1,0,0.0,3300.0,3300.0,0.0,2,6600.0,0.5007115749525617,0.7590132827324478,0.7374288425047438,0.5040322580645161,0.5007115749525617,0.8095351043643264,0.7824952561669829,0.5040322580645161,0.637245018975332
PRV52578,0,1,1,0,0.0,3300.0,3300.0,0.0,2,6600.0,0.5007115749525617,0.7590132827324478,0.7374288425047438,0.5040322580645161,0.5007115749525617,0.8095351043643264,0.7824952561669829,0.5040322580645161,0.637245018975332
PRV52581,0,1,1,0,0.0,3300.0,3300.0,0.0,2,6600.0,0.5007115749525617,0.7590132827324478,0.7374288425047438,0.5040322580645161,0.5007115749525617,0.8095351043643264,0.7824952561669829,0.5040322580645161,0.637245018975332
PRV52587,0,1,1,0,0.0,3300.0,3300.0,0.0,2,6600.0,0.5007115749525617,0.7590132827324478,0.7374288425047438,0.5040322580645161,0.5007115749525617,0.8095351043643264,0.7824952561669829,0.5040322580645161,0.637245018975332
PRV52591,0,1,1,0,0.0,3300.0,3300.0,0.0,2,6600.0,0.5007115749525617,0.7590132827324478,0.7374288425047438,0.5040322580645161,0.5007115749525617,0.8095351043643264,0.7824952561669829,0.5040322580645161,0.637245018975332
PRV52598,0,1,1,0,0.0,3300.0,3300.0,0.0,2,6600.0,0.5007115749525617,0.7590132827324478,0.7374288425047438,0.5040322580645161,0.5007115749525617,0.8095351043643264,0.7824952561669829,0.5040322580645161,0.637245018975332
PRV52604,0,1,1,0,0.0,3300.0,3300.0,0.0,2,6600.0,0.5007115749525617,0.7590132827324478,0.7374288425047438,0.5040322580645161,0.5007115749525617,0.8095351043643264,0.7824952561669829,0.5040322580645161,0.637245018975332
PRV52607,0,1,1,0,0.0,3300.0,3300.0,0.0,2,6600.0,0.5007115749525617,0.7590132827324478,0.7374288425047438,0.5040322580645161,0.5007115749525617,0.8095351043643264,0.7824952561669829,0.5040322580645161,0.637245018975332
PRV52643,0,1,1,0,0.0,3300.0,3300.0,0.0,2,6600.0,0.5007115749525617,0.7590132827324478,0.7374288425047438,0.5040322580645161,0.5007115749525617,0.8095351043643264,0.7824952561669829,0.5040322580645161,0.637245018975332
PRV52698,0,1,1,0,0.0,3300.0,3300.0,0.0,2,6600.0,0.5007115749525617,0.7590132827324478,0.7374288425047438,0.5040322580645161,0.5007115749525617,0.8095351043643264,0.7824952561669829,0.5040322580645161,0.637245018975332
PRV52700,0,1,1,0,0.0,3300.0,3300.0,0.0,2,6600.0,0.5007115749525617,0.7590132827324478,0.7374288425047438,0.5040322580645161,0.5007115749525617,0.8095351043643264,0.7824952561669829,0.5040322580645161,0.637245018975332
PRV52701,0,1,1,0,0.0,3300.0,3300.0,0.0,2,6600.0,0.5007115749525617,0.7590132827324478,0.7374288425047438,0.5040322580645161,0.5007115749525617,0.8095351043643264,0.7824952561669829,0.5040322580645161,0.637245018975332
PRV52704,0,1,1,0,0.0,3300.0,3300.0,0.0,2,6600.0,0.5007115749525617,0.7590132827324478,0.7374288425047438,0.5040322580645161,0.5007115749525617,0.8095351043643264,0.7824952561669829,0.5040322580645161,0.637245018975332
PRV52708,0,1,1,0,0.0,3300.0,3300.0,0.0,2,6600.0,0.5007115749525617,0.7590132827324478,0.7374288425047438,0.5040322580645161,0.5007115749525617,0.8095351043643264,0.7824952561669829,0.5040322580645161,0.637245018975332
PRV52711,0,1,1,0,0.0,3300.0,3300.0,0.0,2,6600.0,0.5007115749525617,0.7590132827324478,0.7374288425047438,0.5040322580645161,0.5007115749525617,0.8095351043643264,0.7824952561669829,0.5040322580645161,0.637245018975332
PRV52768,0,1,1,0,0.0,3300.0,3300.0,0.0,2,6600.0,0.5007115749525617,0.7590132827324478,0.7374288425047438,0.5040322580645161,0.5007115749525617,0.8095351043643264,0.7824952561669829,0.5040322580645161,0.637245018975332
PRV52796,0,1,1,0,0.0,3300.0,3300.0,0.0,2,6600.0,0.5007115749525617,0.7590132827324478,0.7374288425047438,0.5040322580645161,0.5007115749525617,0.8095351043643264,0.7824952561669829,0.5040322580645161,0.637245018975332
PRV52824,0,1,1,0,0.0,3300.0,3300.0,0.0,2,6600.0,0.5007115749525617,0.7590132827324478,0.7374288425047438,0.5040322580645161,0.5007115749525617,0.8095351043643264,0.7824952561669829,0.5040322580645161,0.637245018975332
PRV52835,0,1,1,0,0.0,3300.0,3300.0,0.0,2,6600.0,0.5007115749525617,0.7590132827324478,0.7374288425047438,0.5040322580645161,0.5007115749525617,0.8095351043643264,0.7824952561669829,0.5040322580645161,0.637245018975332
PRV52838,0,1,1,0,0.0,3300.0,3300.0,0.0,2,6600.0,0.5007115749525617,0.7590132827324478,0.7374288425047438,0.5040322580645161,0.5007115749525617,0.8095351043643264,0.7824952561669829,0.5040322580645161,0.637245018975332
PRV52839,0,1,1,0,0.0,3300.0,3300.0,0.0,2,6600.0,0.5007115749525617,0.7590132827324478,0.7374288425047438,0.5040322580645161,0.5007115749525617,0.8095351043643264,0.7824952561669829,0.5040322580645161,0.637245018975332
PRV52844,0,1,1,0,0.0,3300.0,3300.0,0.0,2,6600.0,0.5007115749525617,0.7590132827324478,0.7374288425047438,0.5040322580645161,0.5007115749525617,0.8095351043643264,0.7824952561669829,0.5040322580645161,0.637245018975332
PRV52850,0,1,1,0,0.0,3300.0,3300.0,0.0,2,6600.0,0.5007115749525617,0.7590132827324478,0.7374288425047438,0.5040322580645161,0.5007115749525617,0.8095351043643264,0.7824952561669829,0.5040322580645161,0.637245018975332
PRV52853,0,1,1,0,0.0,3300.0,3300.0,0.0,2,6600.0,0.5007115749525617,0.7590132827324478,0.7374288425047438,0.5040322580645161,0.5007115749525617,0.8095351043643264,0.7824952561669829,0.5040322580645161,0.637245018975332
PRV52855,0,1,1,0,0.0,3300.0,3300.0,0.0,2,6600.0,0.5007115749525617,0.7590132827324478,0.7374288425047438,0.5040322580645161,0.5007115749525617,0.8095351043643264,0.7824952561669829,0.5040322580645161,0.637245018975332
PRV52858,0,1,1,0,0.0,3300.0,3300.0,0.0,2,6600.0,0.5007115749525617,0.7590132827324478,0.7374288425047438,0.5040322580645161,0.5007115749525617,0.8095351043643264,0.7824952561669829,0.5040322580645161,0.637245018975332
PRV52863,0,1,1,0,0.0,3300.0,3300.0,0.0,2,6600.0,0.5007115749525617,0.7590132827324478,0.7374288425047438,0.5040322580645161,0.5007115749525617,0.8095351043643264,0.7824952561669829,0.5040322580645161,0.637245018975332
PRV52864,0,1,1,0,0.0,3300.0,3300.0,0.0,2,6600.0,0.5007115749525617,0.7590132827324478,0.7374288425047438,0.5040322580645161,0.5007115749525617,0.8095351043643264,0.7824952561669829,0.5040322580645161,0.637245018975332
PRV52868,0,1,1,0,0.0,3300.0,3300.0,0.0,2,6600.0,0.5007115749525617,0.7590132827324478,0.7374288425047438,0.5040322580645161,0.5007115749525617,0.8095351043643264,0.7824952561669829,0.5040322580645161,0.637245018975332
PRV52879,0,1,1,0,0.0,3300.0,3300.0,0.0,2,6600.0,0.5007115749525617,0.7590132827324478,0.7374288425047438,0.5040322580645161,0.5007115749525617,0.8095351043643264,0.7824952561669829,0.5040322580645161,0.637245018975332
PRV52882,0,1,1,0,0.0,3300.0,3300.0,0.0,2,6600.0,0.5007115749525617,0.7590132827324478,0.7374288425047438,0.5040322580645161,0.5007115749525617,0.8095351043643264,0.7824952561669829,0.5040322580645161,0.637245018975332
PRV52890,0,1,1,0,0.0,3300.0,3300.0,0.0,2,6600.0,0.5007115749525617,0.7590132827324478,0.7374288425047438,0.5040322580645161,0.5007115749525617,0.8095351043643264,0.7824952561669829,0.5040322580645161,0.637245018975332
PRV52918,0,1,1,0,0.0,3300.0,3300.0,0.0,2,6600.0,0.5007115749525617,0.7590132827324478,0.7374288425047438,0.5040322580645161,0.5007115749525617,0.8095351043643264,0.7824952561669829,0.5040322580645161,0.637245018975332
PRV52919,0,1,1,0,0.0,3300.0,3300.0,0.0,2,6600.0,0.5007115749525617,0.7590132827324478,0.7374288425047438,0.5040322580645161,0.5007115749525617,0.8095351043643264,0.7824952561669829,0.5040322580645161,0.637245018975332
PRV52930,0,1,1,0,0.0,3300.0,3300.0,0.0,2,6600.0,0.5007115749525617,0.7590132827324478,0.7374288425047438,0.5040322580645161,0.5007115749525617,0.8095351043643264,0.7824952561669829,0.5040322580645161,0.637245018975332
PRV52937,0,1,1,0,0.0,3300.0,3300.0,0.0,2,6600.0,0.5007115749525617,0.7590132827324478,0.7374288425047438,0.5040322580645161,0.5007115749525617,0.8095351043643264,0.7824952561669829,0.5040322580645161,0.637245018975332
PRV52938,0,1,1,0,0.0,3300.0,3300.0,0.0,2,6600.0,0.5007115749525617,0.7590132827324478,0.7374288425047438,0.5040322580645161,0.5007115749525617,0.8095351043643264,0.7824952561669829,0.5040322580645161,0.637245018975332
PRV52949,0,1,1,0,0.0,3300.0,3300.0,0.0,2,6600.0,0.5007115749525617,0.7590132827324478,0.7374288425047438,0.5040322580645161,0.5007115749525617,0.8095351043643264,0.7824952561669829,0.5040322580645161,0.637245018975332
PRV52951,0,1,1,0,0.0,3300.0,3300.0,0.0,2,6600.0,0.5007115749525617,0.7590132827324478,0.7374288425047438,0.5040322580645161,0.5007115749525617,0.8095351043643264,0.7824952561669829,0.5040322580645161,0.637245018975332
PRV52953,0,1,1,0,0.0,3300.0,3300.0,0.0,2,6600.0,0.5007115749525617,0.7590132827324478,0.7374288425047438,0.5040322580645161,0.5007115749525617,0.8095351043643264,0.7824952561669829,0.5040322580645161,0.637245018975332
PRV52964,0,1,1,0,0.0,3300.0,3300.0,0.0,2,6600.0,0.5007115749525617,0.7590132827324478,0.7374288425047438,0.5040322580645161,0.5007115749525617,0.8095351043643264,0.7824952561669829,0.5040322580645161,0.637245018975332
PRV52990,0,1,1,0,0.0,3300.0,3300.0,0.0,2,6600.0,0.5007115749525617,0.7590132827324478,0.7374288425047438,0.5040322580645161,0.5007115749525617,0.8095351043643264,0.7824952561669829,0.5040322580645161,0.637245018975332
PRV52991,0,1,1,0,0.0,3300.0,3300.0,0.0,2,6600.0,0.5007115749525617,0.7590132827324478,0.7374288425047438,0.5040322580645161,0.5007115749525617,0.8095351043643264,0.7824952561669829,0.5040322580645161,0.637245018975332
PRV52996,0,1,1,0,0.0,3300.0,3300.0,0.0,2,6600.0,0.5007115749525617,0.7590132827324478,0.7374288425047438,0.5040322580645161,0.5007115749525617,0.8095351043643264,0.7824952561669829,0.5040322580645161,0.637245018975332
PRV52999,0,1,1,0,0.0,3300.0,3300.0,0.0,2,6600.0,0.5007115749525617,0.7590132827324478,0.7374288425047438,0.5040322580645161,0.5007115749525617,0.8095351043643264,0.7824952561669829,0.5040322580645161,0.637245018975332
PRV53021,0,1,1,0,0.0,3300.0,3300.0,0.0,2,6600.0,0.5007115749525617,0.7590132827324478,0.7374288425047438,0.5040322580645161,0.5007115749525617,0.8095351043643264,0.7824952561669829,0.5040322580645161,0.637245018975332
PRV53026,0,1,1,0,0.0,3300.0,3300.0,0.0,2,6600.0,0.5007115749525617,0.7590132827324478,0.7374288425047438,0.5040322580645161,0.5007115749525617,0.8095351043643264,0.7824952561669829,0.5040322580645161,0.637245018975332
PRV53034,0,1,1,0,0.0,3300.0,3300.0,0.0,2,6600.0,0.5007115749525617,0.7590132827324478,0.7374288425047438,0.5040322580645161,0.5007115749525617,0.8095351043643264,0.7824952561669829,0.5040322580645161,0.637245018975332
PRV53036,0,1,1,0,0.0,3300.0,3300.0,0.0,2,6600.0,0.5007115749525617,0.7590132827324478,0.7374288425047438,0.5040322580645161,0.5007115749525617,0.8095351043643264,0.7824952561669829,0.5040322580645161,0.637245018975332
PRV53037,0,1,1,0,0.0,3300.0,3300.0,0.0,2,6600.0,0.5007115749525617,0.7590132827324478,0.7374288425047438,0.5040322580645161,0.5007115749525617,0.8095351043643264,0.7824952561669829,0.5040322580645161,0.637245018975332
PRV53042,0,1,1,0,0.0,3300.0,3300.0,0.0,2,6600.0,0.5007115749525617,0.7590132827324478,0.7374288425047438,0.5040322580645161,0.5007115749525617,0.8095351043643264,0.7824952561669829,0.5040322580645161,0.637245018975332
PRV53054,0,1,1,0,0.0,3300.0,3300.0,0.0,2,6600.0,0.5007115749525617,0.7590132827324478,0.7374288425047438,0.5040322580645161,0.5007115749525617,0.8095351043643264,0.7824952561669829,0.5040322580645161,0.637245018975332
PRV53055,0,1,1,0,0.0,3300.0,3300.0,0.0,2,6600.0,0.5007115749525617,0.7590132827324478,0.7374288425047438,0.5040322580645161,0.5007115749525617,0.8095351043643264,0.7824952561669829,0.5040322580645161,0.637245018975332
PRV53057,0,1,1,0,0.0,3300.0,3300.0,0.0,2,6600.0,0.5007115749525617,0.7590132827324478,0.7374288425047438,0.5040322580645161,0.5007115749525617,0.8095351043643264,0.7824952561669829,0.5040322580645161,0.637245018975332
PRV53067,0,1,1,0,0.0,3300.0,3300.0,0.0,2,6600.0,0.5007115749525617,0.7590132827324478,0.7374288425047438,0.5040322580645161,0.5007115749525617,0.8095351043643264,0.7824952561669829,0.5040322580645161,0.637245018975332
PRV53071,0,1,1,0,0.0,3300.0,3300.0,0.0,2,6600.0,0.5007115749525617,0.7590132827324478,0.7374288425047438,0.5040322580645161,0.5007115749525617,0.8095351043643264,0.7824952561669829,0.5040322580645161,0.637245018975332
PRV53087,0,1,1,0,0.0,3300.0,3300.0,0.0,2,6600.0,0.5007115749525617,0.7590132827324478,0.7374288425047438,0.5040322580645161,0.5007115749525617,0.8095351043643264,0.7824952561669829,0.5040322580645161,0.637245018975332
PRV53100,0,1,1,0,0.0,3300.0,3300.0,0.0,2,6600.0,0.5007115749525617,0.7590132827324478,0.7374288425047438,0.5040322580645161,0.5007115749525617,0.8095351043643264,0.7824952561669829,0.5040322580645161,0.637245018975332
PRV53109,0,1,1,0,0.0,3300.0,3300.0,0.0,2,6600.0,0.5007115749525617,0.7590132827324478,0.7374288425047438,0.5040322580645161,0.5007115749525617,0.8095351043643264,0.7824952561669829,0.5040322580645161,0.637245018975332
PRV53110,0,1,1,0,0.0,3300.0,3300.0,0.0,2,6600.0,0.5007115749525617,0.7590132827324478,0.7374288425047438,0.5040322580645161,0.5007115749525617,0.8095351043643264,0.7824952561669829,0.5040322580645161,0.637245018975332
PRV53111,0,1,1,0,0.0,3300.0,3300.0,0.0,2,6600.0,0.5007115749525617,0.7590132827324478,0.7374288425047438,0.5040322580645161,0.5007115749525617,0.8095351043643264,0.7824952561669829,0.5040322580645161,0.637245018975332
PRV53122,0,1,1,0,0.0,3300.0,3300.0,0.0,2,6600.0,0.5007115749525617,0.7590132827324478,0.7374288425047438,0.5040322580645161,0.5007115749525617,0.8095351043643264,0.7824952561669829,0.5040322580645161,0.637245018975332
PRV53147,0,1,1,0,0.0,3300.0,3300.0,0.0,2,6600.0,0.5007115749525617,0.7590132827324478,0.7374288425047438,0.5040322580645161,0.5007115749525617,0.8095351043643264,0.7824952561669829,0.5040322580645161,0.637245018975332
PRV53153,0,1,1,0,0.0,3300.0,3300.0,0.0,2,6600.0,0.5007115749525617,0.7590132827324478,0.7374288425047438,0.5040322580645161,0.5007115749525617,0.8095351043643264,0.7824952561669829,0.5040322580645161,0.637245018975332
PRV53156,0,1,1,0,0.0,3300.0,3300.0,0.0,2,6600.0,0.5007115749525617,0.7590132827324478,0.7374288425047438,0.5040322580645161,0.5007115749525617,0.8095351043643264,0.7824952561669829,0.5040322580645161,0.637245018975332
PRV53179,0,1,1,0,0.0,3300.0,3300.0,0.0,2,6600.0,0.5007115749525617,0.7590132827324478,0.7374288425047438,0.5040322580645161,0.5007115749525617,0.8095351043643264,0.7824952561669829,0.5040322580645161,0.637245018975332
PRV53186,0,1,1,0,0.0,3300.0,3300.0,0.0,2,6600.0,0.5007115749525617,0.7590132827324478,0.7374288425047438,0.5040322580645161,0.5007115749525617,0.8095351043643264,0.7824952561669829,0.5040322580645161,0.637245018975332
PRV53192,0,1,1,0,0.0,3300.0,3300.0,0.0,2,6600.0,0.5007115749525617,0.7590132827324478,0.7374288425047438,0.5040322580645161,0.5007115749525617,0.8095351043643264,0.7824952561669829,0.5040322580645161,0.637245018975332
PRV53216,0,1,1,0,0.0,3300.0,3300.0,0.0,2,6600.0,0.5007115749525617,0.7590132827324478,0.7374288425047438,0.5040322580645161,0.5007115749525617,0.8095351043643264,0.7824952561669829,0.5040322580645161,0.637245018975332
PRV53227,0,1,1,0,0.0,3300.0,3300.0,0.0,2,6600.0,0.5007115749525617,0.7590132827324478,0.7374288425047438,0.5040322580645161,0.5007115749525617,0.8095351043643264,0.7824952561669829,0.5040322580645161,0.637245018975332
PRV53229,0,1,1,0,0.0,3300.0,3300.0,0.0,2,6600.0,0.5007115749525617,0.7590132827324478,0.7374288425047438,0.5040322580645161,0.5007115749525617,0.8095351043643264,0.7824952561669829,0.5040322580645161,0.637245018975332
PRV53232,0,1,1,0,0.0,3300.0,3300.0,0.0,2,6600.0,0.5007115749525617,0.7590132827324478,0.7374288425047438,0.5040322580645161,0.5007115749525617,0.8095351043643264,0.7824952561669829,0.5040322580645161,0.637245018975332
PRV53238,0,1,1,0,0.0,3300.0,3300.0,0.0,2,6600.0,0.5007115749525617,0.7590132827324478,0.7374288425047438,0.5040322580645161,0.5007115749525617,0.8095351043643264,0.7824952561669829,0.5040322580645161,0.637245018975332
PRV53246,0,1,1,0,0.0,3300.0,3300.0,0.0,2,6600.0,0.5007115749525617,0.7590132827324478,0.7374288425047438,0.5040322580645161,0.5007115749525617,0.8095351043643264,0.7824952561669829,0.5040322580645161,0.637245018975332
PRV53251,0,1,1,0,0.0,3300.0,3300.0,0.0,2,6600.0,0.5007115749525617,0.7590132827324478,0.7374288425047438,0.5040322580645161,0.5007115749525617,0.8095351043643264,0.7824952561669829,0.5040322580645161,0.637245018975332
PRV53255,0,1,1,0,0.0,3300.0,3300.0,0.0,2,6600.0,0.5007115749525617,0.7590132827324478,0.7374288425047438,0.5040322580645161,0.5007115749525617,0.8095351043643264,0.7824952561669829,0.5040322580645161,0.637245018975332
PRV53269,0,1,1,0,0.0,3300.0,3300.0,0.0,2,6600.0,0.5007115749525617,0.7590132827324478,0.7374288425047438,0.5040322580645161,0.5007115749525617,0.8095351043643264,0.7824952561669829,0.5040322580645161,0.637245018975332
PRV53289,0,1,1,0,0.0,3300.0,3300.0,0.0,2,6600.0,0.5007115749525617,0.7590132827324478,0.7374288425047438,0.5040322580645161,0.5007115749525617,0.8095351043643264,0.7824952561669829,0.5040322580645161,0.637245018975332
PRV53303,0,1,1,0,0.0,3300.0,3300.0,0.0,2,6600.0,0.5007115749525617,0.7590132827324478,0.7374288425047438,0.5040322580645161,0.5007115749525617,0.8095351043643264,0.7824952561669829,0.5040322580645161,0.637245018975332
PRV53305,0,1,1,0,0.0,3300.0,3300.0,0.0,2,6600.0,0.5007115749525617,0.7590132827324478,0.7374288425047438,0.5040322580645161,0.5007115749525617,0.8095351043643264,0.7824952561669829,0.5040322580645161,0.637245018975332
PRV53315,0,1,1,0,0.0,3300.0,3300.0,0.0,2,6600.0,0.5007115749525617,0.7590132827324478,0.7374288425047438,0.5040322580645161,0.5007115749525617,0.8095351043643264,0.7824952561669829,0.5040322580645161,0.637245018975332
PRV53335,0,1,1,0,0.0,3300.0,3300.0,0.0,2,6600.0,0.5007115749525617,0.7590132827324478,0.7374288425047438,0.5040322580645161,0.5007115749525617,0.8095351043643264,0.7824952561669829,0.5040322580645161,0.637245018975332
PRV53342,0,1,1,0,0.0,3300.0,3300.0,0.0,2,6600.0,0.5007115749525617,0.7590132827324478,0.7374288425047438,0.5040322580645161,0.5007115749525617,0.8095351043643264,0.7824952561669829,0.5040322580645161,0.637245018975332
PRV53353,0,1,1,0,0.0,3300.0,3300.0,0.0,2,6600.0,0.5007115749525617,0.7590132827324478,0.7374288425047438,0.5040322580645161,0.5007115749525617,0.8095351043643264,0.7824952561669829,0.5040322580645161,0.637245018975332
PRV53361,0,1,1,0,0.0,3300.0,3300.0,0.0,2,6600.0,0.5007115749525617,0.7590132827324478,0.7374288425047438,0.5040322580645161,0.5007115749525617,0.8095351043643264,0.7824952561669829,0.5040322580645161,0.637245018975332
PRV53363,0,1,1,0,0.0,3300.0,3300.0,0.0,2,6600.0,0.5007115749525617,0.7590132827324478,0.7374288425047438,0.5040322580645161,0.5007115749525617,0.8095351043643264,0.7824952561669829,0.5040322580645161,0.637245018975332
PRV53364,0,1,1,0,0.0,3300.0,3300.0,0.0,2,6600.0,0.5007115749525617,0.7590132827324478,0.7374288425047438,0.5040322580645161,0.5007115749525617,0.8095351043643264,0.7824952561669829,0.5040322580645161,0.637245018975332
PRV53383,0,1,1,0,0.0,3300.0,3300.0,0.0,2,6600.0,0.5007115749525617,0.7590132827324478,0.7374288425047438,0.5040322580645161,0.5007115749525617,0.8095351043643264,0.7824952561669829,0.5040322580645161,0.637245018975332
PRV53386,0,1,1,0,0.0,3300.0,3300.0,0.0,2,6600.0,0.5007115749525617,0.7590132827324478,0.7374288425047438,0.5040322580645161,0.5007115749525617,0.8095351043643264,0.7824952561669829,0.5040322580645161,0.637245018975332
PRV53387,0,1,1,0,0.0,3300.0,3300.0,0.0,2,6600.0,0.5007115749525617,0.7590132827324478,0.7374288425047438,0.5040322580645161,0.5007115749525617,0.8095351043643264,0.7824952561669829,0.5040322580645161,0.637245018975332
PRV53389,0,1,1,0,0.0,3300.0,3300.0,0.0,2,6600.0,0.5007115749525617,0.7590132827324478,0.7374288425047438,0.5040322580645161,0.5007115749525617,0.8095351043643264,0.7824952561669829,0.5040322580645161,0.637245018975332
PRV53392,0,1,1,0,0.0,3300.0,3300.0,0.0,2,6600.0,0.5007115749525617,0.7590132827324478,0.7374288425047438,0.5040322580645161,0.5007115749525617,0.8095351043643264,0.7824952561669829,0.5040322580645161,0.637245018975332
PRV53408,0,1,1,0,0.0,3300.0,3300.0,0.0,2,6600.0,0.5007115749525617,0.7590132827324478,0.7374288425047438,0.5040322580645161,0.5007115749525617,0.8095351043643264,0.7824952561669829,0.5040322580645161,0.637245018975332
PRV53412,0,1,1,0,0.0,3300.0,3300.0,0.0,2,6600.0,0.5007115749525617,0.7590132827324478,0.7374288425047438,0.5040322580645161,0.5007115749525617,0.8095351043643264,0.7824952561669829,0.5040322580645161,0.637245018975332
PRV53415,0,1,1,0,0.0,3300.0,3300.0,0.0,2,6600.0,0.5007115749525617,0.7590132827324478,0.7374288425047438,0.5040322580645161,0.5007115749525617,0.8095351043643264,0.7824952561669829,0.5040322580645161,0.637245018975332
PRV53423,0,1,1,0,0.0,3300.0,3300.0,0.0,2,6600.0,0.5007115749525617,0.7590132827324478,0.7374288425047438,0.5040322580645161,0.5007115749525617,0.8095351043643264,0.7824952561669829,0.5040322580645161,0.637245018975332
PRV53440,0,1,1,0,0.0,3300.0,3300.0,0.0,2,6600.0,0.5007115749525617,0.7590132827324478,0.7374288425047438,0.5040322580645161,0.5007115749525617,0.8095351043643264,0.7824952561669829,0.5040322580645161,0.637245018975332
PRV53450,0,1,1,0,0.0,3300.0,3300.0,0.0,2,6600.0,0.5007115749525617,0.7590132827324478,0.7374288425047438,0.5040322580645161,0.5007115749525617,0.8095351043643264,0.7824952561669829,0.5040322580645161,0.637245018975332
PRV53465,0,1,1,0,0.0,3300.0,3300.0,0.0,2,6600.0,0.5007115749525617,0.7590132827324478,0.7374288425047438,0.5040322580645161,0.5007115749525617,0.8095351043643264,0.7824952561669829,0.5040322580645161,0.637245018975332
PRV53469,0,1,1,0,0.0,3300.0,3300.0,0.0,2,6600.0,0.5007115749525617,0.7590132827324478,0.7374288425047438,0.5040322580645161,0.5007115749525617,0.8095351043643264,0.7824952561669829,0.5040322580645161,0.637245018975332
PRV53470,0,1,1,0,0.0,3300.0,3300.0,0.0,2,6600.0,0.5007115749525617,0.7590132827324478,0.7374288425047438,0.5040322580645161,0.5007115749525617,0.8095351043643264,0.7824952561669829,0.5040322580645161,0.637245018975332
PRV53472,0,1,1,0,0.0,3300.0,3300.0,0.0,2,6600.0,0.5007115749525617,0.7590132827324478,0.7374288425047438,0.5040322580645161,0.5007115749525617,0.8095351043643264,0.7824952561669829,0.5040322580645161,0.637245018975332
PRV53482,0,1,1,0,0.0,3300.0,3300.0,0.0,2,6600.0,0.5007115749525617,0.7590132827324478,0.7374288425047438,0.5040322580645161,0.5007115749525617,0.8095351043643264,0.7824952561669829,0.5040322580645161,0.637245018975332
PRV53483,0,1,1,0,0.0,3300.0,3300.0,0.0,2,6600.0,0.5007115749525617,0.7590132827324478,0.7374288425047438,0.5040322580645161,0.5007115749525617,0.8095351043643264,0.7824952561669829,0.5040322580645161,0.637245018975332
PRV53499,0,1,1,0,0.0,3300.0,3300.0,0.0,2,6600.0,0.5007115749525617,0.7590132827324478,0.7374288425047438,0.5040322580645161,0.5007115749525617,0.8095351043643264,0.7824952561669829,0.5040322580645161,0.637245018975332
PRV53527,0,1,1,0,0.0,3300.0,3300.0,0.0,2,6600.0,0.5007115749525617,0.7590132827324478,0.7374288425047438,0.5040322580645161,0.5007115749525617,0.8095351043643264,0.7824952561669829,0.5040322580645161,0.637245018975332
PRV53533,0,1,1,0,0.0,3300.0,3300.0,0.0,2,6600.0,0.5007115749525617,0.7590132827324478,0.7374288425047438,0.5040322580645161,0.5007115749525617,0.8095351043643264,0.7824952561669829,0.5040322580645161,0.637245018975332
PRV53534,0,1,1,0,0.0,3300.0,3300.0,0.0,2,6600.0,0.5007115749525617,0.7590132827324478,0.7374288425047438,0.5040322580645161,0.5007115749525617,0.8095351043643264,0.7824952561669829,0.5040322580645161,0.637245018975332
PRV53535,0,1,1,0,0.0,3300.0,3300.0,0.0,2,6600.0,0.5007115749525617,0.7590132827324478,0.7374288425047438,0.5040322580645161,0.5007115749525617,0.8095351043643264,0.7824952561669829,0.5040322580645161,0.637245018975332
PRV53553,0,1,1,0,0.0,3300.0,3300.0,0.0,2,6600.0,0.5007115749525617,0.7590132827324478,0.7374288425047438,0.5040322580645161,0.5007115749525617,0.8095351043643264,0.7824952561669829,0.5040322580645161,0.637245018975332
PRV53556,0,1,1,0,0.0,3300.0,3300.0,0.0,2,6600.0,0.5007115749525617,0.7590132827324478,0.7374288425047438,0.5040322580645161,0.5007115749525617,0.8095351043643264,0.7824952561669829,0.5040322580645161,0.637245018975332
PRV53558,0,1,1,0,0.0,3300.0,3300.0,0.0,2,6600.0,0.5007115749525617,0.7590132827324478,0.7374288425047438,0.5040322580645161,0.5007115749525617,0.8095351043643264,0.7824952561669829,0.5040322580645161,0.637245018975332
PRV53561,0,1,1,0,0.0,3300.0,3300.0,0.0,2,6600.0,0.5007115749525617,0.7590132827324478,0.7374288425047438,0.5040322580645161,0.5007115749525617,0.8095351043643264,0.7824952561669829,0.5040322580645161,0.637245018975332
PRV53562,0,1,1,0,0.0,3300.0,3300.0,0.0,2,6600.0,0.5007115749525617,0.7590132827324478,0.7374288425047438,0.5040322580645161,0.5007115749525617,0.8095351043643264,0.7824952561669829,0.5040322580645161,0.637245018975332
PRV53573,0,1,1,0,0.0,3300.0,3300.0,0.0,2,6600.0,0.5007115749525617,0.7590132827324478,0.7374288425047438,0.5040322580645161,0.5007115749525617,0.8095351043643264,0.7824952561669829,0.5040322580645161,0.637245018975332
PRV53582,0,1,1,0,0.0,3300.0,3300.0,0.0,2,6600.0,0.5007115749525617,0.7590132827324478,0.7374288425047438,0.5040322580645161,0.5007115749525617,0.8095351043643264,0.7824952561669829,0.5040322580645161,0.637245018975332
PRV53594,0,1,1,0,0.0,3300.0,3300.0,0.0,2,6600.0,0.5007115749525617,0.7590132827324478,0.7374288425047438,0.5040322580645161,0.5007115749525617,0.8095351043643264,0.7824952561669829,0.5040322580645161,0.637245018975332
PRV53616,0,1,1,0,0.0,3300.0,3300.0,0.0,2,6600.0,0.5007115749525617,0.7590132827324478,0.7374288425047438,0.5040322580645161,0.5007115749525617,0.8095351043643264,0.7824952561669829,0.5040322580645161,0.637245018975332
PRV53617,0,1,1,0,0.0,3300.0,3300.0,0.0,2,6600.0,0.5007115749525617,0.7590132827324478,0.7374288425047438,0.5040322580645161,0.5007115749525617,0.8095351043643264,0.7824952561669829,0.5040322580645161,0.637245018975332
PRV53625,0,1,1,0,0.0,3300.0,3300.0,0.0,2,6600.0,0.5007115749525617,0.7590132827324478,0.7374288425047438,0.5040322580645161,0.5007115749525617,0.8095351043643264,0.7824952561669829,0.5040322580645161,0.637245018975332
PRV53627,0,1,1,0,0.0,3300.0,3300.0,0.0,2,6600.0,0.5007115749525617,0.7590132827324478,0.7374288425047438,0.5040322580645161,0.5007115749525617,0.8095351043643264,0.7824952561669829,0.5040322580645161,0.637245018975332
PRV53632,0,1,1,0,0.0,3300.0,3300.0,0.0,2,6600.0,0.5007115749525617,0.7590132827324478,0.7374288425047438,0.5040322580645161,0.5007115749525617,0.8095351043643264,0.7824952561669829,0.5040322580645161,0.637245018975332
PRV53633,0,1,1,0,0.0,3300.0,3300.0,0.0,2,6600.0,0.5007115749525617,0.7590132827324478,0.7374288425047438,0.5040322580645161,0.5007115749525617,0.8095351043643264,0.7824952561669829,0.5040322580645161,0.637245018975332
PRV53663,0,1,1,0,0.0,3300.0,3300.0,0.0,2,6600.0,0.5007115749525617,0.7590132827324478,0.7374288425047438,0.5040322580645161,0.5007115749525617,0.8095351043643264,0.7824952561669829,0.5040322580645161,0.637245018975332
PRV53681,0,1,1,0,0.0,3300.0,3300.0,0.0,2,6600.0,0.5007115749525617,0.7590132827324478,0.7374288425047438,0.5040322580645161,0.5007115749525617,0.8095351043643264,0.7824952561669829,0.5040322580645161,0.637245018975332
PRV53682,0,1,1,0,0.0,3300.0,3300.0,0.0,2,6600.0,0.5007115749525617,0.7590132827324478,0.7374288425047438,0.5040322580645161,0.5007115749525617,0.8095351043643264,0.7824952561669829,0.5040322580645161,0.637245018975332
PRV53694,0,1,1,0,0.0,3300.0,3300.0,0.0,2,6600.0,0.5007115749525617,0.7590132827324478,0.7374288425047438,0.5040322580645161,0.5007115749525617,0.8095351043643264,0.7824952561669829,0.5040322580645161,0.637245018975332
PRV53695,0,1,1,0,0.0,3300.0,3300.0,0.0,2,6600.0,0.5007115749525617,0.7590132827324478,0.7374288425047438,0.5040322580645161,0.5007115749525617,0.8095351043643264,0.7824952561669829,0.5040322580645161,0.637245018975332
PRV53708,0,1,1,0,0.0,3300.0,3300.0,0.0,2,6600.0,0.5007115749525617,0.7590132827324478,0.7374288425047438,0.5040322580645161,0.5007115749525617,0.8095351043643264,0.7824952561669829,0.5040322580645161,0.637245018975332
PRV53709,0,1,1,0,0.0,3300.0,3300.0,0.0,2,6600.0,0.5007115749525617,0.7590132827324478,0.7374288425047438,0.5040322580645161,0.5007115749525617,0.8095351043643264,0.7824952561669829,0.5040322580645161,0.637245018975332
PRV53720,0,1,1,0,0.0,3300.0,3300.0,0.0,2,6600.0,0.5007115749525617,0.7590132827324478,0.7374288425047438,0.5040322580645161,0.5007115749525617,0.8095351043643264,0.7824952561669829,0.5040322580645161,0.637245018975332
PRV53723,0,1,1,0,0.0,3300.0,3300.0,0.0,2,6600.0,0.5007115749525617,0.7590132827324478,0.7374288425047438,0.5040322580645161,0.5007115749525617,0.8095351043643264,0.7824952561669829,0.5040322580645161,0.637245018975332
PRV53756,0,1,1,0,0.0,3300.0,3300.0,0.0,2,6600.0,0.5007115749525617,0.7590132827324478,0.7374288425047438,0.5040322580645161,0.5007115749525617,0.8095351043643264,0.7824952561669829,0.5040322580645161,0.637245018975332
PRV53770,0,1,1,0,0.0,3300.0,3300.0,0.0,2,6600.0,0.5007115749525617,0.7590132827324478,0.7374288425047438,0.5040322580645161,0.5007115749525617,0.8095351043643264,0.7824952561669829,0.5040322580645161,0.637245018975332
PRV53775,0,1,1,0,0.0,3300.0,3300.0,0.0,2,6600.0,0.5007115749525617,0.7590132827324478,0.7374288425047438,0.5040322580645161,0.5007115749525617,0.8095351043643264,0.7824952561669829,0.5040322580645161,0.637245018975332
PRV53783,0,1,1,0,0.0,3300.0,3300.0,0.0,2,6600.0,0.5007115749525617,0.7590132827324478,0.7374288425047438,0.5040322580645161,0.5007115749525617,0.8095351043643264,0.7824952561669829,0.5040322580645161,0.637245018975332
PRV53792,0,1,1,0,0.0,3300.0,3300.0,0.0,2,6600.0,0.5007115749525617,0.7590132827324478,0.7374288425047438,0.5040322580645161,0.5007115749525617,0.8095351043643264,0.7824952561669829,0.5040322580645161,0.637245018975332
PRV53798,0,1,1,0,0.0,3300.0,3300.0,0.0,2,6600.0,0.5007115749525617,0.7590132827324478,0.7374288425047438,0.5040322580645161,0.5007115749525617,0.8095351043643264,0.7824952561669829,0.5040322580645161,0.637245018975332
PRV53801,0,1,1,0,0.0,3300.0,3300.0,0.0,2,6600.0,0.5007115749525617,0.7590132827324478,0.7374288425047438,0.5040322580645161,0.5007115749525617,0.8095351043643264,0.7824952561669829,0.5040322580645161,0.637245018975332
PRV53802,0,1,1,0,0.0,3300.0,3300.0,0.0,2,6600.0,0.5007115749525617,0.7590132827324478,0.7374288425047438,0.5040322580645161,0.5007115749525617,0.8095351043643264,0.7824952561669829,0.5040322580645161,0.637245018975332
PRV53880,0,1,1,0,0.0,3300.0,3300.0,0.0,2,6600.0,0.5007115749525617,0.7590132827324478,0.7374288425047438,0.5040322580645161,0.5007115749525617,0.8095351043643264,0.7824952561669829,0.5040322580645161,0.637245018975332
PRV53888,0,1,1,0,0.0,3300.0,3300.0,0.0,2,6600.0,0.5007115749525617,0.7590132827324478,0.7374288425047438,0.5040322580645161,0.5007115749525617,0.8095351043643264,0.7824952561669829,0.5040322580645161,0.637245018975332
PRV53891,0,1,1,0,0.0,3300.0,3300.0,0.0,2,6600.0,0.5007115749525617,0.7590132827324478,0.7374288425047438,0.5040322580645161,0.5007115749525617,0.8095351043643264,0.7824952561669829,0.5040322580645161,0.637245018975332
PRV53896,0,1,1,0,0.0,3300.0,3300.0,0.0,2,6600.0,0.5007115749525617,0.7590132827324478,0.7374288425047438,0.5040322580645161,0.5007115749525617,0.8095351043643264,0.7824952561669829,0.5040322580645161,0.637245018975332
PRV53910,0,1,1,0,0.0,3300.0,3300.0,0.0,2,6600.0,0.5007115749525617,0.7590132827324478,0.7374288425047438,0.5040322580645161,0.5007115749525617,0.8095351043643264,0.7824952561669829,0.5040322580645161,0.637245018975332
PRV53916,0,1,1,0,0.0,3300.0,3300.0,0.0,2,6600.0,0.5007115749525617,0.7590132827324478,0.7374288425047438,0.5040322580645161,0.5007115749525617,0.8095351043643264,0.7824952561669829,0.5040322580645161,0.637245018975332
PRV53917,0,1,1,0,0.0,3300.0,3300.0,0.0,2,6600.0,0.5007115749525617,0.7590132827324478,0.7374288425047438,0.5040322580645161,0.5007115749525617,0.8095351043643264,0.7824952561669829,0.5040322580645161,0.637245018975332
PRV53923,0,1,1,0,0.0,3300.0,3300.0,0.0,2,6600.0,0.5007115749525617,0.7590132827324478,0.7374288425047438,0.5040322580645161,0.5007115749525617,0.8095351043643264,0.7824952561669829,0.5040322580645161,0.637245018975332
PRV53928,0,1,1,0,0.0,3300.0,3300.0,0.0,2,6600.0,0.5007115749525617,0.7590132827324478,0.7374288425047438,0.5040322580645161,0.5007115749525617,0.8095351043643264,0.7824952561669829,0.5040322580645161,0.637245018975332
PRV53943,0,1,1,0,0.0,3300.0,3300.0,0.0,2,6600.0,0.5007115749525617,0.7590132827324478,0.7374288425047438,0.5040322580645161,0.5007115749525617,0.8095351043643264,0.7824952561669829,0.5040322580645161,0.637245018975332
PRV53944,0,1,1,0,0.0,3300.0,3300.0,0.0,2,6600.0,0.5007115749525617,0.7590132827324478,0.7374288425047438,0.5040322580645161,0.5007115749525617,0.8095351043643264,0.7824952561669829,0.5040322580645161,0.637245018975332
PRV53945,0,1,1,0,0.0,3300.0,3300.0,0.0,2,6600.0,0.5007115749525617,0.7590132827324478,0.7374288425047438,0.5040322580645161,0.5007115749525617,0.8095351043643264,0.7824952561669829,0.5040322580645161,0.637245018975332
PRV53964,0,1,1,0,0.0,3300.0,3300.0,0.0,2,6600.0,0.5007115749525617,0.7590132827324478,0.7374288425047438,0.5040322580645161,0.5007115749525617,0.8095351043643264,0.7824952561669829,0.5040322580645161,0.637245018975332
PRV53979,0,1,1,0,0.0,3300.0,3300.0,0.0,2,6600.0,0.5007115749525617,0.7590132827324478,0.7374288425047438,0.5040322580645161,0.5007115749525617,0.8095351043643264,0.7824952561669829,0.5040322580645161,0.637245018975332
PRV53983,0,1,1,0,0.0,3300.0,3300.0,0.0,2,6600.0,0.5007115749525617,0.7590132827324478,0.7374288425047438,0.5040322580645161,0.5007115749525617,0.8095351043643264,0.7824952561669829,0.5040322580645161,0.637245018975332
PRV53992,0,1,1,0,0.0,3300.0,3300.0,0.0,2,6600.0,0.5007115749525617,0.7590132827324478,0.7374288425047438,0.5040322580645161,0.5007115749525617,0.8095351043643264,0.7824952561669829,0.5040322580645161,0.637245018975332
PRV54000,0,1,1,0,0.0,3300.0,3300.0,0.0,2,6600.0,0.5007115749525617,0.7590132827324478,0.7374288425047438,0.5040322580645161,0.5007115749525617,0.8095351043643264,0.7824952561669829,0.5040322580645161,0.637245018975332
PRV54024,0,1,1,0,0.0,3300.0,3300.0,0.0,2,6600.0,0.5007115749525617,0.7590132827324478,0.7374288425047438,0.5040322580645161,0.5007115749525617,0.8095351043643264,0.7824952561669829,0.5040322580645161,0.637245018975332
PRV54025,0,1,1,0,0.0,3300.0,3300.0,0.0,2,6600.0,0.5007115749525617,0.7590132827324478,0.7374288425047438,0.5040322580645161,0.5007115749525617,0.8095351043643264,0.7824952561669829,0.5040322580645161,0.637245018975332
PRV54036,0,1,1,0,0.0,3300.0,3300.0,0.0,2,6600.0,0.5007115749525617,0.7590132827324478,0.7374288425047438,0.5040322580645161,0.5007115749525617,0.8095351043643264,0.7824952561669829,0.5040322580645161,0.637245018975332
PRV54037,0,1,1,0,0.0,3300.0,3300.0,0.0,2,6600.0,0.5007115749525617,0.7590132827324478,0.7374288425047438,0.5040322580645161,0.5007115749525617,0.8095351043643264,0.7824952561669829,0.5040322580645161,0.637245018975332
PRV54043,0,1,1,0,0.0,3300.0,3300.0,0.0,2,6600.0,0.5007115749525617,0.7590132827324478,0.7374288425047438,0.5040322580645161,0.5007115749525617,0.8095351043643264,0.7824952561669829,0.5040322580645161,0.637245018975332
PRV54049,0,1,1,0,0.0,3300.0,3300.0,0.0,2,6600.0,0.5007115749525617,0.7590132827324478,0.7374288425047438,0.5040322580645161,0.5007115749525617,0.8095351043643264,0.7824952561669829,0.5040322580645161,0.637245018975332
PRV54063,0,1,1,0,0.0,3300.0,3300.0,0.0,2,6600.0,0.5007115749525617,0.7590132827324478,0.7374288425047438,0.5040322580645161,0.5007115749525617,0.8095351043643264,0.7824952561669829,0.5040322580645161,0.637245018975332
PRV54065,0,1,1,0,0.0,3300.0,3300.0,0.0,2,6600.0,0.5007115749525617,0.7590132827324478,0.7374288425047438,0.5040322580645161,0.5007115749525617,0.8095351043643264,0.7824952561669829,0.5040322580645161,0.637245018975332
PRV54066,0,1,1,0,0.0,3300.0,3300.0,0.0,2,6600.0,0.5007115749525617,0.7590132827324478,0.7374288425047438,0.5040322580645161,0.5007115749525617,0.8095351043643264,0.7824952561669829,0.5040322580645161,0.637245018975332
PRV54085,0,1,1,0,0.0,3300.0,3300.0,0.0,2,6600.0,0.5007115749525617,0.7590132827324478,0.7374288425047438,0.5040322580645161,0.5007115749525617,0.8095351043643264,0.7824952561669829,0.5040322580645161,0.637245018975332
PRV54091,0,1,1,0,0.0,3300.0,3300.0,0.0,2,6600.0,0.5007115749525617,0.7590132827324478,0.7374288425047438,0.5040322580645161,0.5007115749525617,0.8095351043643264,0.7824952561669829,0.5040322580645161,0.637245018975332
PRV54106,0,1,1,0,0.0,3300.0,3300.0,0.0,2,6600.0,0.5007115749525617,0.7590132827324478,0.7374288425047438,0.5040322580645161,0.5007115749525617,0.8095351043643264,0.7824952561669829,0.5040322580645161,0.637245018975332
PRV54125,0,1,1,0,0.0,3300.0,3300.0,0.0,2,6600.0,0.5007115749525617,0.7590132827324478,0.7374288425047438,0.5040322580645161,0.5007115749525617,0.8095351043643264,0.7824952561669829,0.5040322580645161,0.637245018975332
PRV54127,0,1,1,0,0.0,3300.0,3300.0,0.0,2,6600.0,0.5007115749525617,0.7590132827324478,0.7374288425047438,0.5040322580645161,0.5007115749525617,0.8095351043643264,0.7824952561669829,0.5040322580645161,0.637245018975332
PRV54166,0,1,1,0,0.0,3300.0,3300.0,0.0,2,6600.0,0.5007115749525617,0.7590132827324478,0.7374288425047438,0.5040322580645161,0.5007115749525617,0.8095351043643264,0.7824952561669829,0.5040322580645161,0.637245018975332
PRV54171,0,1,1,0,0.0,3300.0,3300.0,0.0,2,6600.0,0.5007115749525617,0.7590132827324478,0.7374288425047438,0.5040322580645161,0.5007115749525617,0.8095351043643264,0.7824952561669829,0.5040322580645161,0.637245018975332
PRV54194,0,1,1,0,0.0,3300.0,3300.0,0.0,2,6600.0,0.5007115749525617,0.7590132827324478,0.7374288425047438,0.5040322580645161,0.5007115749525617,0.8095351043643264,0.7824952561669829,0.5040322580645161,0.637245018975332
PRV54209,0,1,1,0,0.0,3300.0,3300.0,0.0,2,6600.0,0.5007115749525617,0.7590132827324478,0.7374288425047438,0.5040322580645161,0.5007115749525617,0.8095351043643264,0.7824952561669829,0.5040322580645161,0.637245018975332
PRV54219,0,1,1,0,0.0,3300.0,3300.0,0.0,2,6600.0,0.5007115749525617,0.7590132827324478,0.7374288425047438,0.5040322580645161,0.5007115749525617,0.8095351043643264,0.7824952561669829,0.5040322580645161,0.637245018975332
PRV54223,0,1,1,0,0.0,3300.0,3300.0,0.0,2,6600.0,0.5007115749525617,0.7590132827324478,0.7374288425047438,0.5040322580645161,0.5007115749525617,0.8095351043643264,0.7824952561669829,0.5040322580645161,0.637245018975332
PRV54224,0,1,1,0,0.0,3300.0,3300.0,0.0,2,6600.0,0.5007115749525617,0.7590132827324478,0.7374288425047438,0.5040322580645161,0.5007115749525617,0.8095351043643264,0.7824952561669829,0.5040322580645161,0.637245018975332
PRV54237,0,1,1,0,0.0,3300.0,3300.0,0.0,2,6600.0,0.5007115749525617,0.7590132827324478,0.7374288425047438,0.5040322580645161,0.5007115749525617,0.8095351043643264,0.7824952561669829,0.5040322580645161,0.637245018975332
PRV54245,0,1,1,0,0.0,3300.0,3300.0,0.0,2,6600.0,0.5007115749525617,0.7590132827324478,0.7374288425047438,0.5040322580645161,0.5007115749525617,0.8095351043643264,0.7824952561669829,0.5040322580645161,0.637245018975332
PRV54247,0,1,1,0,0.0,3300.0,3300.0,0.0,2,6600.0,0.5007115749525617,0.7590132827324478,0.7374288425047438,0.5040322580645161,0.5007115749525617,0.8095351043643264,0.7824952561669829,0.5040322580645161,0.637245018975332
PRV54254,0,1,1,0,0.0,3300.0,3300.0,0.0,2,6600.0,0.5007115749525617,0.7590132827324478,0.7374288425047438,0.5040322580645161,0.5007115749525617,0.8095351043643264,0.7824952561669829,0.5040322580645161,0.637245018975332
PRV54261,0,1,1,0,0.0,3300.0,3300.0,0.0,2,6600.0,0.5007115749525617,0.7590132827324478,0.7374288425047438,0.5040322580645161,0.5007115749525617,0.8095351043643264,0.7824952561669829,0.5040322580645161,0.637245018975332
PRV54269,0,1,1,0,0.0,3300.0,3300.0,0.0,2,6600.0,0.5007115749525617,0.7590132827324478,0.7374288425047438,0.5040322580645161,0.5007115749525617,0.8095351043643264,0.7824952561669829,0.5040322580645161,0.637245018975332
PRV54289,0,1,1,0,0.0,3300.0,3300.0,0.0,2,6600.0,0.5007115749525617,0.7590132827324478,0.7374288425047438,0.5040322580645161,0.5007115749525617,0.8095351043643264,0.7824952561669829,0.5040322580645161,0.637245018975332
PRV54295,0,1,1,0,0.0,3300.0,3300.0,0.0,2,6600.0,0.5007115749525617,0.7590132827324478,0.7374288425047438,0.5040322580645161,0.5007115749525617,0.8095351043643264,0.7824952561669829,0.5040322580645161,0.637245018975332
PRV54302,0,1,1,0,0.0,3300.0,3300.0,0.0,2,6600.0,0.5007115749525617,0.7590132827324478,0.7374288425047438,0.5040322580645161,0.5007115749525617,0.8095351043643264,0.7824952561669829,0.5040322580645161,0.637245018975332
PRV54313,0,1,1,0,0.0,3300.0,3300.0,0.0,2,6600.0,0.5007115749525617,0.7590132827324478,0.7374288425047438,0.5040322580645161,0.5007115749525617,0.8095351043643264,0.7824952561669829,0.5040322580645161,0.637245018975332
PRV54334,0,1,1,0,0.0,3300.0,3300.0,0.0,2,6600.0,0.5007115749525617,0.7590132827324478,0.7374288425047438,0.5040322580645161,0.5007115749525617,0.8095351043643264,0.7824952561669829,0.5040322580645161,0.637245018975332
PRV54354,0,1,1,0,0.0,3300.0,3300.0,0.0,2,6600.0,0.5007115749525617,0.7590132827324478,0.7374288425047438,0.5040322580645161,0.5007115749525617,0.8095351043643264,0.7824952561669829,0.5040322580645161,0.637245018975332
PRV54356,0,1,1,0,0.0,3300.0,3300.0,0.0,2,6600.0,0.5007115749525617,0.7590132827324478,0.7374288425047438,0.5040322580645161,0.5007115749525617,0.8095351043643264,0.7824952561669829,0.5040322580645161,0.637245018975332
PRV54368,0,1,1,0,0.0,3300.0,3300.0,0.0,2,6600.0,0.5007115749525617,0.7590132827324478,0.7374288425047438,0.5040322580645161,0.5007115749525617,0.8095351043643264,0.7824952561669829,0.5040322580645161,0.637245018975332
PRV54396,0,1,1,0,0.0,3300.0,3300.0,0.0,2,6600.0,0.5007115749525617,0.7590132827324478,0.7374288425047438,0.5040322580645161,0.5007115749525617,0.8095351043643264,0.7824952561669829,0.5040322580645161,0.637245018975332
PRV54415,0,1,1,0,0.0,3300.0,3300.0,0.0,2,6600.0,0.5007115749525617,0.7590132827324478,0.7374288425047438,0.5040322580645161,0.5007115749525617,0.8095351043643264,0.7824952561669829,0.5040322580645161,0.637245018975332
PRV54416,0,1,1,0,0.0,3300.0,3300.0,0.0,2,6600.0,0.5007115749525617,0.7590132827324478,0.7374288425047438,0.5040322580645161,0.5007115749525617,0.8095351043643264,0.7824952561669829,0.5040322580645161,0.637245018975332
PRV54427,0,1,1,0,0.0,3300.0,3300.0,0.0,2,6600.0,0.5007115749525617,0.7590132827324478,0.7374288425047438,0.5040322580645161,0.5007115749525617,0.8095351043643264,0.7824952561669829,0.5040322580645161,0.637245018975332
PRV54444,0,1,1,0,0.0,3300.0,3300.0,0.0,2,6600.0,0.5007115749525617,0.7590132827324478,0.7374288425047438,0.5040322580645161,0.5007115749525617,0.8095351043643264,0.7824952561669829,0.5040322580645161,0.637245018975332
PRV54471,0,1,1,0,0.0,3300.0,3300.0,0.0,2,6600.0,0.5007115749525617,0.7590132827324478,0.7374288425047438,0.5040322580645161,0.5007115749525617,0.8095351043643264,0.7824952561669829,0.5040322580645161,0.637245018975332
PRV54479,0,1,1,0,0.0,3300.0,3300.0,0.0,2,6600.0,0.5007115749525617,0.7590132827324478,0.7374288425047438,0.5040322580645161,0.5007115749525617,0.8095351043643264,0.7824952561669829,0.5040322580645161,0.637245018975332
PRV54489,0,1,1,0,0.0,3300.0,3300.0,0.0,2,6600.0,0.5007115749525617,0.7590132827324478,0.7374288425047438,0.5040322580645161,0.5007115749525617,0.8095351043643264,0.7824952561669829,0.5040322580645161,0.637245018975332
PRV54507,0,1,1,0,0.0,3300.0,3300.0,0.0,2,6600.0,0.5007115749525617,0.7590132827324478,0.7374288425047438,0.5040322580645161,0.5007115749525617,0.8095351043643264,0.7824952561669829,0.5040322580645161,0.637245018975332
PRV54508,0,1,1,0,0.0,3300.0,3300.0,0.0,2,6600.0,0.5007115749525617,0.7590132827324478,0.7374288425047438,0.5040322580645161,0.5007115749525617,0.8095351043643264,0.7824952561669829,0.5040322580645161,0.637245018975332
PRV54510,0,1,1,0,0.0,3300.0,3300.0,0.0,2,6600.0,0.5007115749525617,0.7590132827324478,0.7374288425047438,0.5040322580645161,0.5007115749525617,0.8095351043643264,0.7824952561669829,0.5040322580645161,0.637245018975332
PRV54515,0,1,1,0,0.0,3300.0,3300.0,0.0,2,6600.0,0.5007115749525617,0.7590132827324478,0.7374288425047438,0.5040322580645161,0.5007115749525617,0.8095351043643264,0.7824952561669829,0.5040322580645161,0.637245018975332
PRV54531,0,1,1,0,0.0,3300.0,3300.0,0.0,2,6600.0,0.5007115749525617,0.7590132827324478,0.7374288425047438,0.5040322580645161,0.5007115749525617,0.8095351043643264,0.7824952561669829,0.5040322580645161,0.637245018975332
PRV54537,0,1,1,0,0.0,3300.0,3300.0,0.0,2,6600.0,0.5007115749525617,0.7590132827324478,0.7374288425047438,0.5040322580645161,0.5007115749525617,0.8095351043643264,0.7824952561669829,0.5040322580645161,0.637245018975332
PRV54538,0,1,1,0,0.0,3300.0,3300.0,0.0,2,6600.0,0.5007115749525617,0.7590132827324478,0.7374288425047438,0.5040322580645161,0.5007115749525617,0.8095351043643264,0.7824952561669829,0.5040322580645161,0.637245018975332
PRV54539,0,1,1,0,0.0,3300.0,3300.0,0.0,2,6600.0,0.5007115749525617,0.7590132827324478,0.7374288425047438,0.5040322580645161,0.5007115749525617,0.8095351043643264,0.7824952561669829,0.5040322580645161,0.637245018975332
PRV54540,0,1,1,0,0.0,3300.0,3300.0,0.0,2,6600.0,0.5007115749525617,0.7590132827324478,0.7374288425047438,0.5040322580645161,0.5007115749525617,0.8095351043643264,0.7824952561669829,0.5040322580645161,0.637245018975332
PRV54561,0,1,1,0,0.0,3300.0,3300.0,0.0,2,6600.0,0.5007115749525617,0.7590132827324478,0.7374288425047438,0.5040322580645161,0.5007115749525617,0.8095351043643264,0.7824952561669829,0.5040322580645161,0.637245018975332
PRV54568,0,1,1,0,0.0,3300.0,3300.0,0.0,2,6600.0,0.5007115749525617,0.7590132827324478,0.7374288425047438,0.5040322580645161,0.5007115749525617,0.8095351043643264,0.7824952561669829,0.5040322580645161,0.637245018975332
PRV54569,0,1,1,0,0.0,3300.0,3300.0,0.0,2,6600.0,0.5007115749525617,0.7590132827324478,0.7374288425047438,0.5040322580645161,0.5007115749525617,0.8095351043643264,0.7824952561669829,0.5040322580645161,0.637245018975332
PRV54593,0,1,1,0,0.0,3300.0,3300.0,0.0,2,6600.0,0.5007115749525617,0.7590132827324478,0.7374288425047438,0.5040322580645161,0.5007115749525617,0.8095351043643264,0.7824952561669829,0.5040322580645161,0.637245018975332
PRV54597,0,1,1,0,0.0,3300.0,3300.0,0.0,2,6600.0,0.5007115749525617,0.7590132827324478,0.7374288425047438,0.5040322580645161,0.5007115749525617,0.8095351043643264,0.7824952561669829,0.5040322580645161,0.637245018975332
PRV54603,0,1,1,0,0.0,3300.0,3300.0,0.0,2,6600.0,0.5007115749525617,0.7590132827324478,0.7374288425047438,0.5040322580645161,0.5007115749525617,0.8095351043643264,0.7824952561669829,0.5040322580645161,0.637245018975332
PRV54608,0,1,1,0,0.0,3300.0,3300.0,0.0,2,6600.0,0.5007115749525617,0.7590132827324478,0.7374288425047438,0.5040322580645161,0.5007115749525617,0.8095351043643264,0.7824952561669829,0.5040322580645161,0.637245018975332
PRV54624,0,1,1,0,0.0,3300.0,3300.0,0.0,2,6600.0,0.5007115749525617,0.7590132827324478,0.7374288425047438,0.5040322580645161,0.5007115749525617,0.8095351043643264,0.7824952561669829,0.5040322580645161,0.637245018975332
PRV54643,0,1,1,0,0.0,3300.0,3300.0,0.0,2,6600.0,0.5007115749525617,0.7590132827324478,0.7374288425047438,0.5040322580645161,0.5007115749525617,0.8095351043643264,0.7824952561669829,0.5040322580645161,0.637245018975332
PRV54646,0,1,1,0,0.0,3300.0,3300.0,0.0,2,6600.0,0.5007115749525617,0.7590132827324478,0.7374288425047438,0.5040322580645161,0.5007115749525617,0.8095351043643264,0.7824952561669829,0.5040322580645161,0.637245018975332
PRV54651,0,1,1,0,0.0,3300.0,3300.0,0.0,2,6600.0,0.5007115749525617,0.7590132827324478,0.7374288425047438,0.5040322580645161,0.5007115749525617,0.8095351043643264,0.7824952561669829,0.5040322580645161,0.637245018975332
PRV54658,0,1,1,0,0.0,3300.0,3300.0,0.0,2,6600.0,0.5007115749525617,0.7590132827324478,0.7374288425047438,0.5040322580645161,0.5007115749525617,0.8095351043643264,0.7824952561669829,0.5040322580645161,0.637245018975332
PRV54695,0,1,1,0,0.0,3300.0,3300.0,0.0,2,6600.0,0.5007115749525617,0.7590132827324478,0.7374288425047438,0.5040322580645161,0.5007115749525617,0.8095351043643264,0.7824952561669829,0.5040322580645161,0.637245018975332
PRV54696,0,1,1,0,0.0,3300.0,3300.0,0.0,2,6600.0,0.5007115749525617,0.7590132827324478,0.7374288425047438,0.5040322580645161,0.5007115749525617,0.8095351043643264,0.7824952561669829,0.5040322580645161,0.637245018975332
PRV54726,0,1,1,0,0.0,3300.0,3300.0,0.0,2,6600.0,0.5007115749525617,0.7590132827324478,0.7374288425047438,0.5040322580645161,0.5007115749525617,0.8095351043643264,0.7824952561669829,0.5040322580645161,0.637245018975332
PRV54727,0,1,1,0,0.0,3300.0,3300.0,0.0,2,6600.0,0.5007115749525617,0.7590132827324478,0.7374288425047438,0.5040322580645161,0.5007115749525617,0.8095351043643264,0.7824952561669829,0.5040322580645161,0.637245018975332
PRV54737,0,1,1,0,0.0,3300.0,3300.0,0.0,2,6600.0,0.5007115749525617,0.7590132827324478,0.7374288425047438,0.5040322580645161,0.5007115749525617,0.8095351043643264,0.7824952561669829,0.5040322580645161,0.637245018975332
PRV54753,0,1,1,0,0.0,3300.0,3300.0,0.0,2,6600.0,0.5007115749525617,0.7590132827324478,0.7374288425047438,0.5040322580645161,0.5007115749525617,0.8095351043643264,0.7824952561669829,0.5040322580645161,0.637245018975332
PRV54757,0,1,1,0,0.0,3300.0,3300.0,0.0,2,6600.0,0.5007115749525617,0.7590132827324478,0.7374288425047438,0.5040322580645161,0.5007115749525617,0.8095351043643264,0.7824952561669829,0.5040322580645161,0.637245018975332
PRV54758,0,1,1,0,0.0,3300.0,3300.0,0.0,2,6600.0,0.5007115749525617,0.7590132827324478,0.7374288425047438,0.5040322580645161,0.5007115749525617,0.8095351043643264,0.7824952561669829,0.5040322580645161,0.637245018975332
PRV54759,0,1,1,0,0.0,3300.0,3300.0,0.0,2,6600.0,0.5007115749525617,0.7590132827324478,0.7374288425047438,0.5040322580645161,0.5007115749525617,0.8095351043643264,0.7824952561669829,0.5040322580645161,0.637245018975332
PRV54763,0,1,1,0,0.0,3300.0,3300.0,0.0,2,6600.0,0.5007115749525617,0.7590132827324478,0.7374288425047438,0.5040322580645161,0.5007115749525617,0.8095351043643264,0.7824952561669829,0.5040322580645161,0.637245018975332
PRV54764,0,1,1,0,0.0,3300.0,3300.0,0.0,2,6600.0,0.5007115749525617,0.7590132827324478,0.7374288425047438,0.5040322580645161,0.5007115749525617,0.8095351043643264,0.7824952561669829,0.5040322580645161,0.637245018975332
PRV54771,0,1,1,0,0.0,3300.0,3300.0,0.0,2,6600.0,0.5007115749525617,0.7590132827324478,0.7374288425047438,0.5040322580645161,0.5007115749525617,0.8095351043643264,0.7824952561669829,0.5040322580645161,0.637245018975332
PRV54779,0,1,1,0,0.0,3300.0,3300.0,0.0,2,6600.0,0.5007115749525617,0.7590132827324478,0.7374288425047438,0.5040322580645161,0.5007115749525617,0.8095351043643264,0.7824952561669829,0.5040322580645161,0.637245018975332
PRV54795,0,1,1,0,0.0,3300.0,3300.0,0.0,2,6600.0,0.5007115749525617,0.7590132827324478,0.7374288425047438,0.5040322580645161,0.5007115749525617,0.8095351043643264,0.7824952561669829,0.5040322580645161,0.637245018975332
PRV54809,0,1,1,0,0.0,3300.0,3300.0,0.0,2,6600.0,0.5007115749525617,0.7590132827324478,0.7374288425047438,0.5040322580645161,0.5007115749525617,0.8095351043643264,0.7824952561669829,0.5040322580645161,0.637245018975332
PRV54833,0,1,1,0,0.0,3300.0,3300.0,0.0,2,6600.0,0.5007115749525617,0.7590132827324478,0.7374288425047438,0.5040322580645161,0.5007115749525617,0.8095351043643264,0.7824952561669829,0.5040322580645161,0.637245018975332
PRV54847,0,1,1,0,0.0,3300.0,3300.0,0.0,2,6600.0,0.5007115749525617,0.7590132827324478,0.7374288425047438,0.5040322580645161,0.5007115749525617,0.8095351043643264,0.7824952561669829,0.5040322580645161,0.637245018975332
PRV54854,0,1,1,0,0.0,3300.0,3300.0,0.0,2,6600.0,0.5007115749525617,0.7590132827324478,0.7374288425047438,0.5040322580645161,0.5007115749525617,0.8095351043643264,0.7824952561669829,0.5040322580645161,0.637245018975332
PRV54859,0,1,1,0,0.0,3300.0,3300.0,0.0,2,6600.0,0.5007115749525617,0.7590132827324478,0.7374288425047438,0.5040322580645161,0.5007115749525617,0.8095351043643264,0.7824952561669829,0.5040322580645161,0.637245018975332
PRV54867,0,1,1,0,0.0,3300.0,3300.0,0.0,2,6600.0,0.5007115749525617,0.7590132827324478,0.7374288425047438,0.5040322580645161,0.5007115749525617,0.8095351043643264,0.7824952561669829,0.5040322580645161,0.637245018975332
PRV54877,0,1,1,0,0.0,3300.0,3300.0,0.0,2,6600.0,0.5007115749525617,0.7590132827324478,0.7374288425047438,0.5040322580645161,0.5007115749525617,0.8095351043643264,0.7824952561669829,0.5040322580645161,0.637245018975332
PRV54882,0,1,1,0,0.0,3300.0,3300.0,0.0,2,6600.0,0.5007115749525617,0.7590132827324478,0.7374288425047438,0.5040322580645161,0.5007115749525617,0.8095351043643264,0.7824952561669829,0.5040322580645161,0.637245018975332
PRV54888,0,1,1,0,0.0,3300.0,3300.0,0.0,2,6600.0,0.5007115749525617,0.7590132827324478,0.7374288425047438,0.5040322580645161,0.5007115749525617,0.8095351043643264,0.7824952561669829,0.5040322580645161,0.637245018975332
PRV54890,0,1,1,0,0.0,3300.0,3300.0,0.0,2,6600.0,0.5007115749525617,0.7590132827324478,0.7374288425047438,0.5040322580645161,0.5007115749525617,0.8095351043643264,0.7824952561669829,0.5040322580645161,0.637245018975332
PRV54892,0,1,1,0,0.0,3300.0,3300.0,0.0,2,6600.0,0.5007115749525617,0.7590132827324478,0.7374288425047438,0.5040322580645161,0.5007115749525617,0.8095351043643264,0.7824952561669829,0.5040322580645161,0.637245018975332
PRV54901,0,1,1,0,0.0,3300.0,3300.0,0.0,2,6600.0,0.5007115749525617,0.7590132827324478,0.7374288425047438,0.5040322580645161,0.5007115749525617,0.8095351043643264,0.7824952561669829,0.5040322580645161,0.637245018975332
PRV54905,0,1,1,0,0.0,3300.0,3300.0,0.0,2,6600.0,0.5007115749525617,0.7590132827324478,0.7374288425047438,0.5040322580645161,0.5007115749525617,0.8095351043643264,0.7824952561669829,0.5040322580645161,0.637245018975332
PRV54926,0,1,1,0,0.0,3300.0,3300.0,0.0,2,6600.0,0.5007115749525617,0.7590132827324478,0.7374288425047438,0.5040322580645161,0.5007115749525617,0.8095351043643264,0.7824952561669829,0.5040322580645161,0.637245018975332
PRV54932,0,1,1,0,0.0,3300.0,3300.0,0.0,2,6600.0,0.5007115749525617,0.7590132827324478,0.7374288425047438,0.5040322580645161,0.5007115749525617,0.8095351043643264,0.7824952561669829,0.5040322580645161,0.637245018975332
PRV54935,0,1,1,0,0.0,3300.0,3300.0,0.0,2,6600.0,0.5007115749525617,0.7590132827324478,0.7374288425047438,0.5040322580645161,0.5007115749525617,0.8095351043643264,0.7824952561669829,0.5040322580645161,0.637245018975332
PRV54944,0,1,1,0,0.0,3300.0,3300.0,0.0,2,6600.0,0.5007115749525617,0.7590132827324478,0.7374288425047438,0.5040322580645161,0.5007115749525617,0.8095351043643264,0.7824952561669829,0.5040322580645161,0.637245018975332
PRV54946,0,1,1,0,0.0,3300.0,3300.0,0.0,2,6600.0,0.5007115749525617,0.7590132827324478,0.7374288425047438,0.5040322580645161,0.5007115749525617,0.8095351043643264,0.7824952561669829,0.5040322580645161,0.637245018975332
PRV54954,0,1,1,0,0.0,3300.0,3300.0,0.0,2,6600.0,0.5007115749525617,0.7590132827324478,0.7374288425047438,0.5040322580645161,0.5007115749525617,0.8095351043643264,0.7824952561669829,0.5040322580645161,0.637245018975332
PRV54959,0,1,1,0,0.0,3300.0,3300.0,0.0,2,6600.0,0.5007115749525617,0.7590132827324478,0.7374288425047438,0.5040322580645161,0.5007115749525617,0.8095351043643264,0.7824952561669829,0.5040322580645161,0.637245018975332
PRV54965,0,1,1,0,0.0,3300.0,3300.0,0.0,2,6600.0,0.5007115749525617,0.7590132827324478,0.7374288425047438,0.5040322580645161,0.5007115749525617,0.8095351043643264,0.7824952561669829,0.5040322580645161,0.637245018975332
PRV54973,0,1,1,0,0.0,3300.0,3300.0,0.0,2,6600.0,0.5007115749525617,0.7590132827324478,0.7374288425047438,0.5040322580645161,0.5007115749525617,0.8095351043643264,0.7824952561669829,0.5040322580645161,0.637245018975332
PRV54976,0,1,1,0,0.0,3300.0,3300.0,0.0,2,6600.0,0.5007115749525617,0.7590132827324478,0.7374288425047438,0.5040322580645161,0.5007115749525617,0.8095351043643264,0.7824952561669829,0.5040322580645161,0.637245018975332
PRV54982,0,1,1,0,0.0,3300.0,3300.0,0.0,2,6600.0,0.5007115749525617,0.7590132827324478,0.7374288425047438,0.5040322580645161,0.5007115749525617,0.8095351043643264,0.7824952561669829,0.5040322580645161,0.637245018975332
PRV54988,0,1,1,0,0.0,3300.0,3300.0,0.0,2,6600.0,0.5007115749525617,0.7590132827324478,0.7374288425047438,0.5040322580645161,0.5007115749525617,0.8095351043643264,0.7824952561669829,0.5040322580645161,0.637245018975332
PRV54991,0,1,1,0,0.0,3300.0,3300.0,0.0,2,6600.0,0.5007115749525617,0.7590132827324478,0.7374288425047438,0.5040322580645161,0.5007115749525617,0.8095351043643264,0.7824952561669829,0.5040322580645161,0.637245018975332
PRV54992,0,1,1,0,0.0,3300.0,3300.0,0.0,2,6600.0,0.5007115749525617,0.7590132827324478,0.7374288425047438,0.5040322580645161,0.5007115749525617,0.8095351043643264,0.7824952561669829,0.5040322580645161,0.637245018975332
PRV54995,0,1,1,0,0.0,3300.0,3300.0,0.0,2,6600.0,0.5007115749525617,0.7590132827324478,0.7374288425047438,0.5040322580645161,0.5007115749525617,0.8095351043643264,0.7824952561669829,0.5040322580645161,0.637245018975332
PRV55001,0,1,1,0,0.0,3300.0,3300.0,0.0,2,6600.0,0.5007115749525617,0.7590132827324478,0.7374288425047438,0.5040322580645161,0.5007115749525617,0.8095351043643264,0.7824952561669829,0.5040322580645161,0.637245018975332
PRV55003,0,1,1,0,0.0,3300.0,3300.0,0.0,2,6600.0,0.5007115749525617,0.7590132827324478,0.7374288425047438,0.5040322580645161,0.5007115749525617,0.8095351043643264,0.7824952561669829,0.5040322580645161,0.637245018975332
PRV55005,0,1,1,0,0.0,3300.0,3300.0,0.0,2,6600.0,0.5007115749525617,0.7590132827324478,0.7374288425047438,0.5040322580645161,0.5007115749525617,0.8095351043643264,0.7824952561669829,0.5040322580645161,0.637245018975332
PRV55011,0,1,1,0,0.0,3300.0,3300.0,0.0,2,6600.0,0.5007115749525617,0.7590132827324478,0.7374288425047438,0.5040322580645161,0.5007115749525617,0.8095351043643264,0.7824952561669829,0.5040322580645161,0.637245018975332
PRV55012,0,1,1,0,0.0,3300.0,3300.0,0.0,2,6600.0,0.5007115749525617,0.7590132827324478,0.7374288425047438,0.5040322580645161,0.5007115749525617,0.8095351043643264,0.7824952561669829,0.5040322580645161,0.637245018975332
PRV55013,0,1,1,0,0.0,3300.0,3300.0,0.0,2,6600.0,0.5007115749525617,0.7590132827324478,0.7374288425047438,0.5040322580645161,0.5007115749525617,0.8095351043643264,0.7824952561669829,0.5040322580645161,0.637245018975332
PRV55016,0,1,1,0,0.0,3300.0,3300.0,0.0,2,6600.0,0.5007115749525617,0.7590132827324478,0.7374288425047438,0.5040322580645161,0.5007115749525617,0.8095351043643264,0.7824952561669829,0.5040322580645161,0.637245018975332
PRV55024,0,1,1,0,0.0,3300.0,3300.0,0.0,2,6600.0,0.5007115749525617,0.7590132827324478,0.7374288425047438,0.5040322580645161,0.5007115749525617,0.8095351043643264,0.7824952561669829,0.5040322580645161,0.637245018975332
PRV55026,0,1,1,0,0.0,3300.0,3300.0,0.0,2,6600.0,0.5007115749525617,0.7590132827324478,0.7374288425047438,0.5040322580645161,0.5007115749525617,0.8095351043643264,0.7824952561669829,0.5040322580645161,0.637245018975332
PRV55028,0,1,1,0,0.0,3300.0,3300.0,0.0,2,6600.0,0.5007115749525617,0.7590132827324478,0.7374288425047438,0.5040322580645161,0.5007115749525617,0.8095351043643264,0.7824952561669829,0.5040322580645161,0.637245018975332
PRV55032,0,1,1,0,0.0,3300.0,3300.0,0.0,2,6600.0,0.5007115749525617,0.7590132827324478,0.7374288425047438,0.5040322580645161,0.5007115749525617,0.8095351043643264,0.7824952561669829,0.5040322580645161,0.637245018975332
PRV55035,0,1,1,0,0.0,3300.0,3300.0,0.0,2,6600.0,0.5007115749525617,0.7590132827324478,0.7374288425047438,0.5040322580645161,0.5007115749525617,0.8095351043643264,0.7824952561669829,0.5040322580645161,0.637245018975332
PRV55040,0,1,1,0,0.0,3300.0,3300.0,0.0,2,6600.0,0.5007115749525617,0.7590132827324478,0.7374288425047438,0.5040322580645161,0.5007115749525617,0.8095351043643264,0.7824952561669829,0.5040322580645161,0.637245018975332
PRV55050,0,1,1,0,0.0,3300.0,3300.0,0.0,2,6600.0,0.5007115749525617,0.7590132827324478,0.7374288425047438,0.5040322580645161,0.5007115749525617,0.8095351043643264,0.7824952561669829,0.5040322580645161,0.637245018975332
PRV55071,0,1,1,0,0.0,3300.0,3300.0,0.0,2,6600.0,0.5007115749525617,0.7590132827324478,0.7374288425047438,0.5040322580645161,0.5007115749525617,0.8095351043643264,0.7824952561669829,0.5040322580645161,0.637245018975332
PRV55086,0,1,1,0,0.0,3300.0,3300.0,0.0,2,6600.0,0.5007115749525617,0.7590132827324478,0.7374288425047438,0.5040322580645161,0.5007115749525617,0.8095351043643264,0.7824952561669829,0.5040322580645161,0.637245018975332
PRV55094,0,1,1,0,0.0,3300.0,3300.0,0.0,2,6600.0,0.5007115749525617,0.7590132827324478,0.7374288425047438,0.5040322580645161,0.5007115749525617,0.8095351043643264,0.7824952561669829,0.5040322580645161,0.637245018975332
PRV55099,0,1,1,0,0.0,3300.0,3300.0,0.0,2,6600.0,0.5007115749525617,0.7590132827324478,0.7374288425047438,0.5040322580645161,0.5007115749525617,0.8095351043643264,0.7824952561669829,0.5040322580645161,0.637245018975332
PRV55103,0,1,1,0,0.0,3300.0,3300.0,0.0,2,6600.0,0.5007115749525617,0.7590132827324478,0.7374288425047438,0.5040322580645161,0.5007115749525617,0.8095351043643264,0.7824952561669829,0.5040322580645161,0.637245018975332
PRV55106,0,1,1,0,0.0,3300.0,3300.0,0.0,2,6600.0,0.5007115749525617,0.7590132827324478,0.7374288425047438,0.5040322580645161,0.5007115749525617,0.8095351043643264,0.7824952561669829,0.5040322580645161,0.637245018975332
PRV55110,0,1,1,0,0.0,3300.0,3300.0,0.0,2,6600.0,0.5007115749525617,0.7590132827324478,0.7374288425047438,0.5040322580645161,0.5007115749525617,0.8095351043643264,0.7824952561669829,0.5040322580645161,0.637245018975332
PRV55165,0,1,1,0,0.0,3300.0,3300.0,0.0,2,6600.0,0.5007115749525617,0.7590132827324478,0.7374288425047438,0.5040322580645161,0.5007115749525617,0.8095351043643264,0.7824952561669829,0.5040322580645161,0.637245018975332
PRV55167,0,1,1,0,0.0,3300.0,3300.0,0.0,2,6600.0,0.5007115749525617,0.7590132827324478,0.7374288425047438,0.5040322580645161,0.5007115749525617,0.8095351043643264,0.7824952561669829,0.5040322580645161,0.637245018975332
PRV55171,0,1,1,0,0.0,3300.0,3300.0,0.0,2,6600.0,0.5007115749525617,0.7590132827324478,0.7374288425047438,0.5040322580645161,0.5007115749525617,0.8095351043643264,0.7824952561669829,0.5040322580645161,0.637245018975332
PRV55173,0,1,1,0,0.0,3300.0,3300.0,0.0,2,6600.0,0.5007115749525617,0.7590132827324478,0.7374288425047438,0.5040322580645161,0.5007115749525617,0.8095351043643264,0.7824952561669829,0.5040322580645161,0.637245018975332
PRV55175,0,1,1,0,0.0,3300.0,3300.0,0.0,2,6600.0,0.5007115749525617,0.7590132827324478,0.7374288425047438,0.5040322580645161,0.5007115749525617,0.8095351043643264,0.7824952561669829,0.5040322580645161,0.637245018975332
PRV55184,0,1,1,0,0.0,3300.0,3300.0,0.0,2,6600.0,0.5007115749525617,0.7590132827324478,0.7374288425047438,0.5040322580645161,0.5007115749525617,0.8095351043643264,0.7824952561669829,0.5040322580645161,0.637245018975332
PRV55188,0,1,1,0,0.0,3300.0,3300.0,0.0,2,6600.0,0.5007115749525617,0.7590132827324478,0.7374288425047438,0.5040322580645161,0.5007115749525617,0.8095351043643264,0.7824952561669829,0.5040322580645161,0.637245018975332
PRV55189,0,1,1,0,0.0,3300.0,3300.0,0.0,2,6600.0,0.5007115749525617,0.7590132827324478,0.7374288425047438,0.5040322580645161,0.5007115749525617,0.8095351043643264,0.7824952561669829,0.5040322580645161,0.637245018975332
PRV55197,0,1,1,0,0.0,3300.0,3300.0,0.0,2,6600.0,0.5007115749525617,0.7590132827324478,0.7374288425047438,0.5040322580645161,0.5007115749525617,0.8095351043643264,0.7824952561669829,0.5040322580645161,0.637245018975332
PRV55200,0,1,1,0,0.0,3300.0,3300.0,0.0,2,6600.0,0.5007115749525617,0.7590132827324478,0.7374288425047438,0.5040322580645161,0.5007115749525617,0.8095351043643264,0.7824952561669829,0.5040322580645161,0.637245018975332
PRV55202,0,1,1,0,0.0,3300.0,3300.0,0.0,2,6600.0,0.5007115749525617,0.7590132827324478,0.7374288425047438,0.5040322580645161,0.5007115749525617,0.8095351043643264,0.7824952561669829,0.5040322580645161,0.637245018975332
PRV55210,0,1,1,0,0.0,3300.0,3300.0,0.0,2,6600.0,0.5007115749525617,0.7590132827324478,0.7374288425047438,0.5040322580645161,0.5007115749525617,0.8095351043643264,0.7824952561669829,0.5040322580645161,0.637245018975332
PRV55211,0,1,1,0,0.0,3300.0,3300.0,0.0,2,6600.0,0.5007115749525617,0.7590132827324478,0.7374288425047438,0.5040322580645161,0.5007115749525617,0.8095351043643264,0.7824952561669829,0.5040322580645161,0.637245018975332
PRV55220,0,1,1,0,0.0,3300.0,3300.0,0.0,2,6600.0,0.5007115749525617,0.7590132827324478,0.7374288425047438,0.5040322580645161,0.5007115749525617,0.8095351043643264,0.7824952561669829,0.5040322580645161,0.637245018975332
PRV55224,0,1,1,0,0.0,3300.0,3300.0,0.0,2,6600.0,0.5007115749525617,0.7590132827324478,0.7374288425047438,0.5040322580645161,0.5007115749525617,0.8095351043643264,0.7824952561669829,0.5040322580645161,0.637245018975332
PRV55227,0,1,1,0,0.0,3300.0,3300.0,0.0,2,6600.0,0.5007115749525617,0.7590132827324478,0.7374288425047438,0.5040322580645161,0.5007115749525617,0.8095351043643264,0.7824952561669829,0.5040322580645161,0.637245018975332
PRV55239,0,1,1,0,0.0,3300.0,3300.0,0.0,2,6600.0,0.5007115749525617,0.7590132827324478,0.7374288425047438,0.5040322580645161,0.5007115749525617,0.8095351043643264,0.7824952561669829,0.5040322580645161,0.637245018975332
PRV55240,0,1,1,0,0.0,3300.0,3300.0,0.0,2,6600.0,0.5007115749525617,0.7590132827324478,0.7374288425047438,0.5040322580645161,0.5007115749525617,0.8095351043643264,0.7824952561669829,0.5040322580645161,0.637245018975332
PRV55254,0,1,1,0,0.0,3300.0,3300.0,0.0,2,6600.0,0.5007115749525617,0.7590132827324478,0.7374288425047438,0.5040322580645161,0.5007115749525617,0.8095351043643264,0.7824952561669829,0.5040322580645161,0.637245018975332
PRV55257,0,1,1,0,0.0,3300.0,3300.0,0.0,2,6600.0,0.5007115749525617,0.7590132827324478,0.7374288425047438,0.5040322580645161,0.5007115749525617,0.8095351043643264,0.7824952561669829,0.5040322580645161,0.637245018975332
PRV55258,0,1,1,0,0.0,3300.0,3300.0,0.0,2,6600.0,0.5007115749525617,0.7590132827324478,0.7374288425047438,0.5040322580645161,0.5007115749525617,0.8095351043643264,0.7824952561669829,0.5040322580645161,0.637245018975332
PRV55259,0,1,1,0,0.0,3300.0,3300.0,0.0,2,6600.0,0.5007115749525617,0.7590132827324478,0.7374288425047438,0.5040322580645161,0.5007115749525617,0.8095351043643264,0.7824952561669829,0.5040322580645161,0.637245018975332
PRV55260,0,1,1,0,0.0,3300.0,3300.0,0.0,2,6600.0,0.5007115749525617,0.7590132827324478,0.7374288425047438,0.5040322580645161,0.5007115749525617,0.8095351043643264,0.7824952561669829,0.5040322580645161,0.637245018975332
PRV55265,0,1,1,0,0.0,3300.0,3300.0,0.0,2,6600.0,0.5007115749525617,0.7590132827324478,0.7374288425047438,0.5040322580645161,0.5007115749525617,0.8095351043643264,0.7824952561669829,0.5040322580645161,0.637245018975332
PRV55268,0,1,1,0,0.0,3300.0,3300.0,0.0,2,6600.0,0.5007115749525617,0.7590132827324478,0.7374288425047438,0.5040322580645161,0.5007115749525617,0.8095351043643264,0.7824952561669829,0.5040322580645161,0.637245018975332
PRV55269,0,1,1,0,0.0,3300.0,3300.0,0.0,2,6600.0,0.5007115749525617,0.7590132827324478,0.7374288425047438,0.5040322580645161,0.5007115749525617,0.8095351043643264,0.7824952561669829,0.5040322580645161,0.637245018975332
PRV55274,0,1,1,0,0.0,3300.0,3300.0,0.0,2,6600.0,0.5007115749525617,0.7590132827324478,0.7374288425047438,0.5040322580645161,0.5007115749525617,0.8095351043643264,0.7824952561669829,0.5040322580645161,0.637245018975332
PRV55279,0,1,1,0,0.0,3300.0,3300.0,0.0,2,6600.0,0.5007115749525617,0.7590132827324478,0.7374288425047438,0.5040322580645161,0.5007115749525617,0.8095351043643264,0.7824952561669829,0.5040322580645161,0.637245018975332
PRV55281,0,1,1,0,0.0,3300.0,3300.0,0.0,2,6600.0,0.5007115749525617,0.7590132827324478,0.7374288425047438,0.5040322580645161,0.5007115749525617,0.8095351043643264,0.7824952561669829,0.5040322580645161,0.637245018975332
PRV55293,0,1,1,0,0.0,3300.0,3300.0,0.0,2,6600.0,0.5007115749525617,0.7590132827324478,0.7374288425047438,0.5040322580645161,0.5007115749525617,0.8095351043643264,0.7824952561669829,0.5040322580645161,0.637245018975332
PRV55295,0,1,1,0,0.0,3300.0,3300.0,0.0,2,6600.0,0.5007115749525617,0.7590132827324478,0.7374288425047438,0.5040322580645161,0.5007115749525617,0.8095351043643264,0.7824952561669829,0.5040322580645161,0.637245018975332
PRV55312,0,1,1,0,0.0,3300.0,3300.0,0.0,2,6600.0,0.5007115749525617,0.7590132827324478,0.7374288425047438,0.5040322580645161,0.5007115749525617,0.8095351043643264,0.7824952561669829,0.5040322580645161,0.637245018975332
PRV55316,0,1,1,0,0.0,3300.0,3300.0,0.0,2,6600.0,0.5007115749525617,0.7590132827324478,0.7374288425047438,0.5040322580645161,0.5007115749525617,0.8095351043643264,0.7824952561669829,0.5040322580645161,0.637245018975332
PRV55319,0,1,1,0,0.0,3300.0,3300.0,0.0,2,6600.0,0.5007115749525617,0.7590132827324478,0.7374288425047438,0.5040322580645161,0.5007115749525617,0.8095351043643264,0.7824952561669829,0.5040322580645161,0.637245018975332
PRV55323,0,1,1,0,0.0,3300.0,3300.0,0.0,2,6600.0,0.5007115749525617,0.7590132827324478,0.7374288425047438,0.5040322580645161,0.5007115749525617,0.8095351043643264,0.7824952561669829,0.5040322580645161,0.637245018975332
PRV55324,0,1,1,0,0.0,3300.0,3300.0,0.0,2,6600.0,0.5007115749525617,0.7590132827324478,0.7374288425047438,0.5040322580645161,0.5007115749525617,0.8095351043643264,0.7824952561669829,0.5040322580645161,0.637245018975332
PRV55326,0,1,1,0,0.0,3300.0,3300.0,0.0,2,6600.0,0.5007115749525617,0.7590132827324478,0.7374288425047438,0.5040322580645161,0.5007115749525617,0.8095351043643264,0.7824952561669829,0.5040322580645161,0.637245018975332
PRV55340,0,1,1,0,0.0,3300.0,3300.0,0.0,2,6600.0,0.5007115749525617,0.7590132827324478,0.7374288425047438,0.5040322580645161,0.5007115749525617,0.8095351043643264,0.7824952561669829,0.5040322580645161,0.637245018975332
PRV55343,0,1,1,0,0.0,3300.0,3300.0,0.0,2,6600.0,0.5007115749525617,0.7590132827324478,0.7374288425047438,0.5040322580645161,0.5007115749525617,0.8095351043643264,0.7824952561669829,0.5040322580645161,0.637245018975332
PRV55362,0,1,1,0,0.0,3300.0,3300.0,0.0,2,6600.0,0.5007115749525617,0.7590132827324478,0.7374288425047438,0.5040322580645161,0.5007115749525617,0.8095351043643264,0.7824952561669829,0.5040322580645161,0.637245018975332
PRV55363,0,1,1,0,0.0,3300.0,3300.0,0.0,2,6600.0,0.5007115749525617,0.7590132827324478,0.7374288425047438,0.5040322580645161,0.5007115749525617,0.8095351043643264,0.7824952561669829,0.5040322580645161,0.637245018975332
PRV55368,0,1,1,0,0.0,3300.0,3300.0,0.0,2,6600.0,0.5007115749525617,0.7590132827324478,0.7374288425047438,0.5040322580645161,0.5007115749525617,0.8095351043643264,0.7824952561669829,0.5040322580645161,0.637245018975332
PRV55376,0,1,1,0,0.0,3300.0,3300.0,0.0,2,6600.0,0.5007115749525617,0.7590132827324478,0.7374288425047438,0.5040322580645161,0.5007115749525617,0.8095351043643264,0.7824952561669829,0.5040322580645161,0.637245018975332
PRV55377,0,1,1,0,0.0,3300.0,3300.0,0.0,2,6600.0,0.5007115749525617,0.7590132827324478,0.7374288425047438,0.5040322580645161,0.5007115749525617,0.8095351043643264,0.7824952561669829,0.5040322580645161,0.637245018975332
PRV55386,0,1,1,0,0.0,3300.0,3300.0,0.0,2,6600.0,0.5007115749525617,0.7590132827324478,0.7374288425047438,0.5040322580645161,0.5007115749525617,0.8095351043643264,0.7824952561669829,0.5040322580645161,0.637245018975332
PRV55402,0,1,1,0,0.0,3300.0,3300.0,0.0,2,6600.0,0.5007115749525617,0.7590132827324478,0.7374288425047438,0.5040322580645161,0.5007115749525617,0.8095351043643264,0.7824952561669829,0.5040322580645161,0.637245018975332
PRV55410,0,1,1,0,0.0,3300.0,3300.0,0.0,2,6600.0,0.5007115749525617,0.7590132827324478,0.7374288425047438,0.5040322580645161,0.5007115749525617,0.8095351043643264,0.7824952561669829,0.5040322580645161,0.637245018975332
PRV55416,0,1,1,0,0.0,3300.0,3300.0,0.0,2,6600.0,0.5007115749525617,0.7590132827324478,0.7374288425047438,0.5040322580645161,0.5007115749525617,0.8095351043643264,0.7824952561669829,0.5040322580645161,0.637245018975332
PRV55434,0,1,1,0,0.0,3300.0,3300.0,0.0,2,6600.0,0.5007115749525617,0.7590132827324478,0.7374288425047438,0.5040322580645161,0.5007115749525617,0.8095351043643264,0.7824952561669829,0.5040322580645161,0.637245018975332
PRV55443,0,1,1,0,0.0,3300.0,3300.0,0.0,2,6600.0,0.5007115749525617,0.7590132827324478,0.7374288425047438,0.5040322580645161,0.5007115749525617,0.8095351043643264,0.7824952561669829,0.5040322580645161,0.637245018975332
PRV55455,0,1,1,0,0.0,3300.0,3300.0,0.0,2,6600.0,0.5007115749525617,0.7590132827324478,0.7374288425047438,0.5040322580645161,0.5007115749525617,0.8095351043643264,0.7824952561669829,0.5040322580645161,0.637245018975332
PRV55456,0,1,1,0,0.0,3300.0,3300.0,0.0,2,6600.0,0.5007115749525617,0.7590132827324478,0.7374288425047438,0.5040322580645161,0.5007115749525617,0.8095351043643264,0.7824952561669829,0.5040322580645161,0.637245018975332
PRV55480,0,1,1,0,0.0,3300.0,3300.0,0.0,2,6600.0,0.5007115749525617,0.7590132827324478,0.7374288425047438,0.5040322580645161,0.5007115749525617,0.8095351043643264,0.7824952561669829,0.5040322580645161,0.637245018975332
PRV55481,0,1,1,0,0.0,3300.0,3300.0,0.0,2,6600.0,0.5007115749525617,0.7590132827324478,0.7374288425047438,0.5040322580645161,0.5007115749525617,0.8095351043643264,0.7824952561669829,0.5040322580645161,0.637245018975332
PRV55490,0,1,1,0,0.0,3300.0,3300.0,0.0,2,6600.0,0.5007115749525617,0.7590132827324478,0.7374288425047438,0.5040322580645161,0.5007115749525617,0.8095351043643264,0.7824952561669829,0.5040322580645161,0.637245018975332
PRV55492,0,1,1,0,0.0,3300.0,3300.0,0.0,2,6600.0,0.5007115749525617,0.7590132827324478,0.7374288425047438,0.5040322580645161,0.5007115749525617,0.8095351043643264,0.7824952561669829,0.5040322580645161,0.637245018975332
PRV55499,0,1,1,0,0.0,3300.0,3300.0,0.0,2,6600.0,0.5007115749525617,0.7590132827324478,0.7374288425047438,0.5040322580645161,0.5007115749525617,0.8095351043643264,0.7824952561669829,0.5040322580645161,0.637245018975332
PRV55514,0,1,1,0,0.0,3300.0,3300.0,0.0,2,6600.0,0.5007115749525617,0.7590132827324478,0.7374288425047438,0.5040322580645161,0.5007115749525617,0.8095351043643264,0.7824952561669829,0.5040322580645161,0.637245018975332
PRV55541,0,1,1,0,0.0,3300.0,3300.0,0.0,2,6600.0,0.5007115749525617,0.7590132827324478,0.7374288425047438,0.5040322580645161,0.5007115749525617,0.8095351043643264,0.7824952561669829,0.5040322580645161,0.637245018975332
PRV55551,0,1,1,0,0.0,3300.0,3300.0,0.0,2,6600.0,0.5007115749525617,0.7590132827324478,0.7374288425047438,0.5040322580645161,0.5007115749525617,0.8095351043643264,0.7824952561669829,0.5040322580645161,0.637245018975332
PRV55554,0,1,1,0,0.0,3300.0,3300.0,0.0,2,6600.0,0.5007115749525617,0.7590132827324478,0.7374288425047438,0.5040322580645161,0.5007115749525617,0.8095351043643264,0.7824952561669829,0.5040322580645161,0.637245018975332
PRV55558,0,1,1,0,0.0,3300.0,3300.0,0.0,2,6600.0,0.5007115749525617,0.7590132827324478,0.7374288425047438,0.5040322580645161,0.5007115749525617,0.8095351043643264,0.7824952561669829,0.5040322580645161,0.637245018975332
PRV55570,0,1,1,0,0.0,3300.0,3300.0,0.0,2,6600.0,0.5007115749525617,0.7590132827324478,0.7374288425047438,0.5040322580645161,0.5007115749525617,0.8095351043643264,0.7824952561669829,0.5040322580645161,0.637245018975332
PRV55571,0,1,1,0,0.0,3300.0,3300.0,0.0,2,6600.0,0.5007115749525617,0.7590132827324478,0.7374288425047438,0.5040322580645161,0.5007115749525617,0.8095351043643264,0.7824952561669829,0.5040322580645161,0.637245018975332
PRV55576,0,1,1,0,0.0,3300.0,3300.0,0.0,2,6600.0,0.5007115749525617,0.7590132827324478,0.7374288425047438,0.5040322580645161,0.5007115749525617,0.8095351043643264,0.7824952561669829,0.5040322580645161,0.637245018975332
PRV55588,0,1,1,0,0.0,3300.0,3300.0,0.0,2,6600.0,0.5007115749525617,0.7590132827324478,0.7374288425047438,0.5040322580645161,0.5007115749525617,0.8095351043643264,0.7824952561669829,0.5040322580645161,0.637245018975332
PRV55592,0,1,1,0,0.0,3300.0,3300.0,0.0,2,6600.0,0.5007115749525617,0.7590132827324478,0.7374288425047438,0.5040322580645161,0.5007115749525617,0.8095351043643264,0.7824952561669829,0.5040322580645161,0.637245018975332
PRV55598,0,1,1,0,0.0,3300.0,3300.0,0.0,2,6600.0,0.5007115749525617,0.7590132827324478,0.7374288425047438,0.5040322580645161,0.5007115749525617,0.8095351043643264,0.7824952561669829,0.5040322580645161,0.637245018975332
PRV55608,0,1,1,0,0.0,3300.0,3300.0,0.0,2,6600.0,0.5007115749525617,0.7590132827324478,0.7374288425047438,0.5040322580645161,0.5007115749525617,0.8095351043643264,0.7824952561669829,0.5040322580645161,0.637245018975332
PRV55634,0,1,1,0,0.0,3300.0,3300.0,0.0,2,6600.0,0.5007115749525617,0.7590132827324478,0.7374288425047438,0.5040322580645161,0.5007115749525617,0.8095351043643264,0.7824952561669829,0.5040322580645161,0.637245018975332
PRV55635,0,1,1,0,0.0,3300.0,3300.0,0.0,2,6600.0,0.5007115749525617,0.7590132827324478,0.7374288425047438,0.5040322580645161,0.5007115749525617,0.8095351043643264,0.7824952561669829,0.5040322580645161,0.637245018975332
PRV55656,0,1,1,0,0.0,3300.0,3300.0,0.0,2,6600.0,0.5007115749525617,0.7590132827324478,0.7374288425047438,0.5040322580645161,0.5007115749525617,0.8095351043643264,0.7824952561669829,0.5040322580645161,0.637245018975332
PRV55680,0,1,1,0,0.0,3300.0,3300.0,0.0,2,6600.0,0.5007115749525617,0.7590132827324478,0.7374288425047438,0.5040322580645161,0.5007115749525617,0.8095351043643264,0.7824952561669829,0.5040322580645161,0.637245018975332
PRV55682,0,1,1,0,0.0,3300.0,3300.0,0.0,2,6600.0,0.5007115749525617,0.7590132827324478,0.7374288425047438,0.5040322580645161,0.5007115749525617,0.8095351043643264,0.7824952561669829,0.5040322580645161,0.637245018975332
PRV55687,0,1,1,0,0.0,3300.0,3300.0,0.0,2,6600.0,0.5007115749525617,0.7590132827324478,0.7374288425047438,0.5040322580645161,0.5007115749525617,0.8095351043643264,0.7824952561669829,0.5040322580645161,0.637245018975332
PRV55690,0,1,1,0,0.0,3300.0,3300.0,0.0,2,6600.0,0.5007115749525617,0.7590132827324478,0.7374288425047438,0.5040322580645161,0.5007115749525617,0.8095351043643264,0.7824952561669829,0.5040322580645161,0.637245018975332
PRV55701,0,1,1,0,0.0,3300.0,3300.0,0.0,2,6600.0,0.5007115749525617,0.7590132827324478,0.7374288425047438,0.5040322580645161,0.5007115749525617,0.8095351043643264,0.7824952561669829,0.5040322580645161,0.637245018975332
PRV55703,0,1,1,0,0.0,3300.0,3300.0,0.0,2,6600.0,0.5007115749525617,0.7590132827324478,0.7374288425047438,0.5040322580645161,0.5007115749525617,0.8095351043643264,0.7824952561669829,0.5040322580645161,0.637245018975332
PRV55709,0,1,1,0,0.0,3300.0,3300.0,0.0,2,6600.0,0.5007115749525617,0.7590132827324478,0.7374288425047438,0.5040322580645161,0.5007115749525617,0.8095351043643264,0.7824952561669829,0.5040322580645161,0.637245018975332
PRV55712,0,1,1,0,0.0,3300.0,3300.0,0.0,2,6600.0,0.5007115749525617,0.7590132827324478,0.7374288425047438,0.5040322580645161,0.5007115749525617,0.8095351043643264,0.7824952561669829,0.5040322580645161,0.637245018975332
PRV55717,0,1,1,0,0.0,3300.0,3300.0,0.0,2,6600.0,0.5007115749525617,0.7590132827324478,0.7374288425047438,0.5040322580645161,0.5007115749525617,0.8095351043643264,0.7824952561669829,0.5040322580645161,0.637245018975332
PRV55723,0,1,1,0,0.0,3300.0,3300.0,0.0,2,6600.0,0.5007115749525617,0.7590132827324478,0.7374288425047438,0.5040322580645161,0.5007115749525617,0.8095351043643264,0.7824952561669829,0.5040322580645161,0.637245018975332
PRV55726,0,1,1,0,0.0,3300.0,3300.0,0.0,2,6600.0,0.5007115749525617,0.7590132827324478,0.7374288425047438,0.5040322580645161,0.5007115749525617,0.8095351043643264,0.7824952561669829,0.5040322580645161,0.637245018975332
PRV55731,0,1,1,0,0.0,3300.0,3300.0,0.0,2,6600.0,0.5007115749525617,0.7590132827324478,0.7374288425047438,0.5040322580645161,0.5007115749525617,0.8095351043643264,0.7824952561669829,0.5040322580645161,0.637245018975332
PRV55733,0,1,1,0,0.0,3300.0,3300.0,0.0,2,6600.0,0.5007115749525617,0.7590132827324478,0.7374288425047438,0.5040322580645161,0.5007115749525617,0.8095351043643264,0.7824952561669829,0.5040322580645161,0.637245018975332
PRV55736,0,1,1,0,0.0,3300.0,3300.0,0.0,2,6600.0,0.5007115749525617,0.7590132827324478,0.7374288425047438,0.5040322580645161,0.5007115749525617,0.8095351043643264,0.7824952561669829,0.5040322580645161,0.637245018975332
PRV55739,0,1,1,0,0.0,3300.0,3300.0,0.0,2,6600.0,0.5007115749525617,0.7590132827324478,0.7374288425047438,0.5040322580645161,0.5007115749525617,0.8095351043643264,0.7824952561669829,0.5040322580645161,0.637245018975332
PRV55742,0,1,1,0,0.0,3300.0,3300.0,0.0,2,6600.0,0.5007115749525617,0.7590132827324478,0.7374288425047438,0.5040322580645161,0.5007115749525617,0.8095351043643264,0.7824952561669829,0.5040322580645161,0.637245018975332
PRV55745,0,1,1,0,0.0,3300.0,3300.0,0.0,2,6600.0,0.5007115749525617,0.7590132827324478,0.7374288425047438,0.5040322580645161,0.5007115749525617,0.8095351043643264,0.7824952561669829,0.5040322580645161,0.637245018975332
PRV55769,0,1,1,0,0.0,3300.0,3300.0,0.0,2,6600.0,0.5007115749525617,0.7590132827324478,0.7374288425047438,0.5040322580645161,0.5007115749525617,0.8095351043643264,0.7824952561669829,0.5040322580645161,0.637245018975332
PRV55771,0,1,1,0,0.0,3300.0,3300.0,0.0,2,6600.0,0.5007115749525617,0.7590132827324478,0.7374288425047438,0.5040322580645161,0.5007115749525617,0.8095351043643264,0.7824952561669829,0.5040322580645161,0.637245018975332
PRV55805,0,1,1,0,0.0,3300.0,3300.0,0.0,2,6600.0,0.5007115749525617,0.7590132827324478,0.7374288425047438,0.5040322580645161,0.5007115749525617,0.8095351043643264,0.7824952561669829,0.5040322580645161,0.637245018975332
PRV55807,0,1,1,0,0.0,3300.0,3300.0,0.0,2,6600.0,0.5007115749525617,0.7590132827324478,0.7374288425047438,0.5040322580645161,0.5007115749525617,0.8095351043643264,0.7824952561669829,0.5040322580645161,0.637245018975332
PRV55819,0,1,1,0,0.0,3300.0,3300.0,0.0,2,6600.0,0.5007115749525617,0.7590132827324478,0.7374288425047438,0.5040322580645161,0.5007115749525617,0.8095351043643264,0.7824952561669829,0.5040322580645161,0.637245018975332
PRV55821,0,1,1,0,0.0,3300.0,3300.0,0.0,2,6600.0,0.5007115749525617,0.7590132827324478,0.7374288425047438,0.5040322580645161,0.5007115749525617,0.8095351043643264,0.7824952561669829,0.5040322580645161,0.637245018975332
PRV55833,0,1,1,0,0.0,3300.0,3300.0,0.0,2,6600.0,0.5007115749525617,0.7590132827324478,0.7374288425047438,0.5040322580645161,0.5007115749525617,0.8095351043643264,0.7824952561669829,0.5040322580645161,0.637245018975332
PRV55837,0,1,1,0,0.0,3300.0,3300.0,0.0,2,6600.0,0.5007115749525617,0.7590132827324478,0.7374288425047438,0.5040322580645161,0.5007115749525617,0.8095351043643264,0.7824952561669829,0.5040322580645161,0.637245018975332
PRV55843,0,1,1,0,0.0,3300.0,3300.0,0.0,2,6600.0,0.5007115749525617,0.7590132827324478,0.7374288425047438,0.5040322580645161,0.5007115749525617,0.8095351043643264,0.7824952561669829,0.5040322580645161,0.637245018975332
PRV55851,0,1,1,0,0.0,3300.0,3300.0,0.0,2,6600.0,0.5007115749525617,0.7590132827324478,0.7374288425047438,0.5040322580645161,0.5007115749525617,0.8095351043643264,0.7824952561669829,0.5040322580645161,0.637245018975332
PRV55864,0,1,1,0,0.0,3300.0,3300.0,0.0,2,6600.0,0.5007115749525617,0.7590132827324478,0.7374288425047438,0.5040322580645161,0.5007115749525617,0.8095351043643264,0.7824952561669829,0.5040322580645161,0.637245018975332
PRV55868,0,1,1,0,0.0,3300.0,3300.0,0.0,2,6600.0,0.5007115749525617,0.7590132827324478,0.7374288425047438,0.5040322580645161,0.5007115749525617,0.8095351043643264,0.7824952561669829,0.5040322580645161,0.637245018975332
PRV55870,0,1,1,0,0.0,3300.0,3300.0,0.0,2,6600.0,0.5007115749525617,0.7590132827324478,0.7374288425047438,0.5040322580645161,0.5007115749525617,0.8095351043643264,0.7824952561669829,0.5040322580645161,0.637245018975332
PRV55902,0,1,1,0,0.0,3300.0,3300.0,0.0,2,6600.0,0.5007115749525617,0.7590132827324478,0.7374288425047438,0.5040322580645161,0.5007115749525617,0.8095351043643264,0.7824952561669829,0.5040322580645161,0.637245018975332
PRV55903,0,1,1,0,0.0,3300.0,3300.0,0.0,2,6600.0,0.5007115749525617,0.7590132827324478,0.7374288425047438,0.5040322580645161,0.5007115749525617,0.8095351043643264,0.7824952561669829,0.5040322580645161,0.637245018975332
PRV55912,0,1,1,0,0.0,3300.0,3300.0,0.0,2,6600.0,0.5007115749525617,0.7590132827324478,0.7374288425047438,0.5040322580645161,0.5007115749525617,0.8095351043643264,0.7824952561669829,0.5040322580645161,0.637245018975332
PRV55928,0,1,1,0,0.0,3300.0,3300.0,0.0,2,6600.0,0.5007115749525617,0.7590132827324478,0.7374288425047438,0.5040322580645161,0.5007115749525617,0.8095351043643264,0.7824952561669829,0.5040322580645161,0.637245018975332
PRV55950,0,1,1,0,0.0,3300.0,3300.0,0.0,2,6600.0,0.5007115749525617,0.7590132827324478,0.7374288425047438,0.5040322580645161,0.5007115749525617,0.8095351043643264,0.7824952561669829,0.5040322580645161,0.637245018975332
PRV55955,0,1,1,0,0.0,3300.0,3300.0,0.0,2,6600.0,0.5007115749525617,0.7590132827324478,0.7374288425047438,0.5040322580645161,0.5007115749525617,0.8095351043643264,0.7824952561669829,0.5040322580645161,0.637245018975332
PRV55958,0,1,1,0,0.0,3300.0,3300.0,0.0,2,6600.0,0.5007115749525617,0.7590132827324478,0.7374288425047438,0.5040322580645161,0.5007115749525617,0.8095351043643264,0.7824952561669829,0.5040322580645161,0.637245018975332
PRV55970,0,1,1,0,0.0,3300.0,3300.0,0.0,2,6600.0,0.5007115749525617,0.7590132827324478,0.7374288425047438,0.5040322580645161,0.5007115749525617,0.8095351043643264,0.7824952561669829,0.5040322580645161,0.637245018975332
PRV55985,0,1,1,0,0.0,3300.0,3300.0,0.0,2,6600.0,0.5007115749525617,0.7590132827324478,0.7374288425047438,0.5040322580645161,0.5007115749525617,0.8095351043643264,0.7824952561669829,0.5040322580645161,0.637245018975332
PRV56004,0,1,1,0,0.0,3300.0,3300.0,0.0,2,6600.0,0.5007115749525617,0.7590132827324478,0.7374288425047438,0.5040322580645161,0.5007115749525617,0.8095351043643264,0.7824952561669829,0.5040322580645161,0.637245018975332
PRV56005,0,1,1,0,0.0,3300.0,3300.0,0.0,2,6600.0,0.5007115749525617,0.7590132827324478,0.7374288425047438,0.5040322580645161,0.5007115749525617,0.8095351043643264,0.7824952561669829,0.5040322580645161,0.637245018975332
PRV56010,0,1,1,0,0.0,3300.0,3300.0,0.0,2,6600.0,0.5007115749525617,0.7590132827324478,0.7374288425047438,0.5040322580645161,0.5007115749525617,0.8095351043643264,0.7824952561669829,0.5040322580645161,0.637245018975332
PRV56023,0,1,1,0,0.0,3300.0,3300.0,0.0,2,6600.0,0.5007115749525617,0.7590132827324478,0.7374288425047438,0.5040322580645161,0.5007115749525617,0.8095351043643264,0.7824952561669829,0.5040322580645161,0.637245018975332
PRV56036,0,1,1,0,0.0,3300.0,3300.0,0.0,2,6600.0,0.5007115749525617,0.7590132827324478,0.7374288425047438,0.5040322580645161,0.5007115749525617,0.8095351043643264,0.7824952561669829,0.5040322580645161,0.637245018975332
PRV56045,0,1,1,0,0.0,3300.0,3300.0,0.0,2,6600.0,0.5007115749525617,0.7590132827324478,0.7374288425047438,0.5040322580645161,0.5007115749525617,0.8095351043643264,0.7824952561669829,0.5040322580645161,0.637245018975332
PRV56048,0,1,1,0,0.0,3300.0,3300.0,0.0,2,6600.0,0.5007115749525617,0.7590132827324478,0.7374288425047438,0.5040322580645161,0.5007115749525617,0.8095351043643264,0.7824952561669829,0.5040322580645161,0.637245018975332
PRV56055,0,1,1,0,0.0,3300.0,3300.0,0.0,2,6600.0,0.5007115749525617,0.7590132827324478,0.7374288425047438,0.5040322580645161,0.5007115749525617,0.8095351043643264,0.7824952561669829,0.5040322580645161,0.637245018975332
PRV56066,0,1,1,0,0.0,3300.0,3300.0,0.0,2,6600.0,0.5007115749525617,0.7590132827324478,0.7374288425047438,0.5040322580645161,0.5007115749525617,0.8095351043643264,0.7824952561669829,0.5040322580645161,0.637245018975332
PRV56068,0,1,1,0,0.0,3300.0,3300.0,0.0,2,6600.0,0.5007115749525617,0.7590132827324478,0.7374288425047438,0.5040322580645161,0.5007115749525617,0.8095351043643264,0.7824952561669829,0.5040322580645161,0.637245018975332
PRV56083,0,1,1,0,0.0,3300.0,3300.0,0.0,2,6600.0,0.5007115749525617,0.7590132827324478,0.7374288425047438,0.5040322580645161,0.5007115749525617,0.8095351043643264,0.7824952561669829,0.5040322580645161,0.637245018975332
PRV56088,0,1,1,0,0.0,3300.0,3300.0,0.0,2,6600.0,0.5007115749525617,0.7590132827324478,0.7374288425047438,0.5040322580645161,0.5007115749525617,0.8095351043643264,0.7824952561669829,0.5040322580645161,0.637245018975332
PRV56094,0,1,1,0,0.0,3300.0,3300.0,0.0,2,6600.0,0.5007115749525617,0.7590132827324478,0.7374288425047438,0.5040322580645161,0.5007115749525617,0.8095351043643264,0.7824952561669829,0.5040322580645161,0.637245018975332
PRV56111,0,1,1,0,0.0,3300.0,3300.0,0.0,2,6600.0,0.5007115749525617,0.7590132827324478,0.7374288425047438,0.5040322580645161,0.5007115749525617,0.8095351043643264,0.7824952561669829,0.5040322580645161,0.637245018975332
PRV56116,0,1,1,0,0.0,3300.0,3300.0,0.0,2,6600.0,0.5007115749525617,0.7590132827324478,0.7374288425047438,0.5040322580645161,0.5007115749525617,0.8095351043643264,0.7824952561669829,0.5040322580645161,0.637245018975332
PRV56137,0,1,1,0,0.0,3300.0,3300.0,0.0,2,6600.0,0.5007115749525617,0.7590132827324478,0.7374288425047438,0.5040322580645161,0.5007115749525617,0.8095351043643264,0.7824952561669829,0.5040322580645161,0.637245018975332
PRV56146,0,1,1,0,0.0,3300.0,3300.0,0.0,2,6600.0,0.5007115749525617,0.7590132827324478,0.7374288425047438,0.5040322580645161,0.5007115749525617,0.8095351043643264,0.7824952561669829,0.5040322580645161,0.637245018975332
PRV56149,0,1,1,0,0.0,3300.0,3300.0,0.0,2,6600.0,0.5007115749525617,0.7590132827324478,0.7374288425047438,0.5040322580645161,0.5007115749525617,0.8095351043643264,0.7824952561669829,0.5040322580645161,0.637245018975332
PRV56152,0,1,1,0,0.0,3300.0,3300.0,0.0,2,6600.0,0.5007115749525617,0.7590132827324478,0.7374288425047438,0.5040322580645161,0.5007115749525617,0.8095351043643264,0.7824952561669829,0.5040322580645161,0.637245018975332
PRV56156,0,1,1,0,0.0,3300.0,3300.0,0.0,2,6600.0,0.5007115749525617,0.7590132827324478,0.7374288425047438,0.5040322580645161,0.5007115749525617,0.8095351043643264,0.7824952561669829,0.5040322580645161,0.637245018975332
PRV56165,0,1,1,0,0.0,3300.0,3300.0,0.0,2,6600.0,0.5007115749525617,0.7590132827324478,0.7374288425047438,0.5040322580645161,0.5007115749525617,0.8095351043643264,0.7824952561669829,0.5040322580645161,0.637245018975332
PRV56172,0,1,1,0,0.0,3300.0,3300.0,0.0,2,6600.0,0.5007115749525617,0.7590132827324478,0.7374288425047438,0.5040322580645161,0.5007115749525617,0.8095351043643264,0.7824952561669829,0.5040322580645161,0.637245018975332
PRV56176,0,1,1,0,0.0,3300.0,3300.0,0.0,2,6600.0,0.5007115749525617,0.7590132827324478,0.7374288425047438,0.5040322580645161,0.5007115749525617,0.8095351043643264,0.7824952561669829,0.5040322580645161,0.637245018975332
PRV56182,0,1,1,0,0.0,3300.0,3300.0,0.0,2,6600.0,0.5007115749525617,0.7590132827324478,0.7374288425047438,0.5040322580645161,0.5007115749525617,0.8095351043643264,0.7824952561669829,0.5040322580645161,0.637245018975332
PRV56191,0,1,1,0,0.0,3300.0,3300.0,0.0,2,6600.0,0.5007115749525617,0.7590132827324478,0.7374288425047438,0.5040322580645161,0.5007115749525617,0.8095351043643264,0.7824952561669829,0.5040322580645161,0.637245018975332
PRV56193,0,1,1,0,0.0,3300.0,3300.0,0.0,2,6600.0,0.5007115749525617,0.7590132827324478,0.7374288425047438,0.5040322580645161,0.5007115749525617,0.8095351043643264,0.7824952561669829,0.5040322580645161,0.637245018975332
PRV56200,0,1,1,0,0.0,3300.0,3300.0,0.0,2,6600.0,0.5007115749525617,0.7590132827324478,0.7374288425047438,0.5040322580645161,0.5007115749525617,0.8095351043643264,0.7824952561669829,0.5040322580645161,0.637245018975332
PRV56209,0,1,1,0,0.0,3300.0,3300.0,0.0,2,6600.0,0.5007115749525617,0.7590132827324478,0.7374288425047438,0.5040322580645161,0.5007115749525617,0.8095351043643264,0.7824952561669829,0.5040322580645161,0.637245018975332
PRV56210,0,1,1,0,0.0,3300.0,3300.0,0.0,2,6600.0,0.5007115749525617,0.7590132827324478,0.7374288425047438,0.5040322580645161,0.5007115749525617,0.8095351043643264,0.7824952561669829,0.5040322580645161,0.637245018975332
PRV56212,0,1,1,0,0.0,3300.0,3300.0,0.0,2,6600.0,0.5007115749525617,0.7590132827324478,0.7374288425047438,0.5040322580645161,0.5007115749525617,0.8095351043643264,0.7824952561669829,0.5040322580645161,0.637245018975332
PRV56218,0,1,1,0,0.0,3300.0,3300.0,0.0,2,6600.0,0.5007115749525617,0.7590132827324478,0.7374288425047438,0.5040322580645161,0.5007115749525617,0.8095351043643264,0.7824952561669829,0.5040322580645161,0.637245018975332
PRV56229,0,1,1,0,0.0,3300.0,3300.0,0.0,2,6600.0,0.5007115749525617,0.7590132827324478,0.7374288425047438,0.5040322580645161,0.5007115749525617,0.8095351043643264,0.7824952561669829,0.5040322580645161,0.637245018975332
PRV56236,0,1,1,0,0.0,3300.0,3300.0,0.0,2,6600.0,0.5007115749525617,0.7590132827324478,0.7374288425047438,0.5040322580645161,0.5007115749525617,0.8095351043643264,0.7824952561669829,0.5040322580645161,0.637245018975332
PRV56238,0,1,1,0,0.0,3300.0,3300.0,0.0,2,6600.0,0.5007115749525617,0.7590132827324478,0.7374288425047438,0.5040322580645161,0.5007115749525617,0.8095351043643264,0.7824952561669829,0.5040322580645161,0.637245018975332
PRV56252,0,1,1,0,0.0,3300.0,3300.0,0.0,2,6600.0,0.5007115749525617,0.7590132827324478,0.7374288425047438,0.5040322580645161,0.5007115749525617,0.8095351043643264,0.7824952561669829,0.5040322580645161,0.637245018975332
PRV56255,0,1,1,0,0.0,3300.0,3300.0,0.0,2,6600.0,0.5007115749525617,0.7590132827324478,0.7374288425047438,0.5040322580645161,0.5007115749525617,0.8095351043643264,0.7824952561669829,0.5040322580645161,0.637245018975332
PRV56271,0,1,1,0,0.0,3300.0,3300.0,0.0,2,6600.0,0.5007115749525617,0.7590132827324478,0.7374288425047438,0.5040322580645161,0.5007115749525617,0.8095351043643264,0.7824952561669829,0.5040322580645161,0.637245018975332
PRV56278,0,1,1,0,0.0,3300.0,3300.0,0.0,2,6600.0,0.5007115749525617,0.7590132827324478,0.7374288425047438,0.5040322580645161,0.5007115749525617,0.8095351043643264,0.7824952561669829,0.5040322580645161,0.637245018975332
PRV56279,0,1,1,0,0.0,3300.0,3300.0,0.0,2,6600.0,0.5007115749525617,0.7590132827324478,0.7374288425047438,0.5040322580645161,0.5007115749525617,0.8095351043643264,0.7824952561669829,0.5040322580645161,0.637245018975332
PRV56287,0,1,1,0,0.0,3300.0,3300.0,0.0,2,6600.0,0.5007115749525617,0.7590132827324478,0.7374288425047438,0.5040322580645161,0.5007115749525617,0.8095351043643264,0.7824952561669829,0.5040322580645161,0.637245018975332
PRV56290,0,1,1,0,0.0,3300.0,3300.0,0.0,2,6600.0,0.5007115749525617,0.7590132827324478,0.7374288425047438,0.5040322580645161,0.5007115749525617,0.8095351043643264,0.7824952561669829,0.5040322580645161,0.637245018975332
PRV56291,0,1,1,0,0.0,3300.0,3300.0,0.0,2,6600.0,0.5007115749525617,0.7590132827324478,0.7374288425047438,0.5040322580645161,0.5007115749525617,0.8095351043643264,0.7824952561669829,0.5040322580645161,0.637245018975332
PRV56297,0,1,1,0,0.0,3300.0,3300.0,0.0,2,6600.0,0.5007115749525617,0.7590132827324478,0.7374288425047438,0.5040322580645161,0.5007115749525617,0.8095351043643264,0.7824952561669829,0.5040322580645161,0.637245018975332
PRV56319,0,1,1,0,0.0,3300.0,3300.0,0.0,2,6600.0,0.5007115749525617,0.7590132827324478,0.7374288425047438,0.5040322580645161,0.5007115749525617,0.8095351043643264,0.7824952561669829,0.5040322580645161,0.637245018975332
PRV56333,0,1,1,0,0.0,3300.0,3300.0,0.0,2,6600.0,0.5007115749525617,0.7590132827324478,0.7374288425047438,0.5040322580645161,0.5007115749525617,0.8095351043643264,0.7824952561669829,0.5040322580645161,0.637245018975332
PRV56362,0,1,1,0,0.0,3300.0,3300.0,0.0,2,6600.0,0.5007115749525617,0.7590132827324478,0.7374288425047438,0.5040322580645161,0.5007115749525617,0.8095351043643264,0.7824952561669829,0.5040322580645161,0.637245018975332
PRV56367,0,1,1,0,0.0,3300.0,3300.0,0.0,2,6600.0,0.5007115749525617,0.7590132827324478,0.7374288425047438,0.5040322580645161,0.5007115749525617,0.8095351043643264,0.7824952561669829,0.5040322580645161,0.637245018975332
PRV56381,0,1,1,0,0.0,3300.0,3300.0,0.0,2,6600.0,0.5007115749525617,0.7590132827324478,0.7374288425047438,0.5040322580645161,0.5007115749525617,0.8095351043643264,0.7824952561669829,0.5040322580645161,0.637245018975332
PRV56394,0,1,1,0,0.0,3300.0,3300.0,0.0,2,6600.0,0.5007115749525617,0.7590132827324478,0.7374288425047438,0.5040322580645161,0.5007115749525617,0.8095351043643264,0.7824952561669829,0.5040322580645161,0.637245018975332
PRV56396,0,1,1,0,0.0,3300.0,3300.0,0.0,2,6600.0,0.5007115749525617,0.7590132827324478,0.7374288425047438,0.5040322580645161,0.5007115749525617,0.8095351043643264,0.7824952561669829,0.5040322580645161,0.637245018975332
PRV56401,0,1,1,0,0.0,3300.0,3300.0,0.0,2,6600.0,0.5007115749525617,0.7590132827324478,0.7374288425047438,0.5040322580645161,0.5007115749525617,0.8095351043643264,0.7824952561669829,0.5040322580645161,0.637245018975332
PRV56406,0,1,1,0,0.0,3300.0,3300.0,0.0,2,6600.0,0.5007115749525617,0.7590132827324478,0.7374288425047438,0.5040322580645161,0.5007115749525617,0.8095351043643264,0.7824952561669829,0.5040322580645161,0.637245018975332
PRV56417,0,1,1,0,0.0,3300.0,3300.0,0.0,2,6600.0,0.5007115749525617,0.7590132827324478,0.7374288425047438,0.5040322580645161,0.5007115749525617,0.8095351043643264,0.7824952561669829,0.5040322580645161,0.637245018975332
PRV56427,0,1,1,0,0.0,3300.0,3300.0,0.0,2,6600.0,0.5007115749525617,0.7590132827324478,0.7374288425047438,0.5040322580645161,0.5007115749525617,0.8095351043643264,0.7824952561669829,0.5040322580645161,0.637245018975332
PRV56447,0,1,1,0,0.0,3300.0,3300.0,0.0,2,6600.0,0.5007115749525617,0.7590132827324478,0.7374288425047438,0.5040322580645161,0.5007115749525617,0.8095351043643264,0.7824952561669829,0.5040322580645161,0.637245018975332
PRV56455,0,1,1,0,0.0,3300.0,3300.0,0.0,2,6600.0,0.5007115749525617,0.7590132827324478,0.7374288425047438,0.5040322580645161,0.5007115749525617,0.8095351043643264,0.7824952561669829,0.5040322580645161,0.637245018975332
PRV56464,0,1,1,0,0.0,3300.0,3300.0,0.0,2,6600.0,0.5007115749525617,0.7590132827324478,0.7374288425047438,0.5040322580645161,0.5007115749525617,0.8095351043643264,0.7824952561669829,0.5040322580645161,0.637245018975332
PRV56475,0,1,1,0,0.0,3300.0,3300.0,0.0,2,6600.0,0.5007115749525617,0.7590132827324478,0.7374288425047438,0.5040322580645161,0.5007115749525617,0.8095351043643264,0.7824952561669829,0.5040322580645161,0.637245018975332
PRV56483,0,1,1,0,0.0,3300.0,3300.0,0.0,2,6600.0,0.5007115749525617,0.7590132827324478,0.7374288425047438,0.5040322580645161,0.5007115749525617,0.8095351043643264,0.7824952561669829,0.5040322580645161,0.637245018975332
PRV56484,0,1,1,0,0.0,3300.0,3300.0,0.0,2,6600.0,0.5007115749525617,0.7590132827324478,0.7374288425047438,0.5040322580645161,0.5007115749525617,0.8095351043643264,0.7824952561669829,0.5040322580645161,0.637245018975332
PRV56489,0,1,1,0,0.0,3300.0,3300.0,0.0,2,6600.0,0.5007115749525617,0.7590132827324478,0.7374288425047438,0.5040322580645161,0.5007115749525617,0.8095351043643264,0.7824952561669829,0.5040322580645161,0.637245018975332
PRV56495,0,1,1,0,0.0,3300.0,3300.0,0.0,2,6600.0,0.5007115749525617,0.7590132827324478,0.7374288425047438,0.5040322580645161,0.5007115749525617,0.8095351043643264,0.7824952561669829,0.5040322580645161,0.637245018975332
PRV56496,0,1,1,0,0.0,3300.0,3300.0,0.0,2,6600.0,0.5007115749525617,0.7590132827324478,0.7374288425047438,0.5040322580645161,0.5007115749525617,0.8095351043643264,0.7824952561669829,0.5040322580645161,0.637245018975332
PRV56504,0,1,1,0,0.0,3300.0,3300.0,0.0,2,6600.0,0.5007115749525617,0.7590132827324478,0.7374288425047438,0.5040322580645161,0.5007115749525617,0.8095351043643264,0.7824952561669829,0.5040322580645161,0.637245018975332
PRV56526,0,1,1,0,0.0,3300.0,3300.0,0.0,2,6600.0,0.5007115749525617,0.7590132827324478,0.7374288425047438,0.5040322580645161,0.5007115749525617,0.8095351043643264,0.7824952561669829,0.5040322580645161,0.637245018975332
PRV56527,0,1,1,0,0.0,3300.0,3300.0,0.0,2,6600.0,0.5007115749525617,0.7590132827324478,0.7374288425047438,0.5040322580645161,0.5007115749525617,0.8095351043643264,0.7824952561669829,0.5040322580645161,0.637245018975332
PRV56535,0,1,1,0,0.0,3300.0,3300.0,0.0,2,6600.0,0.5007115749525617,0.7590132827324478,0.7374288425047438,0.5040322580645161,0.5007115749525617,0.8095351043643264,0.7824952561669829,0.5040322580645161,0.637245018975332
PRV56536,0,1,1,0,0.0,3300.0,3300.0,0.0,2,6600.0,0.5007115749525617,0.7590132827324478,0.7374288425047438,0.5040322580645161,0.5007115749525617,0.8095351043643264,0.7824952561669829,0.5040322580645161,0.637245018975332
PRV56551,0,1,1,0,0.0,3300.0,3300.0,0.0,2,6600.0,0.5007115749525617,0.7590132827324478,0.7374288425047438,0.5040322580645161,0.5007115749525617,0.8095351043643264,0.7824952561669829,0.5040322580645161,0.637245018975332
PRV56554,0,1,1,0,0.0,3300.0,3300.0,0.0,2,6600.0,0.5007115749525617,0.7590132827324478,0.7374288425047438,0.5040322580645161,0.5007115749525617,0.8095351043643264,0.7824952561669829,0.5040322580645161,0.637245018975332
PRV56562,0,1,1,0,0.0,3300.0,3300.0,0.0,2,6600.0,0.5007115749525617,0.7590132827324478,0.7374288425047438,0.5040322580645161,0.5007115749525617,0.8095351043643264,0.7824952561669829,0.5040322580645161,0.637245018975332
PRV56571,0,1,1,0,0.0,3300.0,3300.0,0.0,2,6600.0,0.5007115749525617,0.7590132827324478,0.7374288425047438,0.5040322580645161,0.5007115749525617,0.8095351043643264,0.7824952561669829,0.5040322580645161,0.637245018975332
PRV56576,0,1,1,0,0.0,3300.0,3300.0,0.0,2,6600.0,0.5007115749525617,0.7590132827324478,0.7374288425047438,0.5040322580645161,0.5007115749525617,0.8095351043643264,0.7824952561669829,0.5040322580645161,0.637245018975332
PRV56578,0,1,1,0,0.0,3300.0,3300.0,0.0,2,6600.0,0.5007115749525617,0.7590132827324478,0.7374288425047438,0.5040322580645161,0.5007115749525617,0.8095351043643264,0.7824952561669829,0.5040322580645161,0.637245018975332
PRV56580,0,1,1,0,0.0,3300.0,3300.0,0.0,2,6600.0,0.5007115749525617,0.7590132827324478,0.7374288425047438,0.5040322580645161,0.5007115749525617,0.8095351043643264,0.7824952561669829,0.5040322580645161,0.637245018975332
PRV56584,0,1,1,0,0.0,3300.0,3300.0,0.0,2,6600.0,0.5007115749525617,0.7590132827324478,0.7374288425047438,0.5040322580645161,0.5007115749525617,0.8095351043643264,0.7824952561669829,0.5040322580645161,0.637245018975332
PRV56591,0,1,1,0,0.0,3300.0,3300.0,0.0,2,6600.0,0.5007115749525617,0.7590132827324478,0.7374288425047438,0.5040322580645161,0.5007115749525617,0.8095351043643264,0.7824952561669829,0.5040322580645161,0.637245018975332
PRV56595,0,1,1,0,0.0,3300.0,3300.0,0.0,2,6600.0,0.5007115749525617,0.7590132827324478,0.7374288425047438,0.5040322580645161,0.5007115749525617,0.8095351043643264,0.7824952561669829,0.5040322580645161,0.637245018975332
PRV56604,0,1,1,0,0.0,3300.0,3300.0,0.0,2,6600.0,0.5007115749525617,0.7590132827324478,0.7374288425047438,0.5040322580645161,0.5007115749525617,0.8095351043643264,0.7824952561669829,0.5040322580645161,0.637245018975332
PRV56607,0,1,1,0,0.0,3300.0,3300.0,0.0,2,6600.0,0.5007115749525617,0.7590132827324478,0.7374288425047438,0.5040322580645161,0.5007115749525617,0.8095351043643264,0.7824952561669829,0.5040322580645161,0.637245018975332
PRV56616,0,1,1,0,0.0,3300.0,3300.0,0.0,2,6600.0,0.5007115749525617,0.7590132827324478,0.7374288425047438,0.5040322580645161,0.5007115749525617,0.8095351043643264,0.7824952561669829,0.5040322580645161,0.637245018975332
PRV56625,0,1,1,0,0.0,3300.0,3300.0,0.0,2,6600.0,0.5007115749525617,0.7590132827324478,0.7374288425047438,0.5040322580645161,0.5007115749525617,0.8095351043643264,0.7824952561669829,0.5040322580645161,0.637245018975332
PRV56628,0,1,1,0,0.0,3300.0,3300.0,0.0,2,6600.0,0.5007115749525617,0.7590132827324478,0.7374288425047438,0.5040322580645161,0.5007115749525617,0.8095351043643264,0.7824952561669829,0.5040322580645161,0.637245018975332
PRV56648,0,1,1,0,0.0,3300.0,3300.0,0.0,2,6600.0,0.5007115749525617,0.7590132827324478,0.7374288425047438,0.5040322580645161,0.5007115749525617,0.8095351043643264,0.7824952561669829,0.5040322580645161,0.637245018975332
PRV56649,0,1,1,0,0.0,3300.0,3300.0,0.0,2,6600.0,0.5007115749525617,0.7590132827324478,0.7374288425047438,0.5040322580645161,0.5007115749525617,0.8095351043643264,0.7824952561669829,0.5040322580645161,0.637245018975332
PRV56659,0,1,1,0,0.0,3300.0,3300.0,0.0,2,6600.0,0.5007115749525617,0.7590132827324478,0.7374288425047438,0.5040322580645161,0.5007115749525617,0.8095351043643264,0.7824952561669829,0.5040322580645161,0.637245018975332
PRV56663,0,1,1,0,0.0,3300.0,3300.0,0.0,2,6600.0,0.5007115749525617,0.7590132827324478,0.7374288425047438,0.5040322580645161,0.5007115749525617,0.8095351043643264,0.7824952561669829,0.5040322580645161,0.637245018975332
PRV56674,0,1,1,0,0.0,3300.0,3300.0,0.0,2,6600.0,0.5007115749525617,0.7590132827324478,0.7374288425047438,0.5040322580645161,0.5007115749525617,0.8095351043643264,0.7824952561669829,0.5040322580645161,0.637245018975332
PRV56687,0,1,1,0,0.0,3300.0,3300.0,0.0,2,6600.0,0.5007115749525617,0.7590132827324478,0.7374288425047438,0.5040322580645161,0.5007115749525617,0.8095351043643264,0.7824952561669829,0.5040322580645161,0.637245018975332
PRV56697,0,1,1,0,0.0,3300.0,3300.0,0.0,2,6600.0,0.5007115749525617,0.7590132827324478,0.7374288425047438,0.5040322580645161,0.5007115749525617,0.8095351043643264,0.7824952561669829,0.5040322580645161,0.637245018975332
PRV56711,0,1,1,0,0.0,3300.0,3300.0,0.0,2,6600.0,0.5007115749525617,0.7590132827324478,0.7374288425047438,0.5040322580645161,0.5007115749525617,0.8095351043643264,0.7824952561669829,0.5040322580645161,0.637245018975332
PRV56719,0,1,1,0,0.0,3300.0,3300.0,0.0,2,6600.0,0.5007115749525617,0.7590132827324478,0.7374288425047438,0.5040322580645161,0.5007115749525617,0.8095351043643264,0.7824952561669829,0.5040322580645161,0.637245018975332
PRV56728,0,1,1,0,0.0,3300.0,3300.0,0.0,2,6600.0,0.5007115749525617,0.7590132827324478,0.7374288425047438,0.5040322580645161,0.5007115749525617,0.8095351043643264,0.7824952561669829,0.5040322580645161,0.637245018975332
PRV56730,0,1,1,0,0.0,3300.0,3300.0,0.0,2,6600.0,0.5007115749525617,0.7590132827324478,0.7374288425047438,0.5040322580645161,0.5007115749525617,0.8095351043643264,0.7824952561669829,0.5040322580645161,0.637245018975332
PRV56753,0,1,1,0,0.0,3300.0,3300.0,0.0,2,6600.0,0.5007115749525617,0.7590132827324478,0.7374288425047438,0.5040322580645161,0.5007115749525617,0.8095351043643264,0.7824952561669829,0.5040322580645161,0.637245018975332
PRV56754,0,1,1,0,0.0,3300.0,3300.0,0.0,2,6600.0,0.5007115749525617,0.7590132827324478,0.7374288425047438,0.5040322580645161,0.5007115749525617,0.8095351043643264,0.7824952561669829,0.5040322580645161,0.637245018975332
PRV56764,0,1,1,0,0.0,3300.0,3300.0,0.0,2,6600.0,0.5007115749525617,0.7590132827324478,0.7374288425047438,0.5040322580645161,0.5007115749525617,0.8095351043643264,0.7824952561669829,0.5040322580645161,0.637245018975332
PRV56773,0,1,1,0,0.0,3300.0,3300.0,0.0,2,6600.0,0.5007115749525617,0.7590132827324478,0.7374288425047438,0.5040322580645161,0.5007115749525617,0.8095351043643264,0.7824952561669829,0.5040322580645161,0.637245018975332
PRV56775,0,1,1,0,0.0,3300.0,3300.0,0.0,2,6600.0,0.5007115749525617,0.7590132827324478,0.7374288425047438,0.5040322580645161,0.5007115749525617,0.8095351043643264,0.7824952561669829,0.5040322580645161,0.637245018975332
PRV56793,0,1,1,0,0.0,3300.0,3300.0,0.0,2,6600.0,0.5007115749525617,0.7590132827324478,0.7374288425047438,0.5040322580645161,0.5007115749525617,0.8095351043643264,0.7824952561669829,0.5040322580645161,0.637245018975332
PRV56801,0,1,1,0,0.0,3300.0,3300.0,0.0,2,6600.0,0.5007115749525617,0.7590132827324478,0.7374288425047438,0.5040322580645161,0.5007115749525617,0.8095351043643264,0.7824952561669829,0.5040322580645161,0.637245018975332
PRV56811,0,1,1,0,0.0,3300.0,3300.0,0.0,2,6600.0,0.5007115749525617,0.7590132827324478,0.7374288425047438,0.5040322580645161,0.5007115749525617,0.8095351043643264,0.7824952561669829,0.5040322580645161,0.637245018975332
PRV56813,0,1,1,0,0.0,3300.0,3300.0,0.0,2,6600.0,0.5007115749525617,0.7590132827324478,0.7374288425047438,0.5040322580645161,0.5007115749525617,0.8095351043643264,0.7824952561669829,0.5040322580645161,0.637245018975332
PRV56830,0,1,1,0,0.0,3300.0,3300.0,0.0,2,6600.0,0.5007115749525617,0.7590132827324478,0.7374288425047438,0.5040322580645161,0.5007115749525617,0.8095351043643264,0.7824952561669829,0.5040322580645161,0.637245018975332
PRV56835,0,1,1,0,0.0,3300.0,3300.0,0.0,2,6600.0,0.5007115749525617,0.7590132827324478,0.7374288425047438,0.5040322580645161,0.5007115749525617,0.8095351043643264,0.7824952561669829,0.5040322580645161,0.637245018975332
PRV56837,0,1,1,0,0.0,3300.0,3300.0,0.0,2,6600.0,0.5007115749525617,0.7590132827324478,0.7374288425047438,0.5040322580645161,0.5007115749525617,0.8095351043643264,0.7824952561669829,0.5040322580645161,0.637245018975332
PRV56846,0,1,1,0,0.0,3300.0,3300.0,0.0,2,6600.0,0.5007115749525617,0.7590132827324478,0.7374288425047438,0.5040322580645161,0.5007115749525617,0.8095351043643264,0.7824952561669829,0.5040322580645161,0.637245018975332
PRV56863,0,1,1,0,0.0,3300.0,3300.0,0.0,2,6600.0,0.5007115749525617,0.7590132827324478,0.7374288425047438,0.5040322580645161,0.5007115749525617,0.8095351043643264,0.7824952561669829,0.5040322580645161,0.637245018975332
PRV56866,0,1,1,0,0.0,3300.0,3300.0,0.0,2,6600.0,0.5007115749525617,0.7590132827324478,0.7374288425047438,0.5040322580645161,0.5007115749525617,0.8095351043643264,0.7824952561669829,0.5040322580645161,0.637245018975332
PRV56879,0,1,1,0,0.0,3300.0,3300.0,0.0,2,6600.0,0.5007115749525617,0.7590132827324478,0.7374288425047438,0.5040322580645161,0.5007115749525617,0.8095351043643264,0.7824952561669829,0.5040322580645161,0.637245018975332
PRV56935,0,1,1,0,0.0,3300.0,3300.0,0.0,2,6600.0,0.5007115749525617,0.7590132827324478,0.7374288425047438,0.5040322580645161,0.5007115749525617,0.8095351043643264,0.7824952561669829,0.5040322580645161,0.637245018975332
PRV56949,0,1,1,0,0.0,3300.0,3300.0,0.0,2,6600.0,0.5007115749525617,0.7590132827324478,0.7374288425047438,0.5040322580645161,0.5007115749525617,0.8095351043643264,0.7824952561669829,0.5040322580645161,0.637245018975332
PRV56991,0,1,1,0,0.0,3300.0,3300.0,0.0,2,6600.0,0.5007115749525617,0.7590132827324478,0.7374288425047438,0.5040322580645161,0.5007115749525617,0.8095351043643264,0.7824952561669829,0.5040322580645161,0.637245018975332
PRV56995,0,1,1,0,0.0,3300.0,3300.0,0.0,2,6600.0,0.5007115749525617,0.7590132827324478,0.7374288425047438,0.5040322580645161,0.5007115749525617,0.8095351043643264,0.7824952561669829,0.5040322580645161,0.637245018975332
PRV57000,0,1,1,0,0.0,3300.0,3300.0,0.0,2,6600.0,0.5007115749525617,0.7590132827324478,0.7374288425047438,0.5040322580645161,0.5007115749525617,0.8095351043643264,0.7824952561669829,0.5040322580645161,0.637245018975332
PRV57006,0,1,1,0,0.0,3300.0,3300.0,0.0,2,6600.0,0.5007115749525617,0.7590132827324478,0.7374288425047438,0.5040322580645161,0.5007115749525617,0.8095351043643264,0.7824952561669829,0.5040322580645161,0.637245018975332
PRV57010,0,1,1,0,0.0,3300.0,3300.0,0.0,2,6600.0,0.5007115749525617,0.7590132827324478,0.7374288425047438,0.5040322580645161,0.5007115749525617,0.8095351043643264,0.7824952561669829,0.5040322580645161,0.637245018975332
PRV57013,0,1,1,0,0.0,3300.0,3300.0,0.0,2,6600.0,0.5007115749525617,0.7590132827324478,0.7374288425047438,0.5040322580645161,0.5007115749525617,0.8095351043643264,0.7824952561669829,0.5040322580645161,0.637245018975332
PRV57014,0,1,1,0,0.0,3300.0,3300.0,0.0,2,6600.0,0.5007115749525617,0.7590132827324478,0.7374288425047438,0.5040322580645161,0.5007115749525617,0.8095351043643264,0.7824952561669829,0.5040322580645161,0.637245018975332
PRV57034,0,1,1,0,0.0,3300.0,3300.0,0.0,2,6600.0,0.5007115749525617,0.7590132827324478,0.7374288425047438,0.5040322580645161,0.5007115749525617,0.8095351043643264,0.7824952561669829,0.5040322580645161,0.637245018975332
PRV57057,0,1,1,0,0.0,3300.0,3300.0,0.0,2,6600.0,0.5007115749525617,0.7590132827324478,0.7374288425047438,0.5040322580645161,0.5007115749525617,0.8095351043643264,0.7824952561669829,0.5040322580645161,0.637245018975332
PRV57059,0,1,1,0,0.0,3300.0,3300.0,0.0,2,6600.0,0.5007115749525617,0.7590132827324478,0.7374288425047438,0.5040322580645161,0.5007115749525617,0.8095351043643264,0.7824952561669829,0.5040322580645161,0.637245018975332
PRV57104,0,1,1,0,0.0,3300.0,3300.0,0.0,2,6600.0,0.5007115749525617,0.7590132827324478,0.7374288425047438,0.5040322580645161,0.5007115749525617,0.8095351043643264,0.7824952561669829,0.5040322580645161,0.637245018975332
PRV57107,0,1,1,0,0.0,3300.0,3300.0,0.0,2,6600.0,0.5007115749525617,0.7590132827324478,0.7374288425047438,0.5040322580645161,0.5007115749525617,0.8095351043643264,0.7824952561669829,0.5040322580645161,0.637245018975332
PRV57148,0,1,1,0,0.0,3300.0,3300.0,0.0,2,6600.0,0.5007115749525617,0.7590132827324478,0.7374288425047438,0.5040322580645161,0.5007115749525617,0.8095351043643264,0.7824952561669829,0.5040322580645161,0.637245018975332
PRV57153,0,1,1,0,0.0,3300.0,3300.0,0.0,2,6600.0,0.5007115749525617,0.7590132827324478,0.7374288425047438,0.5040322580645161,0.5007115749525617,0.8095351043643264,0.7824952561669829,0.5040322580645161,0.637245018975332
PRV57167,0,1,1,0,0.0,3300.0,3300.0,0.0,2,6600.0,0.5007115749525617,0.7590132827324478,0.7374288425047438,0.5040322580645161,0.5007115749525617,0.8095351043643264,0.7824952561669829,0.5040322580645161,0.637245018975332
PRV57171,0,1,1,0,0.0,3300.0,3300.0,0.0,2,6600.0,0.5007115749525617,0.7590132827324478,0.7374288425047438,0.5040322580645161,0.5007115749525617,0.8095351043643264,0.7824952561669829,0.5040322580645161,0.637245018975332
PRV57175,0,1,1,0,0.0,3300.0,3300.0,0.0,2,6600.0,0.5007115749525617,0.7590132827324478,0.7374288425047438,0.5040322580645161,0.5007115749525617,0.8095351043643264,0.7824952561669829,0.5040322580645161,0.637245018975332
PRV57176,0,1,1,0,0.0,3300.0,3300.0,0.0,2,6600.0,0.5007115749525617,0.7590132827324478,0.7374288425047438,0.5040322580645161,0.5007115749525617,0.8095351043643264,0.7824952561669829,0.5040322580645161,0.637245018975332
PRV57182,0,1,1,0,0.0,3300.0,3300.0,0.0,2,6600.0,0.5007115749525617,0.7590132827324478,0.7374288425047438,0.5040322580645161,0.5007115749525617,0.8095351043643264,0.7824952561669829,0.5040322580645161,0.637245018975332
PRV57184,0,1,1,0,0.0,3300.0,3300.0,0.0,2,6600.0,0.5007115749525617,0.7590132827324478,0.7374288425047438,0.5040322580645161,0.5007115749525617,0.8095351043643264,0.7824952561669829,0.5040322580645161,0.637245018975332
PRV57186,0,1,1,0,0.0,3300.0,3300.0,0.0,2,6600.0,0.5007115749525617,0.7590132827324478,0.7374288425047438,0.5040322580645161,0.5007115749525617,0.8095351043643264,0.7824952561669829,0.5040322580645161,0.637245018975332
PRV57187,0,1,1,0,0.0,3300.0,3300.0,0.0,2,6600.0,0.5007115749525617,0.7590132827324478,0.7374288425047438,0.5040322580645161,0.5007115749525617,0.8095351043643264,0.7824952561669829,0.5040322580645161,0.637245018975332
PRV57190,0,1,1,0,0.0,3300.0,3300.0,0.0,2,6600.0,0.5007115749525617,0.7590132827324478,0.7374288425047438,0.5040322580645161,0.5007115749525617,0.8095351043643264,0.7824952561669829,0.5040322580645161,0.637245018975332
PRV57200,0,1,1,0,0.0,3300.0,3300.0,0.0,2,6600.0,0.5007115749525617,0.7590132827324478,0.7374288425047438,0.5040322580645161,0.5007115749525617,0.8095351043643264,0.7824952561669829,0.5040322580645161,0.637245018975332
PRV57207,0,1,1,0,0.0,3300.0,3300.0,0.0,2,6600.0,0.5007115749525617,0.7590132827324478,0.7374288425047438,0.5040322580645161,0.5007115749525617,0.8095351043643264,0.7824952561669829,0.5040322580645161,0.637245018975332
PRV57212,0,1,1,0,0.0,3300.0,3300.0,0.0,2,6600.0,0.5007115749525617,0.7590132827324478,0.7374288425047438,0.5040322580645161,0.5007115749525617,0.8095351043643264,0.7824952561669829,0.5040322580645161,0.637245018975332
PRV57216,0,1,1,0,0.0,3300.0,3300.0,0.0,2,6600.0,0.5007115749525617,0.7590132827324478,0.7374288425047438,0.5040322580645161,0.5007115749525617,0.8095351043643264,0.7824952561669829,0.5040322580645161,0.637245018975332
PRV57219,0,1,1,0,0.0,3300.0,3300.0,0.0,2,6600.0,0.5007115749525617,0.7590132827324478,0.7374288425047438,0.5040322580645161,0.5007115749525617,0.8095351043643264,0.7824952561669829,0.5040322580645161,0.637245018975332
PRV57224,0,1,1,0,0.0,3300.0,3300.0,0.0,2,6600.0,0.5007115749525617,0.7590132827324478,0.7374288425047438,0.5040322580645161,0.5007115749525617,0.8095351043643264,0.7824952561669829,0.5040322580645161,0.637245018975332
PRV57234,0,1,1,0,0.0,3300.0,3300.0,0.0,2,6600.0,0.5007115749525617,0.7590132827324478,0.7374288425047438,0.5040322580645161,0.5007115749525617,0.8095351043643264,0.7824952561669829,0.5040322580645161,0.637245018975332
PRV57236,0,1,1,0,0.0,3300.0,3300.0,0.0,2,6600.0,0.5007115749525617,0.7590132827324478,0.7374288425047438,0.5040322580645161,0.5007115749525617,0.8095351043643264,0.7824952561669829,0.5040322580645161,0.637245018975332
PRV57238,0,1,1,0,0.0,3300.0,3300.0,0.0,2,6600.0,0.5007115749525617,0.7590132827324478,0.7374288425047438,0.5040322580645161,0.5007115749525617,0.8095351043643264,0.7824952561669829,0.5040322580645161,0.637245018975332
PRV57241,0,1,1,0,0.0,3300.0,3300.0,0.0,2,6600.0,0.5007115749525617,0.7590132827324478,0.7374288425047438,0.5040322580645161,0.5007115749525617,0.8095351043643264,0.7824952561669829,0.5040322580645161,0.637245018975332
PRV57242,0,1,1,0,0.0,3300.0,3300.0,0.0,2,6600.0,0.5007115749525617,0.7590132827324478,0.7374288425047438,0.5040322580645161,0.5007115749525617,0.8095351043643264,0.7824952561669829,0.5040322580645161,0.637245018975332
PRV57246,0,1,1,0,0.0,3300.0,3300.0,0.0,2,6600.0,0.5007115749525617,0.7590132827324478,0.7374288425047438,0.5040322580645161,0.5007115749525617,0.8095351043643264,0.7824952561669829,0.5040322580645161,0.637245018975332
PRV57259,0,1,1,0,0.0,3300.0,3300.0,0.0,2,6600.0,0.5007115749525617,0.7590132827324478,0.7374288425047438,0.5040322580645161,0.5007115749525617,0.8095351043643264,0.7824952561669829,0.5040322580645161,0.637245018975332
PRV57289,0,1,1,0,0.0,3300.0,3300.0,0.0,2,6600.0,0.5007115749525617,0.7590132827324478,0.7374288425047438,0.5040322580645161,0.5007115749525617,0.8095351043643264,0.7824952561669829,0.5040322580645161,0.637245018975332
PRV57307,0,1,1,0,0.0,3300.0,3300.0,0.0,2,6600.0,0.5007115749525617,0.7590132827324478,0.7374288425047438,0.5040322580645161,0.5007115749525617,0.8095351043643264,0.7824952561669829,0.5040322580645161,0.637245018975332
PRV57312,0,1,1,0,0.0,3300.0,3300.0,0.0,2,6600.0,0.5007115749525617,0.7590132827324478,0.7374288425047438,0.5040322580645161,0.5007115749525617,0.8095351043643264,0.7824952561669829,0.5040322580645161,0.637245018975332
PRV57320,0,1,1,0,0.0,3300.0,3300.0,0.0,2,6600.0,0.5007115749525617,0.7590132827324478,0.7374288425047438,0.5040322580645161,0.5007115749525617,0.8095351043643264,0.7824952561669829,0.5040322580645161,0.637245018975332
PRV57331,0,1,1,0,0.0,3300.0,3300.0,0.0,2,6600.0,0.5007115749525617,0.7590132827324478,0.7374288425047438,0.5040322580645161,0.5007115749525617,0.8095351043643264,0.7824952561669829,0.5040322580645161,0.637245018975332
PRV57343,0,1,1,0,0.0,3300.0,3300.0,0.0,2,6600.0,0.5007115749525617,0.7590132827324478,0.7374288425047438,0.5040322580645161,0.5007115749525617,0.8095351043643264,0.7824952561669829,0.5040322580645161,0.637245018975332
PRV57358,0,1,1,0,0.0,3300.0,3300.0,0.0,2,6600.0,0.5007115749525617,0.7590132827324478,0.7374288425047438,0.5040322580645161,0.5007115749525617,0.8095351043643264,0.7824952561669829,0.5040322580645161,0.637245018975332
PRV57359,0,1,1,0,0.0,3300.0,3300.0,0.0,2,6600.0,0.5007115749525617,0.7590132827324478,0.7374288425047438,0.5040322580645161,0.5007115749525617,0.8095351043643264,0.7824952561669829,0.5040322580645161,0.637245018975332
PRV57366,0,1,1,0,0.0,3300.0,3300.0,0.0,2,6600.0,0.5007115749525617,0.7590132827324478,0.7374288425047438,0.5040322580645161,0.5007115749525617,0.8095351043643264,0.7824952561669829,0.5040322580645161,0.637245018975332
PRV57379,0,1,1,0,0.0,3300.0,3300.0,0.0,2,6600.0,0.5007115749525617,0.7590132827324478,0.7374288425047438,0.5040322580645161,0.5007115749525617,0.8095351043643264,0.7824952561669829,0.5040322580645161,0.637245018975332
PRV57380,0,1,1,0,0.0,3300.0,3300.0,0.0,2,6600.0,0.5007115749525617,0.7590132827324478,0.7374288425047438,0.5040322580645161,0.5007115749525617,0.8095351043643264,0.7824952561669829,0.5040322580645161,0.637245018975332
PRV57385,0,1,1,0,0.0,3300.0,3300.0,0.0,2,6600.0,0.5007115749525617,0.7590132827324478,0.7374288425047438,0.5040322580645161,0.5007115749525617,0.8095351043643264,0.7824952561669829,0.5040322580645161,0.637245018975332
PRV57389,0,1,1,0,0.0,3300.0,3300.0,0.0,2,6600.0,0.5007115749525617,0.7590132827324478,0.7374288425047438,0.5040322580645161,0.5007115749525617,0.8095351043643264,0.7824952561669829,0.5040322580645161,0.637245018975332
PRV57394,0,1,1,0,0.0,3300.0,3300.0,0.0,2,6600.0,0.5007115749525617,0.7590132827324478,0.7374288425047438,0.5040322580645161,0.5007115749525617,0.8095351043643264,0.7824952561669829,0.5040322580645161,0.637245018975332
PRV57404,0,1,1,0,0.0,3300.0,3300.0,0.0,2,6600.0,0.5007115749525617,0.7590132827324478,0.7374288425047438,0.5040322580645161,0.5007115749525617,0.8095351043643264,0.7824952561669829,0.5040322580645161,0.637245018975332
PRV57410,0,1,1,0,0.0,3300.0,3300.0,0.0,2,6600.0,0.5007115749525617,0.7590132827324478,0.7374288425047438,0.5040322580645161,0.5007115749525617,0.8095351043643264,0.7824952561669829,0.5040322580645161,0.637245018975332
PRV57424,0,1,1,0,0.0,3300.0,3300.0,0.0,2,6600.0,0.5007115749525617,0.7590132827324478,0.7374288425047438,0.5040322580645161,0.5007115749525617,0.8095351043643264,0.7824952561669829,0.5040322580645161,0.637245018975332
PRV57429,0,1,1,0,0.0,3300.0,3300.0,0.0,2,6600.0,0.5007115749525617,0.7590132827324478,0.7374288425047438,0.5040322580645161,0.5007115749525617,0.8095351043643264,0.7824952561669829,0.5040322580645161,0.637245018975332
PRV57432,0,1,1,0,0.0,3300.0,3300.0,0.0,2,6600.0,0.5007115749525617,0.7590132827324478,0.7374288425047438,0.5040322580645161,0.5007115749525617,0.8095351043643264,0.7824952561669829,0.5040322580645161,0.637245018975332
PRV57437,0,1,1,0,0.0,3300.0,3300.0,0.0,2,6600.0,0.5007115749525617,0.7590132827324478,0.7374288425047438,0.5040322580645161,0.5007115749525617,0.8095351043643264,0.7824952561669829,0.5040322580645161,0.637245018975332
PRV57441,0,1,1,0,0.0,3300.0,3300.0,0.0,2,6600.0,0.5007115749525617,0.7590132827324478,0.7374288425047438,0.5040322580645161,0.5007115749525617,0.8095351043643264,0.7824952561669829,0.5040322580645161,0.637245018975332
PRV57448,0,1,1,0,0.0,3300.0,3300.0,0.0,2,6600.0,0.5007115749525617,0.7590132827324478,0.7374288425047438,0.5040322580645161,0.5007115749525617,0.8095351043643264,0.7824952561669829,0.5040322580645161,0.637245018975332
PRV57449,0,1,1,0,0.0,3300.0,3300.0,0.0,2,6600.0,0.5007115749525617,0.7590132827324478,0.7374288425047438,0.5040322580645161,0.5007115749525617,0.8095351043643264,0.7824952561669829,0.5040322580645161,0.637245018975332
PRV57450,0,1,1,0,0.0,3300.0,3300.0,0.0,2,6600.0,0.5007115749525617,0.7590132827324478,0.7374288425047438,0.5040322580645161,0.5007115749525617,0.8095351043643264,0.7824952561669829,0.5040322580645161,0.637245018975332
PRV57459,0,1,1,0,0.0,3300.0,3300.0,0.0,2,6600.0,0.5007115749525617,0.7590132827324478,0.7374288425047438,0.5040322580645161,0.5007115749525617,0.8095351043643264,0.7824952561669829,0.5040322580645161,0.637245018975332
PRV57469,0,1,1,0,0.0,3300.0,3300.0,0.0,2,6600.0,0.5007115749525617,0.7590132827324478,0.7374288425047438,0.5040322580645161,0.5007115749525617,0.8095351043643264,0.7824952561669829,0.5040322580645161,0.637245018975332
PRV57475,0,1,1,0,0.0,3300.0,3300.0,0.0,2,6600.0,0.5007115749525617,0.7590132827324478,0.7374288425047438,0.5040322580645161,0.5007115749525617,0.8095351043643264,0.7824952561669829,0.5040322580645161,0.637245018975332
PRV57477,0,1,1,0,0.0,3300.0,3300.0,0.0,2,6600.0,0.5007115749525617,0.7590132827324478,0.7374288425047438,0.5040322580645161,0.5007115749525617,0.8095351043643264,0.7824952561669829,0.5040322580645161,0.637245018975332
PRV57496,0,1,1,0,0.0,3300.0,3300.0,0.0,2,6600.0,0.5007115749525617,0.7590132827324478,0.7374288425047438,0.5040322580645161,0.5007115749525617,0.8095351043643264,0.7824952561669829,0.5040322580645161,0.637245018975332
PRV57499,0,1,1,0,0.0,3300.0,3300.0,0.0,2,6600.0,0.5007115749525617,0.7590132827324478,0.7374288425047438,0.5040322580645161,0.5007115749525617,0.8095351043643264,0.7824952561669829,0.5040322580645161,0.637245018975332
PRV57514,0,1,1,0,0.0,3300.0,3300.0,0.0,2,6600.0,0.5007115749525617,0.7590132827324478,0.7374288425047438,0.5040322580645161,0.5007115749525617,0.8095351043643264,0.7824952561669829,0.5040322580645161,0.637245018975332
PRV57515,0,1,1,0,0.0,3300.0,3300.0,0.0,2,6600.0,0.5007115749525617,0.7590132827324478,0.7374288425047438,0.5040322580645161,0.5007115749525617,0.8095351043643264,0.7824952561669829,0.5040322580645161,0.637245018975332
PRV57519,0,1,1,0,0.0,3300.0,3300.0,0.0,2,6600.0,0.5007115749525617,0.7590132827324478,0.7374288425047438,0.5040322580645161,0.5007115749525617,0.8095351043643264,0.7824952561669829,0.5040322580645161,0.637245018975332
PRV57521,0,1,1,0,0.0,3300.0,3300.0,0.0,2,6600.0,0.5007115749525617,0.7590132827324478,0.7374288425047438,0.5040322580645161,0.5007115749525617,0.8095351043643264,0.7824952561669829,0.5040322580645161,0.637245018975332
PRV57526,0,1,1,0,0.0,3300.0,3300.0,0.0,2,6600.0,0.5007115749525617,0.7590132827324478,0.7374288425047438,0.5040322580645161,0.5007115749525617,0.8095351043643264,0.7824952561669829,0.5040322580645161,0.637245018975332
PRV57531,0,1,1,0,0.0,3300.0,3300.0,0.0,2,6600.0,0.5007115749525617,0.7590132827324478,0.7374288425047438,0.5040322580645161,0.5007115749525617,0.8095351043643264,0.7824952561669829,0.5040322580645161,0.637245018975332
PRV57533,0,1,1,0,0.0,3300.0,3300.0,0.0,2,6600.0,0.5007115749525617,0.7590132827324478,0.7374288425047438,0.5040322580645161,0.5007115749525617,0.8095351043643264,0.7824952561669829,0.5040322580645161,0.637245018975332
PRV57534,0,1,1,0,0.0,3300.0,3300.0,0.0,2,6600.0,0.5007115749525617,0.7590132827324478,0.7374288425047438,0.5040322580645161,0.5007115749525617,0.8095351043643264,0.7824952561669829,0.5040322580645161,0.637245018975332
PRV57539,0,1,1,0,0.0,3300.0,3300.0,0.0,2,6600.0,0.5007115749525617,0.7590132827324478,0.7374288425047438,0.5040322580645161,0.5007115749525617,0.8095351043643264,0.7824952561669829,0.5040322580645161,0.637245018975332
PRV57543,0,1,1,0,0.0,3300.0,3300.0,0.0,2,6600.0,0.5007115749525617,0.7590132827324478,0.7374288425047438,0.5040322580645161,0.5007115749525617,0.8095351043643264,0.7824952561669829,0.5040322580645161,0.637245018975332
PRV57545,0,1,1,0,0.0,3300.0,3300.0,0.0,2,6600.0,0.5007115749525617,0.7590132827324478,0.7374288425047438,0.5040322580645161,0.5007115749525617,0.8095351043643264,0.7824952561669829,0.5040322580645161,0.637245018975332
PRV57550,0,1,1,0,0.0,3300.0,3300.0,0.0,2,6600.0,0.5007115749525617,0.7590132827324478,0.7374288425047438,0.5040322580645161,0.5007115749525617,0.8095351043643264,0.7824952561669829,0.5040322580645161,0.637245018975332
PRV57558,0,1,1,0,0.0,3300.0,3300.0,0.0,2,6600.0,0.5007115749525617,0.7590132827324478,0.7374288425047438,0.5040322580645161,0.5007115749525617,0.8095351043643264,0.7824952561669829,0.5040322580645161,0.637245018975332
PRV57569,0,1,1,0,0.0,3300.0,3300.0,0.0,2,6600.0,0.5007115749525617,0.7590132827324478,0.7374288425047438,0.5040322580645161,0.5007115749525617,0.8095351043643264,0.7824952561669829,0.5040322580645161,0.637245018975332
PRV57573,0,1,1,0,0.0,3300.0,3300.0,0.0,2,6600.0,0.5007115749525617,0.7590132827324478,0.7374288425047438,0.5040322580645161,0.5007115749525617,0.8095351043643264,0.7824952561669829,0.5040322580645161,0.637245018975332
PRV57575,0,1,1,0,0.0,3300.0,3300.0,0.0,2,6600.0,0.5007115749525617,0.7590132827324478,0.7374288425047438,0.5040322580645161,0.5007115749525617,0.8095351043643264,0.7824952561669829,0.5040322580645161,0.637245018975332
PRV57577,0,1,1,0,0.0,3300.0,3300.0,0.0,2,6600.0,0.5007115749525617,0.7590132827324478,0.7374288425047438,0.5040322580645161,0.5007115749525617,0.8095351043643264,0.7824952561669829,0.5040322580645161,0.637245018975332
PRV57580,0,1,1,0,0.0,3300.0,3300.0,0.0,2,6600.0,0.5007115749525617,0.7590132827324478,0.7374288425047438,0.5040322580645161,0.5007115749525617,0.8095351043643264,0.7824952561669829,0.5040322580645161,0.637245018975332
PRV57592,0,1,1,0,0.0,3300.0,3300.0,0.0,2,6600.0,0.5007115749525617,0.7590132827324478,0.7374288425047438,0.5040322580645161,0.5007115749525617,0.8095351043643264,0.7824952561669829,0.5040322580645161,0.637245018975332
PRV57627,0,1,1,0,0.0,3300.0,3300.0,0.0,2,6600.0,0.5007115749525617,0.7590132827324478,0.7374288425047438,0.5040322580645161,0.5007115749525617,0.8095351043643264,0.7824952561669829,0.5040322580645161,0.637245018975332
PRV57643,0,1,1,0,0.0,3300.0,3300.0,0.0,2,6600.0,0.5007115749525617,0.7590132827324478,0.7374288425047438,0.5040322580645161,0.5007115749525617,0.8095351043643264,0.7824952561669829,0.5040322580645161,0.637245018975332
PRV57646,0,1,1,0,0.0,3300.0,3300.0,0.0,2,6600.0,0.5007115749525617,0.7590132827324478,0.7374288425047438,0.5040322580645161,0.5007115749525617,0.8095351043643264,0.7824952561669829,0.5040322580645161,0.637245018975332
PRV57650,0,1,1,0,0.0,3300.0,3300.0,0.0,2,6600.0,0.5007115749525617,0.7590132827324478,0.7374288425047438,0.5040322580645161,0.5007115749525617,0.8095351043643264,0.7824952561669829,0.5040322580645161,0.637245018975332
PRV57652,0,1,1,0,0.0,3300.0,3300.0,0.0,2,6600.0,0.5007115749525617,0.7590132827324478,0.7374288425047438,0.5040322580645161,0.5007115749525617,0.8095351043643264,0.7824952561669829,0.5040322580645161,0.637245018975332
PRV57673,0,1,1,0,0.0,3300.0,3300.0,0.0,2,6600.0,0.5007115749525617,0.7590132827324478,0.7374288425047438,0.5040322580645161,0.5007115749525617,0.8095351043643264,0.7824952561669829,0.5040322580645161,0.637245018975332
PRV57683,0,1,1,0,0.0,3300.0,3300.0,0.0,2,6600.0,0.5007115749525617,0.7590132827324478,0.7374288425047438,0.5040322580645161,0.5007115749525617,0.8095351043643264,0.7824952561669829,0.5040322580645161,0.637245018975332
PRV57689,0,1,1,0,0.0,3300.0,3300.0,0.0,2,6600.0,0.5007115749525617,0.7590132827324478,0.7374288425047438,0.5040322580645161,0.5007115749525617,0.8095351043643264,0.7824952561669829,0.5040322580645161,0.637245018975332
PRV57693,0,1,1,0,0.0,3300.0,3300.0,0.0,2,6600.0,0.5007115749525617,0.7590132827324478,0.7374288425047438,0.5040322580645161,0.5007115749525617,0.8095351043643264,0.7824952561669829,0.5040322580645161,0.637245018975332
PRV57732,0,1,1,0,0.0,3300.0,3300.0,0.0,2,6600.0,0.5007115749525617,0.7590132827324478,0.7374288425047438,0.5040322580645161,0.5007115749525617,0.8095351043643264,0.7824952561669829,0.5040322580645161,0.637245018975332
PRV57734,0,1,1,0,0.0,3300.0,3300.0,0.0,2,6600.0,0.5007115749525617,0.7590132827324478,0.7374288425047438,0.5040322580645161,0.5007115749525617,0.8095351043643264,0.7824952561669829,0.5040322580645161,0.637245018975332
PRV57739,0,1,1,0,0.0,3300.0,3300.0,0.0,2,6600.0,0.5007115749525617,0.7590132827324478,0.7374288425047438,0.5040322580645161,0.5007115749525617,0.8095351043643264,0.7824952561669829,0.5040322580645161,0.637245018975332
PRV57748,0,1,1,0,0.0,3300.0,3300.0,0.0,2,6600.0,0.5007115749525617,0.7590132827324478,0.7374288425047438,0.5040322580645161,0.5007115749525617,0.8095351043643264,0.7824952561669829,0.5040322580645161,0.637245018975332
PRV57759,0,1,1,0,0.0,3300.0,3300.0,0.0,2,6600.0,0.5007115749525617,0.7590132827324478,0.7374288425047438,0.5040322580645161,0.5007115749525617,0.8095351043643264,0.7824952561669829,0.5040322580645161,0.637245018975332
PRV51142,0,1,0,0,0.0,57000.0,0.0,0.0,1,57000.0,0.5007115749525617,0.7590132827324478,0.9871916508538899,0.5040322580645161,0.5007115749525617,0.16911764705882354,0.9871916508538899,0.5040322580645161,0.6140002371916509
PRV51149,0,1,0,0,0.0,57000.0,0.0,0.0,1,57000.0,0.5007115749525617,0.7590132827324478,0.9871916508538899,0.5040322580645161,0.5007115749525617,0.16911764705882354,0.9871916508538899,0.5040322580645161,0.6140002371916509
PRV51170,0,1,0,0,0.0,57000.0,0.0,0.0,1,57000.0,0.5007115749525617,0.7590132827324478,0.9871916508538899,0.5040322580645161,0.5007115749525617,0.16911764705882354,0.9871916508538899,0.5040322580645161,0.6140002371916509
PRV51249,0,1,0,0,0.0,57000.0,0.0,0.0,1,57000.0,0.5007115749525617,0.7590132827324478,0.9871916508538899,0.5040322580645161,0.5007115749525617,0.16911764705882354,0.9871916508538899,0.5040322580645161,0.6140002371916509
PRV51490,0,1,0,0,0.0,57000.0,0.0,0.0,1,57000.0,0.5007115749525617,0.7590132827324478,0.9871916508538899,0.5040322580645161,0.5007115749525617,0.16911764705882354,0.9871916508538899,0.5040322580645161,0.6140002371916509
PRV51579,0,1,0,0,0.0,57000.0,0.0,0.0,1,57000.0,0.5007115749525617,0.7590132827324478,0.9871916508538899,0.5040322580645161,0.5007115749525617,0.16911764705882354,0.9871916508538899,0.5040322580645161,0.6140002371916509
PRV51584,0,1,0,0,0.0,57000.0,0.0,0.0,1,57000.0,0.5007115749525617,0.7590132827324478,0.9871916508538899,0.5040322580645161,0.5007115749525617,0.16911764705882354,0.9871916508538899,0.5040322580645161,0.6140002371916509
PRV51811,0,1,0,0,0.0,57000.0,0.0,0.0,1,57000.0,0.5007115749525617,0.7590132827324478,0.9871916508538899,0.5040322580645161,0.5007115749525617,0.16911764705882354,0.9871916508538899,0.5040322580645161,0.6140002371916509
PRV51826,0,1,0,0,0.0,57000.0,0.0,0.0,1,57000.0,0.5007115749525617,0.7590132827324478,0.9871916508538899,0.5040322580645161,0.5007115749525617,0.16911764705882354,0.9871916508538899,0.5040322580645161,0.6140002371916509
PRV51840,0,1,0,0,0.0,57000.0,0.0,0.0,1,57000.0,0.5007115749525617,0.7590132827324478,0.9871916508538899,0.5040322580645161,0.5007115749525617,0.16911764705882354,0.9871916508538899,0.5040322580645161,0.6140002371916509
PRV51868,0,1,0,0,0.0,57000.0,0.0,0.0,1,57000.0,0.5007115749525617,0.7590132827324478,0.9871916508538899,0.5040322580645161,0.5007115749525617,0.16911764705882354,0.9871916508538899,0.5040322580645161,0.6140002371916509
PRV52094,0,1,0,0,0.0,57000.0,0.0,0.0,1,57000.0,0.5007115749525617,0.7590132827324478,0.9871916508538899,0.5040322580645161,0.5007115749525617,0.16911764705882354,0.9871916508538899,0.5040322580645161,0.6140002371916509
PRV52100,0,1,0,0,0.0,57000.0,0.0,0.0,1,57000.0,0.5007115749525617,0.7590132827324478,0.9871916508538899,0.5040322580645161,0.5007115749525617,0.16911764705882354,0.9871916508538899,0.5040322580645161,0.6140002371916509
PRV52188,0,1,0,0,0.0,57000.0,0.0,0.0,1,57000.0,0.5007115749525617,0.7590132827324478,0.9871916508538899,0.5040322580645161,0.5007115749525617,0.16911764705882354,0.9871916508538899,0.5040322580645161,0.6140002371916509
PRV52302,0,1,0,0,0.0,57000.0,0.0,0.0,1,57000.0,0.5007115749525617,0.7590132827324478,0.9871916508538899,0.5040322580645161,0.5007115749525617,0.16911764705882354,0.9871916508538899,0.5040322580645161,0.6140002371916509
PRV52972,0,1,0,0,0.0,57000.0,0.0,0.0,1,57000.0,0.5007115749525617,0.7590132827324478,0.9871916508538899,0.5040322580645161,0.5007115749525617,0.16911764705882354,0.9871916508538899,0.5040322580645161,0.6140002371916509
PRV53129,0,1,0,0,0.0,57000.0,0.0,0.0,1,57000.0,0.5007115749525617,0.7590132827324478,0.9871916508538899,0.5040322580645161,0.5007115749525617,0.16911764705882354,0.9871916508538899,0.5040322580645161,0.6140002371916509
PRV53295,0,1,0,0,0.0,57000.0,0.0,0.0,1,57000.0,0.5007115749525617,0.7590132827324478,0.9871916508538899,0.5040322580645161,0.5007115749525617,0.16911764705882354,0.9871916508538899,0.5040322580645161,0.6140002371916509
PRV54093,0,1,0,0,0.0,57000.0,0.0,0.0,1,57000.0,0.5007115749525617,0.7590132827324478,0.9871916508538899,0.5040322580645161,0.5007115749525617,0.16911764705882354,0.9871916508538899,0.5040322580645161,0.6140002371916509
PRV54577,0,1,0,0,0.0,57000.0,0.0,0.0,1,57000.0,0.5007115749525617,0.7590132827324478,0.9871916508538899,0.5040322580645161,0.5007115749525617,0.16911764705882354,0.9871916508538899,0.5040322580645161,0.6140002371916509
PRV54637,0,1,0,0,0.0,57000.0,0.0,0.0,1,57000.0,0.5007115749525617,0.7590132827324478,0.9871916508538899,0.5040322580645161,0.5007115749525617,0.16911764705882354,0.9871916508538899,0.5040322580645161,0.6140002371916509
PRV54680,0,1,0,0,0.0,57000.0,0.0,0.0,1,57000.0,0.5007115749525617,0.7590132827324478,0.9871916508538899,0.5040322580645161,0.5007115749525617,0.16911764705882354,0.9871916508538899,0.5040322580645161,0.6140002371916509
PRV54718,0,1,0,0,0.0,57000.0,0.0,0.0,1,57000.0,0.5007115749525617,0.7590132827324478,0.9871916508538899,0.5040322580645161,0.5007115749525617,0.16911764705882354,0.9871916508538899,0.5040322580645161,0.6140002371916509
PRV54848,0,1,0,0,0.0,57000.0,0.0,0.0,1,57000.0,0.5007115749525617,0.7590132827324478,0.9871916508538899,0.5040322580645161,0.5007115749525617,0.16911764705882354,0.9871916508538899,0.5040322580645161,0.6140002371916509
PRV55023,0,1,0,0,0.0,57000.0,0.0,0.0,1,57000.0,0.5007115749525617,0.7590132827324478,0.9871916508538899,0.5040322580645161,0.5007115749525617,0.16911764705882354,0.9871916508538899,0.5040322580645161,0.6140002371916509
PRV55121,0,1,0,0,0.0,57000.0,0.0,0.0,1,57000.0,0.5007115749525617,0.7590132827324478,0.9871916508538899,0.5040322580645161,0.5007115749525617,0.16911764705882354,0.9871916508538899,0.5040322580645161,0.6140002371916509
PRV55147,0,1,0,0,0.0,57000.0,0.0,0.0,1,57000.0,0.5007115749525617,0.7590132827324478,0.9871916508538899,0.5040322580645161,0.5007115749525617,0.16911764705882354,0.9871916508538899,0.5040322580645161,0.6140002371916509
PRV56012,0,1,0,0,0.0,57000.0,0.0,0.0,1,57000.0,0.5007115749525617,0.7590132827324478,0.9871916508538899,0.5040322580645161,0.5007115749525617,0.16911764705882354,0.9871916508538899,0.5040322580645161,0.6140002371916509
PRV56017,0,1,0,0,0.0,57000.0,0.0,0.0,1,57000.0,0.5007115749525617,0.7590132827324478,0.9871916508538899,0.5040322580645161,0.5007115749525617,0.16911764705882354,0.9871916508538899,0.5040322580645161,0.6140002371916509
PRV56664,0,1,0,0,0.0,57000.0,0.0,0.0,1,57000.0,0.5007115749525617,0.7590132827324478,0.9871916508538899,0.5040322580645161,0.5007115749525617,0.16911764705882354,0.9871916508538899,0.5040322580645161,0.6140002371916509
PRV56734,0,1,0,0,0.0,57000.0,0.0,0.0,1,57000.0,0.5007115749525617,0.7590132827324478,0.9871916508538899,0.5040322580645161,0.5007115749525617,0.16911764705882354,0.9871916508538899,0.5040322580645161,0.6140002371916509
PRV56896,0,1,0,0,0.0,57000.0,0.0,0.0,1,57000.0,0.5007115749525617,0.7590132827324478,0.9871916508538899,0.5040322580645161,0.5007115749525617,0.16911764705882354,0.9871916508538899,0.5040322580645161,0.6140002371916509
PRV57080,0,1,0,0,0.0,57000.0,0.0,0.0,1,57000.0,0.5007115749525617,0.7590132827324478,0.9871916508538899,0.5040322580645161,0.5007115749525617,0.16911764705882354,0.9871916508538899,0.5040322580645161,0.6140002371916509
PRV57082,0,1,0,0,0.0,57000.0,0.0,0.0,1,57000.0,0.5007115749525617,0.7590132827324478,0.9871916508538899,0.5040322580645161,0.5007115749525617,0.16911764705882354,0.9871916508538899,0.5040322580645161,0.6140002371916509
PRV57310,0,1,0,0,0.0,57000.0,0.0,0.0,1,57000.0,0.5007115749525617,0.7590132827324478,0.9871916508538899,0.5040322580645161,0.5007115749525617,0.16911764705882354,0.9871916508538899,0.5040322580645161,0.6140002371916509
PRV57399,0,1,0,0,0.0,57000.0,0.0,0.0,1,57000.0,0.5007115749525617,0.7590132827324478,0.9871916508538899,0.5040322580645161,0.5007115749525617,0.16911764705882354,0.9871916508538899,0.5040322580645161,0.6140002371916509
PRV57719,0,1,0,0,0.0,57000.0,0.0,0.0,1,57000.0,0.5007115749525617,0.7590132827324478,0.9871916508538899,0.5040322580645161,0.5007115749525617,0.16911764705882354,0.9871916508538899,0.5040322580645161,0.6140002371916509
PRV54375,0,1,1,0,0.0,3330.0,3330.0,0.0,2,6660.0,0.5007115749525617,0.7590132827324478,0.7374288425047438,0.5040322580645161,0.5007115749525617,0.618595825426945,0.5906072106261859,0.5040322580645161,0.5893916034155597
PRV51859,0,1,1,0,0.0,3400.0,3400.0,0.0,2,6800.0,0.5007115749525617,0.7590132827324478,0.7374288425047438,0.5040322580645161,0.5007115749525617,0.6174098671726755,0.5894212523719166,0.5040322580645161,0.5890951138519924
PRV52828,0,1,1,0,0.0,3400.0,3400.0,0.0,2,6800.0,0.5007115749525617,0.7590132827324478,0.7374288425047438,0.5040322580645161,0.5007115749525617,0.6174098671726755,0.5894212523719166,0.5040322580645161,0.5890951138519924
PRV56705,0,1,1,0,0.0,3400.0,3400.0,0.0,2,6800.0,0.5007115749525617,0.7590132827324478,0.7374288425047438,0.5040322580645161,0.5007115749525617,0.6174098671726755,0.5894212523719166,0.5040322580645161,0.5890951138519924
PRV57361,0,1,1,0,0.0,3400.0,3400.0,0.0,2,6800.0,0.5007115749525617,0.7590132827324478,0.7374288425047438,0.5040322580645161,0.5007115749525617,0.6174098671726755,0.5894212523719166,0.5040322580645161,0.5890951138519924
PRV51276,0,1,1,0,0.0,3500.0,3500.0,0.0,2,7000.0,0.5007115749525617,0.7590132827324478,0.7374288425047438,0.5040322580645161,0.5007115749525617,0.6145635673624289,0.5865749525616698,0.5040322580645161,0.5883835388994307
PRV51475,0,1,1,0,0.0,3500.0,3500.0,0.0,2,7000.0,0.5007115749525617,0.7590132827324478,0.7374288425047438,0.5040322580645161,0.5007115749525617,0.6145635673624289,0.5865749525616698,0.5040322580645161,0.5883835388994307
PRV51963,0,1,1,0,0.0,3500.0,3500.0,0.0,2,7000.0,0.5007115749525617,0.7590132827324478,0.7374288425047438,0.5040322580645161,0.5007115749525617,0.6145635673624289,0.5865749525616698,0.5040322580645161,0.5883835388994307
PRV52332,0,1,1,0,0.0,3500.0,3500.0,0.0,2,7000.0,0.5007115749525617,0.7590132827324478,0.7374288425047438,0.5040322580645161,0.5007115749525617,0.6145635673624289,0.5865749525616698,0.5040322580645161,0.5883835388994307
PRV53223,0,1,1,0,0.0,3500.0,3500.0,0.0,2,7000.0,0.5007115749525617,0.7590132827324478,0.7374288425047438,0.5040322580645161,0.5007115749525617,0.6145635673624289,0.5865749525616698,0.5040322580645161,0.5883835388994307
PRV55216,0,1,1,0,0.0,3500.0,3500.0,0.0,2,7000.0,0.5007115749525617,0.7590132827324478,0.7374288425047438,0.5040322580645161,0.5007115749525617,0.6145635673624289,0.5865749525616698,0.5040322580645161,0.5883835388994307
PRV55512,0,1,1,0,0.0,3500.0,3500.0,0.0,2,7000.0,0.5007115749525617,0.7590132827324478,0.7374288425047438,0.5040322580645161,0.5007115749525617,0.6145635673624289,0.5865749525616698,0.5040322580645161,0.5883835388994307
PRV56807,0,1,1,0,0.0,3500.0,3500.0,0.0,2,7000.0,0.5007115749525617,0.7590132827324478,0.7374288425047438,0.5040322580645161,0.5007115749525617,0.6145635673624289,0.5865749525616698,0.5040322580645161,0.5883835388994307
PRV56796,0,1,1,0,0.0,3600.0,3600.0,0.0,2,7200.0,0.5007115749525617,0.7590132827324478,0.7374288425047438,0.5040322580645161,0.5007115749525617,0.6124288425047438,0.5844402277039848,0.5040322580645161,0.5878498576850095
PRV56832,0,1,1,0,0.0,4000.0,4000.0,0.0,2,8000.0,0.5007115749525617,0.7590132827324478,0.7374288425047438,0.5040322580645161,0.5007115749525617,0.611954459203036,0.5839658444022771,0.5040322580645161,0.5877312618595825
PRV53977,0,1,1,0,0.0,4030.0,4030.0,0.0,2,8060.0,0.5007115749525617,0.7590132827324478,0.7374288425047438,0.5040322580645161,0.5007115749525617,0.6114800759013282,0.5834914611005693,0.5040322580645161,0.5876126660341556
PRV53442,0,1,1,0,0.0,4040.0,4040.0,0.0,2,8080.0,0.5007115749525617,0.7590132827324478,0.7374288425047438,0.5040322580645161,0.5007115749525617,0.6110056925996205,0.5830170777988615,0.5040322580645161,0.5874940702087286
PRV53149,0,1,1,0,0.0,4050.0,4050.0,0.0,2,8100.0,0.5007115749525617,0.7590132827324478,0.7374288425047438,0.5040322580645161,0.5007115749525617,0.6105313092979127,0.5825426944971537,0.5040322580645161,0.5873754743833017
PRV53416,0,1,1,0,0.0,4060.0,4060.0,0.0,2,8120.0,0.5007115749525617,0.7590132827324478,0.7374288425047438,0.5040322580645161,0.5007115749525617,0.6098197343453511,0.581831119544592,0.5040322580645161,0.5871975806451613
PRV55305,0,1,1,0,0.0,4060.0,4060.0,0.0,2,8120.0,0.5007115749525617,0.7590132827324478,0.7374288425047438,0.5040322580645161,0.5007115749525617,0.6098197343453511,0.581831119544592,0.5040322580645161,0.5871975806451613
PRV51366,0,1,1,0,0.0,4100.0,4100.0,0.0,2,8200.0,0.5007115749525617,0.7590132827324478,0.7374288425047438,0.5040322580645161,0.5007115749525617,0.6086337760910816,0.5806451612903226,0.5040322580645161,0.5869010910815939
PRV52121,0,1,1,0,0.0,4100.0,4100.0,0.0,2,8200.0,0.5007115749525617,0.7590132827324478,0.7374288425047438,0.5040322580645161,0.5007115749525617,0.6086337760910816,0.5806451612903226,0.5040322580645161,0.5869010910815939
PRV55206,0,1,1,0,0.0,4100.0,4100.0,0.0,2,8200.0,0.5007115749525617,0.7590132827324478,0.7374288425047438,0.5040322580645161,0.5007115749525617,0.6086337760910816,0.5806451612903226,0.5040322580645161,0.5869010910815939
PRV51556,0,1,1,0,0.0,4200.0,4200.0,0.0,2,8400.0,0.5007115749525617,0.7590132827324478,0.7374288425047438,0.5040322580645161,0.5007115749525617,0.6069734345351043,0.5789848197343453,0.5040322580645161,0.5864860056925996
PRV52097,0,1,1,0,0.0,4200.0,4200.0,0.0,2,8400.0,0.5007115749525617,0.7590132827324478,0.7374288425047438,0.5040322580645161,0.5007115749525617,0.6069734345351043,0.5789848197343453,0.5040322580645161,0.5864860056925996
PRV54787,0,1,1,0,0.0,4200.0,4200.0,0.0,2,8400.0,0.5007115749525617,0.7590132827324478,0.7374288425047438,0.5040322580645161,0.5007115749525617,0.6069734345351043,0.5789848197343453,0.5040322580645161,0.5864860056925996
PRV55609,0,1,1,0,0.0,4200.0,4200.0,0.0,2,8400.0,0.5007115749525617,0.7590132827324478,0.7374288425047438,0.5040322580645161,0.5007115749525617,0.6069734345351043,0.5789848197343453,0.5040322580645161,0.5864860056925996
PRV52922,0,1,1,0,0.0,4300.0,4300.0,0.0,2,8600.0,0.5007115749525617,0.7590132827324478,0.7374288425047438,0.5040322580645161,0.5007115749525617,0.6050759013282733,0.5770872865275142,0.5040322580645161,0.5860116223908918
PRV54630,0,1,1,0,0.0,4300.0,4300.0,0.0,2,8600.0,0.5007115749525617,0.7590132827324478,0.7374288425047438,0.5040322580645161,0.5007115749525617,0.6050759013282733,0.5770872865275142,0.5040322580645161,0.5860116223908918
PRV56606,0,1,1,0,0.0,4300.0,4300.0,0.0,2,8600.0,0.5007115749525617,0.7590132827324478,0.7374288425047438,0.5040322580645161,0.5007115749525617,0.6050759013282733,0.5770872865275142,0.5040322580645161,0.5860116223908918
PRV57680,0,1,1,0,0.0,4300.0,4300.0,0.0,2,8600.0,0.5007115749525617,0.7590132827324478,0.7374288425047438,0.5040322580645161,0.5007115749525617,0.6050759013282733,0.5770872865275142,0.5040322580645161,0.5860116223908918
PRV51242,0,1,1,0,0.0,4400.0,4400.0,0.0,2,8800.0,0.5007115749525617,0.7590132827324478,0.7374288425047438,0.5040322580645161,0.5007115749525617,0.6038899430740038,0.5759013282732448,0.5040322580645161,0.5857151328273245
PRV54156,0,1,1,0,0.0,4800.0,4800.0,0.0,2,9600.0,0.5007115749525617,0.7590132827324478,0.7374288425047438,0.5040322580645161,0.5007115749525617,0.603415559772296,0.575426944971537,0.5040322580645161,0.5855965370018975
PRV56738,0,1,1,0,0.0,4900.0,4900.0,0.0,2,9800.0,0.5007115749525617,0.7590132827324478,0.7374288425047438,0.5040322580645161,0.5007115749525617,0.6029411764705882,0.5749525616698292,0.5040322580645161,0.5854779411764706
PRV55972,0,1,1,0,0.0,5010.0,5010.0,0.0,2,10020.0,0.5007115749525617,0.7590132827324478,0.7374288425047438,0.5040322580645161,0.5007115749525617,0.6024667931688804,0.5744781783681214,0.5040322580645161,0.5853593453510436
PRV54691,0,1,1,0,0.0,5020.0,5020.0,0.0,2,10040.0,0.5007115749525617,0.7590132827324478,0.7374288425047438,0.5040322580645161,0.5007115749525617,0.6019924098671727,0.5740037950664136,0.5040322580645161,0.5852407495256167
PRV51280,0,1,1,0,0.0,5060.0,5060.0,0.0,2,10120.0,0.5007115749525617,0.7590132827324478,0.7374288425047438,0.5040322580645161,0.5007115749525617,0.6015180265654649,0.5735294117647058,0.5040322580645161,0.5851221537001897
PRV55561,0,1,1,0,0.0,5100.0,5100.0,0.0,2,10200.0,0.5007115749525617,0.7590132827324478,0.7374288425047438,0.5040322580645161,0.5007115749525617,0.6008064516129032,0.5725806451612904,0.5040322580645161,0.5849146110056925
PRV57729,0,1,1,0,0.0,5100.0,5100.0,0.0,2,10200.0,0.5007115749525617,0.7590132827324478,0.7374288425047438,0.5040322580645161,0.5007115749525617,0.6008064516129032,0.5725806451612904,0.5040322580645161,0.5849146110056925
PRV51503,0,1,1,0,0.0,5200.0,5200.0,0.0,2,10400.0,0.5007115749525617,0.7590132827324478,0.7374288425047438,0.5040322580645161,0.5007115749525617,0.5996204933586338,0.571157495256167,0.5040322580645161,0.5845884724857685
PRV53487,0,1,1,0,0.0,5200.0,5200.0,0.0,2,10400.0,0.5007115749525617,0.7590132827324478,0.7374288425047438,0.5040322580645161,0.5007115749525617,0.5996204933586338,0.571157495256167,0.5040322580645161,0.5845884724857685
PRV56482,0,1,1,0,0.0,5200.0,5200.0,0.0,2,10400.0,0.5007115749525617,0.7590132827324478,0.7374288425047438,0.5040322580645161,0.5007115749525617,0.5996204933586338,0.571157495256167,0.5040322580645161,0.5845884724857685
PRV51382,0,1,1,0,0.0,5300.0,5300.0,0.0,2,10600.0,0.5007115749525617,0.7590132827324478,0.7374288425047438,0.5040322580645161,0.5007115749525617,0.5981973434535104,0.5697343453510436,0.5040322580645161,0.5842326850094877
PRV52873,0,1,1,0,0.0,5300.0,5300.0,0.0,2,10600.0,0.5007115749525617,0.7590132827324478,0.7374288425047438,0.5040322580645161,0.5007115749525617,0.5981973434535104,0.5697343453510436,0.5040322580645161,0.5842326850094877
PRV54886,0,1,1,0,0.0,5300.0,5300.0,0.0,2,10600.0,0.5007115749525617,0.7590132827324478,0.7374288425047438,0.5040322580645161,0.5007115749525617,0.5981973434535104,0.5697343453510436,0.5040322580645161,0.5842326850094877
PRV53376,0,1,1,0,0.0,5500.0,5500.0,0.0,2,11000.0,0.5007115749525617,0.7590132827324478,0.7374288425047438,0.5040322580645161,0.5007115749525617,0.5972485768500949,0.568785578747628,0.5040322580645161,0.5839954933586338
PRV51425,0,1,1,0,0.0,5700.0,5700.0,0.0,2,11400.0,0.5007115749525617,0.7590132827324478,0.7374288425047438,0.5040322580645161,0.5007115749525617,0.5965370018975332,0.5680740037950665,0.5040322580645161,0.5838175996204934
PRV52090,0,1,1,0,0.0,5700.0,5700.0,0.0,2,11400.0,0.5007115749525617,0.7590132827324478,0.7374288425047438,0.5040322580645161,0.5007115749525617,0.5965370018975332,0.5680740037950665,0.5040322580645161,0.5838175996204934
PRV51476,0,1,1,0,0.0,5800.0,5800.0,0.0,2,11600.0,0.5007115749525617,0.7590132827324478,0.7374288425047438,0.5040322580645161,0.5007115749525617,0.5958254269449715,0.5673624288425048,0.5040322580645161,0.5836397058823529
PRV55392,0,1,1,0,0.0,5900.0,5900.0,0.0,2,11800.0,0.5007115749525617,0.7590132827324478,0.7374288425047438,0.5040322580645161,0.5007115749525617,0.5953510436432637,0.566888045540797,0.5040322580645161,0.583521110056926
PRV51376,0,1,1,0,0.0,6000.0,6000.0,0.0,2,12000.0,0.5007115749525617,0.7590132827324478,0.7374288425047438,0.5040322580645161,0.5007115749525617,0.594876660341556,0.5664136622390892,0.5040322580645161,0.583402514231499
PRV56304,0,1,1,0,0.0,6050.0,6050.0,0.0,2,12100.0,0.5007115749525617,0.7590132827324478,0.7374288425047438,0.5040322580645161,0.5007115749525617,0.5944022770398482,0.5659392789373814,0.5040322580645161,0.5832839184060721
PRV51682,0,1,1,0,0.0,6200.0,6200.0,0.0,2,12400.0,0.5007115749525617,0.7590132827324478,0.7374288425047438,0.5040322580645161,0.5007115749525617,0.5932163187855788,0.5647533206831119,0.5040322580645161,0.5829874288425048
PRV53268,0,1,1,0,0.0,6200.0,6200.0,0.0,2,12400.0,0.5007115749525617,0.7590132827324478,0.7374288425047438,0.5040322580645161,0.5007115749525617,0.5932163187855788,0.5647533206831119,0.5040322580645161,0.5829874288425048
PRV53648,0,1,1,0,0.0,6200.0,6200.0,0.0,2,12400.0,0.5007115749525617,0.7590132827324478,0.7374288425047438,0.5040322580645161,0.5007115749525617,0.5932163187855788,0.5647533206831119,0.5040322580645161,0.5829874288425048
PRV54919,0,1,1,0,0.0,6200.0,6200.0,0.0,2,12400.0,0.5007115749525617,0.7590132827324478,0.7374288425047438,0.5040322580645161,0.5007115749525617,0.5932163187855788,0.5647533206831119,0.5040322580645161,0.5829874288425048
PRV56415,0,1,1,0,0.0,6300.0,6300.0,0.0,2,12600.0,0.5007115749525617,0.7590132827324478,0.7374288425047438,0.5040322580645161,0.5007115749525617,0.5917931688804554,0.5633301707779886,0.5040322580645161,0.5826316413662239
PRV57601,0,1,1,0,0.0,6300.0,6300.0,0.0,2,12600.0,0.5007115749525617,0.7590132827324478,0.7374288425047438,0.5040322580645161,0.5007115749525617,0.5917931688804554,0.5633301707779886,0.5040322580645161,0.5826316413662239
PRV53312,0,2,1,0,0.0,6600.0,3300.0,0.0,3,9900.0,0.5007115749525617,0.4172201138519924,0.7374288425047438,0.5040322580645161,0.5007115749525617,0.5246679316888045,0.7824952561669829,0.5040322580645161,0.5589124762808348
PRV53859,0,2,1,0,0.0,6600.0,3300.0,0.0,3,9900.0,0.5007115749525617,0.4172201138519924,0.7374288425047438,0.5040322580645161,0.5007115749525617,0.5246679316888045,0.7824952561669829,0.5040322580645161,0.5589124762808348
PRV53939,0,2,1,0,0.0,6600.0,3300.0,0.0,3,9900.0,0.5007115749525617,0.4172201138519924,0.7374288425047438,0.5040322580645161,0.5007115749525617,0.5246679316888045,0.7824952561669829,0.5040322580645161,0.5589124762808348
PRV54923,0,2,1,0,0.0,6600.0,3300.0,0.0,3,9900.0,0.5007115749525617,0.4172201138519924,0.7374288425047438,0.5040322580645161,0.5007115749525617,0.5246679316888045,0.7824952561669829,0.5040322580645161,0.5589124762808348
PRV56376,0,1,1,0,0.0,6900.0,6900.0,0.0,2,13800.0,0.5007115749525617,0.7590132827324478,0.7374288425047438,0.5040322580645161,0.5007115749525617,0.45398481973434535,0.42172675521821634,0.5040322580645161,0.5477051707779886
PRV57600,0,1,1,0,0.0,6900.0,6900.0,0.0,2,13800.0,0.5007115749525617,0.7590132827324478,0.7374288425047438,0.5040322580645161,0.5007115749525617,0.45398481973434535,0.42172675521821634,0.5040322580645161,0.5477051707779886
PRV51681,0,1,1,0,0.0,7300.0,7300.0,0.0,2,14600.0,0.5007115749525617,0.7590132827324478,0.7374288425047438,0.5040322580645161,0.5007115749525617,0.45161290322580644,0.41935483870967744,0.5040322580645161,0.5471121916508539
PRV53457,0,1,1,0,0.0,7300.0,7300.0,0.0,2,14600.0,0.5007115749525617,0.7590132827324478,0.7374288425047438,0.5040322580645161,0.5007115749525617,0.45161290322580644,0.41935483870967744,0.5040322580645161,0.5471121916508539
PRV51323,0,1,1,0,0.0,7500.0,7500.0,0.0,2,15000.0,0.5007115749525617,0.7590132827324478,0.7374288425047438,0.5040322580645161,0.5007115749525617,0.4468690702087287,0.4146110056925996,0.5040322580645161,0.5459262333965844
PRV51114,0,1,1,0,0.0,8200.0,8200.0,0.0,2,16400.0,0.5007115749525617,0.7590132827324478,0.7374288425047438,0.5040322580645161,0.5007115749525617,0.444022770398482,0.4117647058823529,0.5040322580645161,0.5452146584440227
PRV57192,0,1,1,0,0.0,8200.0,8200.0,0.0,2,16400.0,0.5007115749525617,0.7590132827324478,0.7374288425047438,0.5040322580645161,0.5007115749525617,0.444022770398482,0.4117647058823529,0.5040322580645161,0.5452146584440227
PRV51203,0,1,1,0,0.0,9010.0,9010.0,0.0,2,18020.0,0.5007115749525617,0.7590132827324478,0.7374288425047438,0.5040322580645161,0.5007115749525617,0.4411764705882353,0.4089184060721063,0.5040322580645161,0.5445030834914611
PRV56782,0,1,1,0,0.0,9030.0,9030.0,0.0,2,18060.0,0.5007115749525617,0.7590132827324478,0.7374288425047438,0.5040322580645161,0.5007115749525617,0.4407020872865275,0.4084440227703985,0.5040322580645161,0.5443844876660341
PRV54102,0,1,1,0,0.0,9100.0,9100.0,0.0,2,18200.0,0.5007115749525617,0.7590132827324478,0.7374288425047438,0.5040322580645161,0.5007115749525617,0.44022770398481975,0.4079696394686907,0.5040322580645161,0.5442658918406073
PRV55057,0,1,1,0,0.0,9200.0,9200.0,0.0,2,18400.0,0.5007115749525617,0.7590132827324478,0.7374288425047438,0.5040322580645161,0.5007115749525617,0.43951612903225806,0.40725806451612906,0.5040322580645161,0.5440879981024668
PRV57425,0,1,1,0,0.0,9200.0,9200.0,0.0,2,18400.0,0.5007115749525617,0.7590132827324478,0.7374288425047438,0.5040322580645161,0.5007115749525617,0.43951612903225806,0.40725806451612906,0.5040322580645161,0.5440879981024668
PRV51970,0,1,1,0,0.0,10400.0,10400.0,0.0,2,20800.0,0.5007115749525617,0.7590132827324478,0.7374288425047438,0.5040322580645161,0.5007115749525617,0.36693548387096775,0.3323055028462998,0.5040322580645161,0.5256463472485768
PRV57351,0,1,1,0,0.0,14000.0,14000.0,0.0,2,28000.0,0.5007115749525617,0.7590132827324478,0.7374288425047438,0.5040322580645161,0.5007115749525617,0.3225806451612903,0.2884250474383302,0.5040322580645161,0.514616935483871
PRV52128,0,1,1,0,0.0,14010.0,14010.0,0.0,2,28020.0,0.5007115749525617,0.7590132827324478,0.7374288425047438,0.5040322580645161,0.5007115749525617,0.3213946869070209,0.2872390891840607,0.5040322580645161,0.5143204459203036
PRV52745,0,1,1,0,0.0,14010.0,14010.0,0.0,2,28020.0,0.5007115749525617,0.7590132827324478,0.7374288425047438,0.5040322580645161,0.5007115749525617,0.3213946869070209,0.2872390891840607,0.5040322580645161,0.5143204459203036
PRV55946,0,1,1,0,0.0,14040.0,14040.0,0.0,2,28080.0,0.5007115749525617,0.7590132827324478,0.7374288425047438,0.5040322580645161,0.5007115749525617,0.3206831119544592,0.286527514231499,0.5040322580645161,0.5141425521821632
PRV54735,0,1,1,0,0.0,14300.0,14300.0,0.0,2,28600.0,0.5007115749525617,0.7590132827324478,0.7374288425047438,0.5040322580645161,0.5007115749525617,0.3185483870967742,0.284392789373814,0.5040322580645161,0.5136088709677419
PRV55614,0,1,1,0,0.0,14600.0,14600.0,0.0,2,29200.0,0.5007115749525617,0.7590132827324478,0.7374288425047438,0.5040322580645161,0.5007115749525617,0.3164136622390892,0.28225806451612906,0.5040322580645161,0.5130751897533207
PRV51256,0,1,1,0,0.0,14800.0,14800.0,0.0,2,29600.0,0.5007115749525617,0.7590132827324478,0.7374288425047438,0.5040322580645161,0.5007115749525617,0.31522770398481975,0.2810721062618596,0.5040322580645161,0.5127787001897534
PRV55867,0,1,1,0,0.0,15400.0,15400.0,0.0,2,30800.0,0.5007115749525617,0.7590132827324478,0.7374288425047438,0.5040322580645161,0.5007115749525617,0.31190702087286526,0.27775142314990514,0.5040322580645161,0.5119485294117647
PRV51576,0,1,1,0,0.0,16300.0,16300.0,0.0,2,32600.0,0.5007115749525617,0.7590132827324478,0.7374288425047438,0.5040322580645161,0.5007115749525617,0.3083491461100569,0.27419354838709675,0.5040322580645161,0.5110590607210627
PRV51059,0,2,1,0,0.0,60300.0,3300.0,0.0,3,63600.0,0.5007115749525617,0.4172201138519924,0.7374288425047438,0.5040322580645161,0.5007115749525617,0.13069259962049337,0.7824952561669829,0.5040322580645161,0.509665559772296
PRV51263,0,2,1,0,0.0,60300.0,3300.0,0.0,3,63600.0,0.5007115749525617,0.4172201138519924,0.7374288425047438,0.5040322580645161,0.5007115749525617,0.13069259962049337,0.7824952561669829,0.5040322580645161,0.509665559772296
PRV51421,0,2,1,0,0.0,60300.0,3300.0,0.0,3,63600.0,0.5007115749525617,0.4172201138519924,0.7374288425047438,0.5040322580645161,0.5007115749525617,0.13069259962049337,0.7824952561669829,0.5040322580645161,0.509665559772296
PRV51841,0,2,1,0,0.0,60300.0,3300.0,0.0,3,63600.0,0.5007115749525617,0.4172201138519924,0.7374288425047438,0.5040322580645161,0.5007115749525617,0.13069259962049337,0.7824952561669829,0.5040322580645161,0.509665559772296
PRV52511,0,2,1,0,0.0,60300.0,3300.0,0.0,3,63600.0,0.5007115749525617,0.4172201138519924,0.7374288425047438,0.5040322580645161,0.5007115749525617,0.13069259962049337,0.7824952561669829,0.5040322580645161,0.509665559772296
PRV52623,0,2,1,0,0.0,60300.0,3300.0,0.0,3,63600.0,0.5007115749525617,0.4172201138519924,0.7374288425047438,0.5040322580645161,0.5007115749525617,0.13069259962049337,0.7824952561669829,0.5040322580645161,0.509665559772296
PRV52688,0,2,1,0,0.0,60300.0,3300.0,0.0,3,63600.0,0.5007115749525617,0.4172201138519924,0.7374288425047438,0.5040322580645161,0.5007115749525617,0.13069259962049337,0.7824952561669829,0.5040322580645161,0.509665559772296
PRV53141,0,2,1,0,0.0,60300.0,3300.0,0.0,3,63600.0,0.5007115749525617,0.4172201138519924,0.7374288425047438,0.5040322580645161,0.5007115749525617,0.13069259962049337,0.7824952561669829,0.5040322580645161,0.509665559772296
PRV53692,0,2,1,0,0.0,60300.0,3300.0,0.0,3,63600.0,0.5007115749525617,0.4172201138519924,0.7374288425047438,0.5040322580645161,0.5007115749525617,0.13069259962049337,0.7824952561669829,0.5040322580645161,0.509665559772296
PRV54565,0,2,1,0,0.0,60300.0,3300.0,0.0,3,63600.0,0.5007115749525617,0.4172201138519924,0.7374288425047438,0.5040322580645161,0.5007115749525617,0.13069259962049337,0.7824952561669829,0.5040322580645161,0.509665559772296
PRV55452,0,2,1,0,0.0,60300.0,3300.0,0.0,3,63600.0,0.5007115749525617,0.4172201138519924,0.7374288425047438,0.5040322580645161,0.5007115749525617,0.13069259962049337,0.7824952561669829,0.5040322580645161,0.509665559772296
PRV56103,0,2,1,0,0.0,60300.0,3300.0,0.0,3,63600.0,0.5007115749525617,0.4172201138519924,0.7374288425047438,0.5040322580645161,0.5007115749525617,0.13069259962049337,0.7824952561669829,0.5040322580645161,0.509665559772296
PRV56142,0,2,1,0,0.0,60300.0,3300.0,0.0,3,63600.0,0.5007115749525617,0.4172201138519924,0.7374288425047438,0.5040322580645161,0.5007115749525617,0.13069259962049337,0.7824952561669829,0.5040322580645161,0.509665559772296
PRV56408,0,2,1,0,0.0,60300.0,3300.0,0.0,3,63600.0,0.5007115749525617,0.4172201138519924,0.7374288425047438,0.5040322580645161,0.5007115749525617,0.13069259962049337,0.7824952561669829,0.5040322580645161,0.509665559772296
PRV56478,0,2,1,0,0.0,60300.0,3300.0,0.0,3,63600.0,0.5007115749525617,0.4172201138519924,0.7374288425047438,0.5040322580645161,0.5007115749525617,0.13069259962049337,0.7824952561669829,0.5040322580645161,0.509665559772296
PRV57033,0,2,1,0,0.0,60300.0,3300.0,0.0,3,63600.0,0.5007115749525617,0.4172201138519924,0.7374288425047438,0.5040322580645161,0.5007115749525617,0.13069259962049337,0.7824952561669829,0.5040322580645161,0.509665559772296
PRV57547,0,2,1,0,0.0,60300.0,3300.0,0.0,3,63600.0,0.5007115749525617,0.4172201138519924,0.7374288425047438,0.5040322580645161,0.5007115749525617,0.13069259962049337,0.7824952561669829,0.5040322580645161,0.509665559772296
PRV56018,0,2,1,0,0.0,62100.0,5100.0,0.0,3,67200.0,0.5007115749525617,0.4172201138519924,0.7374288425047438,0.5040322580645161,0.5007115749525617,0.11907020872865275,0.5725806451612904,0.5040322580645161,0.4819734345351044
PRV51014,0,2,2,0,0.0,6600.0,6600.0,0.0,4,13200.0,0.5007115749525617,0.4172201138519924,0.40417457305502846,0.5040322580645161,0.5007115749525617,0.5246679316888045,0.49430740037950666,0.5040322580645161,0.48123221062618593
PRV51017,0,2,2,0,0.0,6600.0,6600.0,0.0,4,13200.0,0.5007115749525617,0.4172201138519924,0.40417457305502846,0.5040322580645161,0.5007115749525617,0.5246679316888045,0.49430740037950666,0.5040322580645161,0.48123221062618593
PRV51025,0,2,2,0,0.0,6600.0,6600.0,0.0,4,13200.0,0.5007115749525617,0.4172201138519924,0.40417457305502846,0.5040322580645161,0.5007115749525617,0.5246679316888045,0.49430740037950666,0.5040322580645161,0.48123221062618593
PRV51029,0,2,2,0,0.0,6600.0,6600.0,0.0,4,13200.0,0.5007115749525617,0.4172201138519924,0.40417457305502846,0.5040322580645161,0.5007115749525617,0.5246679316888045,0.49430740037950666,0.5040322580645161,0.48123221062618593
PRV51042,0,2,2,0,0.0,6600.0,6600.0,0.0,4,13200.0,0.5007115749525617,0.4172201138519924,0.40417457305502846,0.5040322580645161,0.5007115749525617,0.5246679316888045,0.49430740037950666,0.5040322580645161,0.48123221062618593
PRV51063,0,2,2,0,0.0,6600.0,6600.0,0.0,4,13200.0,0.5007115749525617,0.4172201138519924,0.40417457305502846,0.5040322580645161,0.5007115749525617,0.5246679316888045,0.49430740037950666,0.5040322580645161,0.48123221062618593
PRV51064,0,2,2,0,0.0,6600.0,6600.0,0.0,4,13200.0,0.5007115749525617,0.4172201138519924,0.40417457305502846,0.5040322580645161,0.5007115749525617,0.5246679316888045,0.49430740037950666,0.5040322580645161,0.48123221062618593
PRV51068,0,2,2,0,0.0,6600.0,6600.0,0.0,4,13200.0,0.5007115749525617,0.4172201138519924,0.40417457305502846,0.5040322580645161,0.5007115749525617,0.5246679316888045,0.49430740037950666,0.5040322580645161,0.48123221062618593
PRV51076,0,2,2,0,0.0,6600.0,6600.0,0.0,4,13200.0,0.5007115749525617,0.4172201138519924,0.40417457305502846,0.5040322580645161,0.5007115749525617,0.5246679316888045,0.49430740037950666,0.5040322580645161,0.48123221062618593
PRV51081,0,2,2,0,0.0,6600.0,6600.0,0.0,4,13200.0,0.5007115749525617,0.4172201138519924,0.40417457305502846,0.5040322580645161,0.5007115749525617,0.5246679316888045,0.49430740037950666,0.5040322580645161,0.48123221062618593
PRV51083,0,2,2,0,0.0,6600.0,6600.0,0.0,4,13200.0,0.5007115749525617,0.4172201138519924,0.40417457305502846,0.5040322580645161,0.5007115749525617,0.5246679316888045,0.49430740037950666,0.5040322580645161,0.48123221062618593
PRV51084,0,2,2,0,0.0,6600.0,6600.0,0.0,4,13200.0,0.5007115749525617,0.4172201138519924,0.40417457305502846,0.5040322580645161,0.5007115749525617,0.5246679316888045,0.49430740037950666,0.5040322580645161,0.48123221062618593
PRV51123,0,2,2,0,0.0,6600.0,6600.0,0.0,4,13200.0,0.5007115749525617,0.4172201138519924,0.40417457305502846,0.5040322580645161,0.5007115749525617,0.5246679316888045,0.49430740037950666,0.5040322580645161,0.48123221062618593
PRV51152,0,2,2,0,0.0,6600.0,6600.0,0.0,4,13200.0,0.5007115749525617,0.4172201138519924,0.40417457305502846,0.5040322580645161,0.5007115749525617,0.5246679316888045,0.49430740037950666,0.5040322580645161,0.48123221062618593
PRV51245,0,2,2,0,0.0,6600.0,6600.0,0.0,4,13200.0,0.5007115749525617,0.4172201138519924,0.40417457305502846,0.5040322580645161,0.5007115749525617,0.5246679316888045,0.49430740037950666,0.5040322580645161,0.48123221062618593
PRV51265,0,2,2,0,0.0,6600.0,6600.0,0.0,4,13200.0,0.5007115749525617,0.4172201138519924,0.40417457305502846,0.5040322580645161,0.5007115749525617,0.5246679316888045,0.49430740037950666,0.5040322580645161,0.48123221062618593
PRV51266,0,2,2,0,0.0,6600.0,6600.0,0.0,4,13200.0,0.5007115749525617,0.4172201138519924,0.40417457305502846,0.5040322580645161,0.5007115749525617,0.5246679316888045,0.49430740037950666,0.5040322580645161,0.48123221062618593
PRV51297,0,2,2,0,0.0,6600.0,6600.0,0.0,4,13200.0,0.5007115749525617,0.4172201138519924,0.40417457305502846,0.5040322580645161,0.5007115749525617,0.5246679316888045,0.49430740037950666,0.5040322580645161,0.48123221062618593
PRV51300,0,2,2,0,0.0,6600.0,6600.0,0.0,4,13200.0,0.5007115749525617,0.4172201138519924,0.40417457305502846,0.5040322580645161,0.5007115749525617,0.5246679316888045,0.49430740037950666,0.5040322580645161,0.48123221062618593
PRV51325,0,2,2,0,0.0,6600.0,6600.0,0.0,4,13200.0,0.5007115749525617,0.4172201138519924,0.40417457305502846,0.5040322580645161,0.5007115749525617,0.5246679316888045,0.49430740037950666,0.5040322580645161,0.48123221062618593
PRV51350,0,2,2,0,0.0,6600.0,6600.0,0.0,4,13200.0,0.5007115749525617,0.4172201138519924,0.40417457305502846,0.5040322580645161,0.5007115749525617,0.5246679316888045,0.49430740037950666,0.5040322580645161,0.48123221062618593
PRV51428,0,2,2,0,0.0,6600.0,6600.0,0.0,4,13200.0,0.5007115749525617,0.4172201138519924,0.40417457305502846,0.5040322580645161,0.5007115749525617,0.5246679316888045,0.49430740037950666,0.5040322580645161,0.48123221062618593
PRV51440,0,2,2,0,0.0,6600.0,6600.0,0.0,4,13200.0,0.5007115749525617,0.4172201138519924,0.40417457305502846,0.5040322580645161,0.5007115749525617,0.5246679316888045,0.49430740037950666,0.5040322580645161,0.48123221062618593
PRV51464,0,2,2,0,0.0,6600.0,6600.0,0.0,4,13200.0,0.5007115749525617,0.4172201138519924,0.40417457305502846,0.5040322580645161,0.5007115749525617,0.5246679316888045,0.49430740037950666,0.5040322580645161,0.48123221062618593
PRV51479,0,2,2,0,0.0,6600.0,6600.0,0.0,4,13200.0,0.5007115749525617,0.4172201138519924,0.40417457305502846,0.5040322580645161,0.5007115749525617,0.5246679316888045,0.49430740037950666,0.5040322580645161,0.48123221062618593
PRV51486,0,2,2,0,0.0,6600.0,6600.0,0.0,4,13200.0,0.5007115749525617,0.4172201138519924,0.40417457305502846,0.5040322580645161,0.5007115749525617,0.5246679316888045,0.49430740037950666,0.5040322580645161,0.48123221062618593
PRV51487,0,2,2,0,0.0,6600.0,6600.0,0.0,4,13200.0,0.5007115749525617,0.4172201138519924,0.40417457305502846,0.5040322580645161,0.5007115749525617,0.5246679316888045,0.49430740037950666,0.5040322580645161,0.48123221062618593
PRV51494,0,2,2,0,0.0,6600.0,6600.0,0.0,4,13200.0,0.5007115749525617,0.4172201138519924,0.40417457305502846,0.5040322580645161,0.5007115749525617,0.5246679316888045,0.49430740037950666,0.5040322580645161,0.48123221062618593
PRV51508,0,2,2,0,0.0,6600.0,6600.0,0.0,4,13200.0,0.5007115749525617,0.4172201138519924,0.40417457305502846,0.5040322580645161,0.5007115749525617,0.5246679316888045,0.49430740037950666,0.5040322580645161,0.48123221062618593
PRV51544,0,2,2,0,0.0,6600.0,6600.0,0.0,4,13200.0,0.5007115749525617,0.4172201138519924,0.40417457305502846,0.5040322580645161,0.5007115749525617,0.5246679316888045,0.49430740037950666,0.5040322580645161,0.48123221062618593
PRV51550,0,2,2,0,0.0,6600.0,6600.0,0.0,4,13200.0,0.5007115749525617,0.4172201138519924,0.40417457305502846,0.5040322580645161,0.5007115749525617,0.5246679316888045,0.49430740037950666,0.5040322580645161,0.48123221062618593
PRV51676,0,2,2,0,0.0,6600.0,6600.0,0.0,4,13200.0,0.5007115749525617,0.4172201138519924,0.40417457305502846,0.5040322580645161,0.5007115749525617,0.5246679316888045,0.49430740037950666,0.5040322580645161,0.48123221062618593
PRV51691,0,2,2,0,0.0,6600.0,6600.0,0.0,4,13200.0,0.5007115749525617,0.4172201138519924,0.40417457305502846,0.5040322580645161,0.5007115749525617,0.5246679316888045,0.49430740037950666,0.5040322580645161,0.48123221062618593
PRV51792,0,2,2,0,0.0,6600.0,6600.0,0.0,4,13200.0,0.5007115749525617,0.4172201138519924,0.40417457305502846,0.5040322580645161,0.5007115749525617,0.5246679316888045,0.49430740037950666,0.5040322580645161,0.48123221062618593
PRV51838,0,2,2,0,0.0,6600.0,6600.0,0.0,4,13200.0,0.5007115749525617,0.4172201138519924,0.40417457305502846,0.5040322580645161,0.5007115749525617,0.5246679316888045,0.49430740037950666,0.5040322580645161,0.48123221062618593
PRV51852,0,2,2,0,0.0,6600.0,6600.0,0.0,4,13200.0,0.5007115749525617,0.4172201138519924,0.40417457305502846,0.5040322580645161,0.5007115749525617,0.5246679316888045,0.49430740037950666,0.5040322580645161,0.48123221062618593
PRV51863,0,2,2,0,0.0,6600.0,6600.0,0.0,4,13200.0,0.5007115749525617,0.4172201138519924,0.40417457305502846,0.5040322580645161,0.5007115749525617,0.5246679316888045,0.49430740037950666,0.5040322580645161,0.48123221062618593
PRV51905,0,2,2,0,0.0,6600.0,6600.0,0.0,4,13200.0,0.5007115749525617,0.4172201138519924,0.40417457305502846,0.5040322580645161,0.5007115749525617,0.5246679316888045,0.49430740037950666,0.5040322580645161,0.48123221062618593
PRV51921,0,2,2,0,0.0,6600.0,6600.0,0.0,4,13200.0,0.5007115749525617,0.4172201138519924,0.40417457305502846,0.5040322580645161,0.5007115749525617,0.5246679316888045,0.49430740037950666,0.5040322580645161,0.48123221062618593
PRV51944,0,2,2,0,0.0,6600.0,6600.0,0.0,4,13200.0,0.5007115749525617,0.4172201138519924,0.40417457305502846,0.5040322580645161,0.5007115749525617,0.5246679316888045,0.49430740037950666,0.5040322580645161,0.48123221062618593
PRV51950,0,2,2,0,0.0,6600.0,6600.0,0.0,4,13200.0,0.5007115749525617,0.4172201138519924,0.40417457305502846,0.5040322580645161,0.5007115749525617,0.5246679316888045,0.49430740037950666,0.5040322580645161,0.48123221062618593
PRV52027,0,2,2,0,0.0,6600.0,6600.0,0.0,4,13200.0,0.5007115749525617,0.4172201138519924,0.40417457305502846,0.5040322580645161,0.5007115749525617,0.5246679316888045,0.49430740037950666,0.5040322580645161,0.48123221062618593
PRV52029,0,2,2,0,0.0,6600.0,6600.0,0.0,4,13200.0,0.5007115749525617,0.4172201138519924,0.40417457305502846,0.5040322580645161,0.5007115749525617,0.5246679316888045,0.49430740037950666,0.5040322580645161,0.48123221062618593
PRV52048,0,2,2,0,0.0,6600.0,6600.0,0.0,4,13200.0,0.5007115749525617,0.4172201138519924,0.40417457305502846,0.5040322580645161,0.5007115749525617,0.5246679316888045,0.49430740037950666,0.5040322580645161,0.48123221062618593
PRV52049,0,2,2,0,0.0,6600.0,6600.0,0.0,4,13200.0,0.5007115749525617,0.4172201138519924,0.40417457305502846,0.5040322580645161,0.5007115749525617,0.5246679316888045,0.49430740037950666,0.5040322580645161,0.48123221062618593
PRV52089,0,2,2,0,0.0,6600.0,6600.0,0.0,4,13200.0,0.5007115749525617,0.4172201138519924,0.40417457305502846,0.5040322580645161,0.5007115749525617,0.5246679316888045,0.49430740037950666,0.5040322580645161,0.48123221062618593
PRV52098,0,2,2,0,0.0,6600.0,6600.0,0.0,4,13200.0,0.5007115749525617,0.4172201138519924,0.40417457305502846,0.5040322580645161,0.5007115749525617,0.5246679316888045,0.49430740037950666,0.5040322580645161,0.48123221062618593
PRV52107,0,2,2,0,0.0,6600.0,6600.0,0.0,4,13200.0,0.5007115749525617,0.4172201138519924,0.40417457305502846,0.5040322580645161,0.5007115749525617,0.5246679316888045,0.49430740037950666,0.5040322580645161,0.48123221062618593
PRV52111,0,2,2,0,0.0,6600.0,6600.0,0.0,4,13200.0,0.5007115749525617,0.4172201138519924,0.40417457305502846,0.5040322580645161,0.5007115749525617,0.5246679316888045,0.49430740037950666,0.5040322580645161,0.48123221062618593
PRV52129,0,2,2,0,0.0,6600.0,6600.0,0.0,4,13200.0,0.5007115749525617,0.4172201138519924,0.40417457305502846,0.5040322580645161,0.5007115749525617,0.5246679316888045,0.49430740037950666,0.5040322580645161,0.48123221062618593
PRV52163,0,2,2,0,0.0,6600.0,6600.0,0.0,4,13200.0,0.5007115749525617,0.4172201138519924,0.40417457305502846,0.5040322580645161,0.5007115749525617,0.5246679316888045,0.49430740037950666,0.5040322580645161,0.48123221062618593
PRV52242,0,2,2,0,0.0,6600.0,6600.0,0.0,4,13200.0,0.5007115749525617,0.4172201138519924,0.40417457305502846,0.5040322580645161,0.5007115749525617,0.5246679316888045,0.49430740037950666,0.5040322580645161,0.48123221062618593
PRV52246,0,2,2,0,0.0,6600.0,6600.0,0.0,4,13200.0,0.5007115749525617,0.4172201138519924,0.40417457305502846,0.5040322580645161,0.5007115749525617,0.5246679316888045,0.49430740037950666,0.5040322580645161,0.48123221062618593
PRV52355,0,2,2,0,0.0,6600.0,6600.0,0.0,4,13200.0,0.5007115749525617,0.4172201138519924,0.40417457305502846,0.5040322580645161,0.5007115749525617,0.5246679316888045,0.49430740037950666,0.5040322580645161,0.48123221062618593
PRV52371,0,2,2,0,0.0,6600.0,6600.0,0.0,4,13200.0,0.5007115749525617,0.4172201138519924,0.40417457305502846,0.5040322580645161,0.5007115749525617,0.5246679316888045,0.49430740037950666,0.5040322580645161,0.48123221062618593
PRV52386,0,2,2,0,0.0,6600.0,6600.0,0.0,4,13200.0,0.5007115749525617,0.4172201138519924,0.40417457305502846,0.5040322580645161,0.5007115749525617,0.5246679316888045,0.49430740037950666,0.5040322580645161,0.48123221062618593
PRV52399,0,2,2,0,0.0,6600.0,6600.0,0.0,4,13200.0,0.5007115749525617,0.4172201138519924,0.40417457305502846,0.5040322580645161,0.5007115749525617,0.5246679316888045,0.49430740037950666,0.5040322580645161,0.48123221062618593
PRV52400,0,2,2,0,0.0,6600.0,6600.0,0.0,4,13200.0,0.5007115749525617,0.4172201138519924,0.40417457305502846,0.5040322580645161,0.5007115749525617,0.5246679316888045,0.49430740037950666,0.5040322580645161,0.48123221062618593
PRV52469,0,2,2,0,0.0,6600.0,6600.0,0.0,4,13200.0,0.5007115749525617,0.4172201138519924,0.40417457305502846,0.5040322580645161,0.5007115749525617,0.5246679316888045,0.49430740037950666,0.5040322580645161,0.48123221062618593
PRV52500,0,2,2,0,0.0,6600.0,6600.0,0.0,4,13200.0,0.5007115749525617,0.4172201138519924,0.40417457305502846,0.5040322580645161,0.5007115749525617,0.5246679316888045,0.49430740037950666,0.5040322580645161,0.48123221062618593
PRV52519,0,2,2,0,0.0,6600.0,6600.0,0.0,4,13200.0,0.5007115749525617,0.4172201138519924,0.40417457305502846,0.5040322580645161,0.5007115749525617,0.5246679316888045,0.49430740037950666,0.5040322580645161,0.48123221062618593
PRV52520,0,2,2,0,0.0,6600.0,6600.0,0.0,4,13200.0,0.5007115749525617,0.4172201138519924,0.40417457305502846,0.5040322580645161,0.5007115749525617,0.5246679316888045,0.49430740037950666,0.5040322580645161,0.48123221062618593
PRV52527,0,2,2,0,0.0,6600.0,6600.0,0.0,4,13200.0,0.5007115749525617,0.4172201138519924,0.40417457305502846,0.5040322580645161,0.5007115749525617,0.5246679316888045,0.49430740037950666,0.5040322580645161,0.48123221062618593
PRV52543,0,2,2,0,0.0,6600.0,6600.0,0.0,4,13200.0,0.5007115749525617,0.4172201138519924,0.40417457305502846,0.5040322580645161,0.5007115749525617,0.5246679316888045,0.49430740037950666,0.5040322580645161,0.48123221062618593
PRV52567,0,2,2,0,0.0,6600.0,6600.0,0.0,4,13200.0,0.5007115749525617,0.4172201138519924,0.40417457305502846,0.5040322580645161,0.5007115749525617,0.5246679316888045,0.49430740037950666,0.5040322580645161,0.48123221062618593
PRV52583,0,2,2,0,0.0,6600.0,6600.0,0.0,4,13200.0,0.5007115749525617,0.4172201138519924,0.40417457305502846,0.5040322580645161,0.5007115749525617,0.5246679316888045,0.49430740037950666,0.5040322580645161,0.48123221062618593
PRV52614,0,2,2,0,0.0,6600.0,6600.0,0.0,4,13200.0,0.5007115749525617,0.4172201138519924,0.40417457305502846,0.5040322580645161,0.5007115749525617,0.5246679316888045,0.49430740037950666,0.5040322580645161,0.48123221062618593
PRV52633,0,2,2,0,0.0,6600.0,6600.0,0.0,4,13200.0,0.5007115749525617,0.4172201138519924,0.40417457305502846,0.5040322580645161,0.5007115749525617,0.5246679316888045,0.49430740037950666,0.5040322580645161,0.48123221062618593
PRV52661,0,2,2,0,0.0,6600.0,6600.0,0.0,4,13200.0,0.5007115749525617,0.4172201138519924,0.40417457305502846,0.5040322580645161,0.5007115749525617,0.5246679316888045,0.49430740037950666,0.5040322580645161,0.48123221062618593
PRV52665,0,2,2,0,0.0,6600.0,6600.0,0.0,4,13200.0,0.5007115749525617,0.4172201138519924,0.40417457305502846,0.5040322580645161,0.5007115749525617,0.5246679316888045,0.49430740037950666,0.5040322580645161,0.48123221062618593
PRV52683,0,2,2,0,0.0,6600.0,6600.0,0.0,4,13200.0,0.5007115749525617,0.4172201138519924,0.40417457305502846,0.5040322580645161,0.5007115749525617,0.5246679316888045,0.49430740037950666,0.5040322580645161,0.48123221062618593
PRV52723,0,2,2,0,0.0,6600.0,6600.0,0.0,4,13200.0,0.5007115749525617,0.4172201138519924,0.40417457305502846,0.5040322580645161,0.5007115749525617,0.5246679316888045,0.49430740037950666,0.5040322580645161,0.48123221062618593
PRV52822,0,2,2,0,0.0,6600.0,6600.0,0.0,4,13200.0,0.5007115749525617,0.4172201138519924,0.40417457305502846,0.5040322580645161,0.5007115749525617,0.5246679316888045,0.49430740037950666,0.5040322580645161,0.48123221062618593
PRV52860,0,2,2,0,0.0,6600.0,6600.0,0.0,4,13200.0,0.5007115749525617,0.4172201138519924,0.40417457305502846,0.5040322580645161,0.5007115749525617,0.5246679316888045,0.49430740037950666,0.5040322580645161,0.48123221062618593
PRV52895,0,2,2,0,0.0,6600.0,6600.0,0.0,4,13200.0,0.5007115749525617,0.4172201138519924,0.40417457305502846,0.5040322580645161,0.5007115749525617,0.5246679316888045,0.49430740037950666,0.5040322580645161,0.48123221062618593
PRV52907,0,2,2,0,0.0,6600.0,6600.0,0.0,4,13200.0,0.5007115749525617,0.4172201138519924,0.40417457305502846,0.5040322580645161,0.5007115749525617,0.5246679316888045,0.49430740037950666,0.5040322580645161,0.48123221062618593
PRV52950,0,2,2,0,0.0,6600.0,6600.0,0.0,4,13200.0,0.5007115749525617,0.4172201138519924,0.40417457305502846,0.5040322580645161,0.5007115749525617,0.5246679316888045,0.49430740037950666,0.5040322580645161,0.48123221062618593
PRV52981,0,2,2,0,0.0,6600.0,6600.0,0.0,4,13200.0,0.5007115749525617,0.4172201138519924,0.40417457305502846,0.5040322580645161,0.5007115749525617,0.5246679316888045,0.49430740037950666,0.5040322580645161,0.48123221062618593
PRV53001,0,2,2,0,0.0,6600.0,6600.0,0.0,4,13200.0,0.5007115749525617,0.4172201138519924,0.40417457305502846,0.5040322580645161,0.5007115749525617,0.5246679316888045,0.49430740037950666,0.5040322580645161,0.48123221062618593
PRV53045,0,2,2,0,0.0,6600.0,6600.0,0.0,4,13200.0,0.5007115749525617,0.4172201138519924,0.40417457305502846,0.5040322580645161,0.5007115749525617,0.5246679316888045,0.49430740037950666,0.5040322580645161,0.48123221062618593
PRV53076,0,2,2,0,0.0,6600.0,6600.0,0.0,4,13200.0,0.5007115749525617,0.4172201138519924,0.40417457305502846,0.5040322580645161,0.5007115749525617,0.5246679316888045,0.49430740037950666,0.5040322580645161,0.48123221062618593
PRV53077,0,2,2,0,0.0,6600.0,6600.0,0.0,4,13200.0,0.5007115749525617,0.4172201138519924,0.40417457305502846,0.5040322580645161,0.5007115749525617,0.5246679316888045,0.49430740037950666,0.5040322580645161,0.48123221062618593
PRV53090,0,2,2,0,0.0,6600.0,6600.0,0.0,4,13200.0,0.5007115749525617,0.4172201138519924,0.40417457305502846,0.5040322580645161,0.5007115749525617,0.5246679316888045,0.49430740037950666,0.5040322580645161,0.48123221062618593
PRV53128,0,2,2,0,0.0,6600.0,6600.0,0.0,4,13200.0,0.5007115749525617,0.4172201138519924,0.40417457305502846,0.5040322580645161,0.5007115749525617,0.5246679316888045,0.49430740037950666,0.5040322580645161,0.48123221062618593
PRV53133,0,2,2,0,0.0,6600.0,6600.0,0.0,4,13200.0,0.5007115749525617,0.4172201138519924,0.40417457305502846,0.5040322580645161,0.5007115749525617,0.5246679316888045,0.49430740037950666,0.5040322580645161,0.48123221062618593
PRV53145,0,2,2,0,0.0,6600.0,6600.0,0.0,4,13200.0,0.5007115749525617,0.4172201138519924,0.40417457305502846,0.5040322580645161,0.5007115749525617,0.5246679316888045,0.49430740037950666,0.5040322580645161,0.48123221062618593
PRV53173,0,2,2,0,0.0,6600.0,6600.0,0.0,4,13200.0,0.5007115749525617,0.4172201138519924,0.40417457305502846,0.5040322580645161,0.5007115749525617,0.5246679316888045,0.49430740037950666,0.5040322580645161,0.48123221062618593
PRV53239,0,2,2,0,0.0,6600.0,6600.0,0.0,4,13200.0,0.5007115749525617,0.4172201138519924,0.40417457305502846,0.5040322580645161,0.5007115749525617,0.5246679316888045,0.49430740037950666,0.5040322580645161,0.48123221062618593
PRV53257,0,2,2,0,0.0,6600.0,6600.0,0.0,4,13200.0,0.5007115749525617,0.4172201138519924,0.40417457305502846,0.5040322580645161,0.5007115749525617,0.5246679316888045,0.49430740037950666,0.5040322580645161,0.48123221062618593
PRV53259,0,2,2,0,0.0,6600.0,6600.0,0.0,4,13200.0,0.5007115749525617,0.4172201138519924,0.40417457305502846,0.5040322580645161,0.5007115749525617,0.5246679316888045,0.49430740037950666,0.5040322580645161,0.48123221062618593
PRV53288,0,2,2,0,0.0,6600.0,6600.0,0.0,4,13200.0,0.5007115749525617,0.4172201138519924,0.40417457305502846,0.5040322580645161,0.5007115749525617,0.5246679316888045,0.49430740037950666,0.5040322580645161,0.48123221062618593
PRV53298,0,2,2,0,0.0,6600.0,6600.0,0.0,4,13200.0,0.5007115749525617,0.4172201138519924,0.40417457305502846,0.5040322580645161,0.5007115749525617,0.5246679316888045,0.49430740037950666,0.5040322580645161,0.48123221062618593
PRV53326,0,2,2,0,0.0,6600.0,6600.0,0.0,4,13200.0,0.5007115749525617,0.4172201138519924,0.40417457305502846,0.5040322580645161,0.5007115749525617,0.5246679316888045,0.49430740037950666,0.5040322580645161,0.48123221062618593
PRV53382,0,2,2,0,0.0,6600.0,6600.0,0.0,4,13200.0,0.5007115749525617,0.4172201138519924,0.40417457305502846,0.5040322580645161,0.5007115749525617,0.5246679316888045,0.49430740037950666,0.5040322580645161,0.48123221062618593
PRV53405,0,2,2,0,0.0,6600.0,6600.0,0.0,4,13200.0,0.5007115749525617,0.4172201138519924,0.40417457305502846,0.5040322580645161,0.5007115749525617,0.5246679316888045,0.49430740037950666,0.5040322580645161,0.48123221062618593
PRV53463,0,2,2,0,0.0,6600.0,6600.0,0.0,4,13200.0,0.5007115749525617,0.4172201138519924,0.40417457305502846,0.5040322580645161,0.5007115749525617,0.5246679316888045,0.49430740037950666,0.5040322580645161,0.48123221062618593
PRV53490,0,2,2,0,0.0,6600.0,6600.0,0.0,4,13200.0,0.5007115749525617,0.4172201138519924,0.40417457305502846,0.5040322580645161,0.5007115749525617,0.5246679316888045,0.49430740037950666,0.5040322580645161,0.48123221062618593
PRV53523,0,2,2,0,0.0,6600.0,6600.0,0.0,4,13200.0,0.5007115749525617,0.4172201138519924,0.40417457305502846,0.5040322580645161,0.5007115749525617,0.5246679316888045,0.49430740037950666,0.5040322580645161,0.48123221062618593
PRV53609,0,2,2,0,0.0,6600.0,6600.0,0.0,4,13200.0,0.5007115749525617,0.4172201138519924,0.40417457305502846,0.5040322580645161,0.5007115749525617,0.5246679316888045,0.49430740037950666,0.5040322580645161,0.48123221062618593
PRV53613,0,2,2,0,0.0,6600.0,6600.0,0.0,4,13200.0,0.5007115749525617,0.4172201138519924,0.40417457305502846,0.5040322580645161,0.5007115749525617,0.5246679316888045,0.49430740037950666,0.5040322580645161,0.48123221062618593
PRV53624,0,2,2,0,0.0,6600.0,6600.0,0.0,4,13200.0,0.5007115749525617,0.4172201138519924,0.40417457305502846,0.5040322580645161,0.5007115749525617,0.5246679316888045,0.49430740037950666,0.5040322580645161,0.48123221062618593
PRV53626,0,2,2,0,0.0,6600.0,6600.0,0.0,4,13200.0,0.5007115749525617,0.4172201138519924,0.40417457305502846,0.5040322580645161,0.5007115749525617,0.5246679316888045,0.49430740037950666,0.5040322580645161,0.48123221062618593
PRV53638,0,2,2,0,0.0,6600.0,6600.0,0.0,4,13200.0,0.5007115749525617,0.4172201138519924,0.40417457305502846,0.5040322580645161,0.5007115749525617,0.5246679316888045,0.49430740037950666,0.5040322580645161,0.48123221062618593
PRV53654,0,2,2,0,0.0,6600.0,6600.0,0.0,4,13200.0,0.5007115749525617,0.4172201138519924,0.40417457305502846,0.5040322580645161,0.5007115749525617,0.5246679316888045,0.49430740037950666,0.5040322580645161,0.48123221062618593
PRV53664,0,2,2,0,0.0,6600.0,6600.0,0.0,4,13200.0,0.5007115749525617,0.4172201138519924,0.40417457305502846,0.5040322580645161,0.5007115749525617,0.5246679316888045,0.49430740037950666,0.5040322580645161,0.48123221062618593
PRV53698,0,2,2,0,0.0,6600.0,6600.0,0.0,4,13200.0,0.5007115749525617,0.4172201138519924,0.40417457305502846,0.5040322580645161,0.5007115749525617,0.5246679316888045,0.49430740037950666,0.5040322580645161,0.48123221062618593
PRV53710,0,2,2,0,0.0,6600.0,6600.0,0.0,4,13200.0,0.5007115749525617,0.4172201138519924,0.40417457305502846,0.5040322580645161,0.5007115749525617,0.5246679316888045,0.49430740037950666,0.5040322580645161,0.48123221062618593
PRV53743,0,2,2,0,0.0,6600.0,6600.0,0.0,4,13200.0,0.5007115749525617,0.4172201138519924,0.40417457305502846,0.5040322580645161,0.5007115749525617,0.5246679316888045,0.49430740037950666,0.5040322580645161,0.48123221062618593
PRV53771,0,2,2,0,0.0,6600.0,6600.0,0.0,4,13200.0,0.5007115749525617,0.4172201138519924,0.40417457305502846,0.5040322580645161,0.5007115749525617,0.5246679316888045,0.49430740037950666,0.5040322580645161,0.48123221062618593
PRV53794,0,2,2,0,0.0,6600.0,6600.0,0.0,4,13200.0,0.5007115749525617,0.4172201138519924,0.40417457305502846,0.5040322580645161,0.5007115749525617,0.5246679316888045,0.49430740037950666,0.5040322580645161,0.48123221062618593
PRV53805,0,2,2,0,0.0,6600.0,6600.0,0.0,4,13200.0,0.5007115749525617,0.4172201138519924,0.40417457305502846,0.5040322580645161,0.5007115749525617,0.5246679316888045,0.49430740037950666,0.5040322580645161,0.48123221062618593
PRV53838,0,2,2,0,0.0,6600.0,6600.0,0.0,4,13200.0,0.5007115749525617,0.4172201138519924,0.40417457305502846,0.5040322580645161,0.5007115749525617,0.5246679316888045,0.49430740037950666,0.5040322580645161,0.48123221062618593
PRV53873,0,2,2,0,0.0,6600.0,6600.0,0.0,4,13200.0,0.5007115749525617,0.4172201138519924,0.40417457305502846,0.5040322580645161,0.5007115749525617,0.5246679316888045,0.49430740037950666,0.5040322580645161,0.48123221062618593
PRV53889,0,2,2,0,0.0,6600.0,6600.0,0.0,4,13200.0,0.5007115749525617,0.4172201138519924,0.40417457305502846,0.5040322580645161,0.5007115749525617,0.5246679316888045,0.49430740037950666,0.5040322580645161,0.48123221062618593
PRV53892,0,2,2,0,0.0,6600.0,6600.0,0.0,4,13200.0,0.5007115749525617,0.4172201138519924,0.40417457305502846,0.5040322580645161,0.5007115749525617,0.5246679316888045,0.49430740037950666,0.5040322580645161,0.48123221062618593
PRV53925,0,2,2,0,0.0,6600.0,6600.0,0.0,4,13200.0,0.5007115749525617,0.4172201138519924,0.40417457305502846,0.5040322580645161,0.5007115749525617,0.5246679316888045,0.49430740037950666,0.5040322580645161,0.48123221062618593
PRV53965,0,2,2,0,0.0,6600.0,6600.0,0.0,4,13200.0,0.5007115749525617,0.4172201138519924,0.40417457305502846,0.5040322580645161,0.5007115749525617,0.5246679316888045,0.49430740037950666,0.5040322580645161,0.48123221062618593
PRV53969,0,2,2,0,0.0,6600.0,6600.0,0.0,4,13200.0,0.5007115749525617,0.4172201138519924,0.40417457305502846,0.5040322580645161,0.5007115749525617,0.5246679316888045,0.49430740037950666,0.5040322580645161,0.48123221062618593
PRV53973,0,2,2,0,0.0,6600.0,6600.0,0.0,4,13200.0,0.5007115749525617,0.4172201138519924,0.40417457305502846,0.5040322580645161,0.5007115749525617,0.5246679316888045,0.49430740037950666,0.5040322580645161,0.48123221062618593
PRV54077,0,2,2,0,0.0,6600.0,6600.0,0.0,4,13200.0,0.5007115749525617,0.4172201138519924,0.40417457305502846,0.5040322580645161,0.5007115749525617,0.5246679316888045,0.49430740037950666,0.5040322580645161,0.48123221062618593
PRV54089,0,2,2,0,0.0,6600.0,6600.0,0.0,4,13200.0,0.5007115749525617,0.4172201138519924,0.40417457305502846,0.5040322580645161,0.5007115749525617,0.5246679316888045,0.49430740037950666,0.5040322580645161,0.48123221062618593
PRV54098,0,2,2,0,0.0,6600.0,6600.0,0.0,4,13200.0,0.5007115749525617,0.4172201138519924,0.40417457305502846,0.5040322580645161,0.5007115749525617,0.5246679316888045,0.49430740037950666,0.5040322580645161,0.48123221062618593
PRV54103,0,2,2,0,0.0,6600.0,6600.0,0.0,4,13200.0,0.5007115749525617,0.4172201138519924,0.40417457305502846,0.5040322580645161,0.5007115749525617,0.5246679316888045,0.49430740037950666,0.5040322580645161,0.48123221062618593
PRV54107,0,2,2,0,0.0,6600.0,6600.0,0.0,4,13200.0,0.5007115749525617,0.4172201138519924,0.40417457305502846,0.5040322580645161,0.5007115749525617,0.5246679316888045,0.49430740037950666,0.5040322580645161,0.48123221062618593
PRV54134,0,2,2,0,0.0,6600.0,6600.0,0.0,4,13200.0,0.5007115749525617,0.4172201138519924,0.40417457305502846,0.5040322580645161,0.5007115749525617,0.5246679316888045,0.49430740037950666,0.5040322580645161,0.48123221062618593
PRV54231,0,2,2,0,0.0,6600.0,6600.0,0.0,4,13200.0,0.5007115749525617,0.4172201138519924,0.40417457305502846,0.5040322580645161,0.5007115749525617,0.5246679316888045,0.49430740037950666,0.5040322580645161,0.48123221062618593
PRV54257,0,2,2,0,0.0,6600.0,6600.0,0.0,4,13200.0,0.5007115749525617,0.4172201138519924,0.40417457305502846,0.5040322580645161,0.5007115749525617,0.5246679316888045,0.49430740037950666,0.5040322580645161,0.48123221062618593
PRV54265,0,2,2,0,0.0,6600.0,6600.0,0.0,4,13200.0,0.5007115749525617,0.4172201138519924,0.40417457305502846,0.5040322580645161,0.5007115749525617,0.5246679316888045,0.49430740037950666,0.5040322580645161,0.48123221062618593
PRV54274,0,2,2,0,0.0,6600.0,6600.0,0.0,4,13200.0,0.5007115749525617,0.4172201138519924,0.40417457305502846,0.5040322580645161,0.5007115749525617,0.5246679316888045,0.49430740037950666,0.5040322580645161,0.48123221062618593
PRV54315,0,2,2,0,0.0,6600.0,6600.0,0.0,4,13200.0,0.5007115749525617,0.4172201138519924,0.40417457305502846,0.5040322580645161,0.5007115749525617,0.5246679316888045,0.49430740037950666,0.5040322580645161,0.48123221062618593
PRV54344,0,2,2,0,0.0,6600.0,6600.0,0.0,4,13200.0,0.5007115749525617,0.4172201138519924,0.40417457305502846,0.5040322580645161,0.5007115749525617,0.5246679316888045,0.49430740037950666,0.5040322580645161,0.48123221062618593
PRV54362,0,2,2,0,0.0,6600.0,6600.0,0.0,4,13200.0,0.5007115749525617,0.4172201138519924,0.40417457305502846,0.5040322580645161,0.5007115749525617,0.5246679316888045,0.49430740037950666,0.5040322580645161,0.48123221062618593
PRV54370,0,2,2,0,0.0,6600.0,6600.0,0.0,4,13200.0,0.5007115749525617,0.4172201138519924,0.40417457305502846,0.5040322580645161,0.5007115749525617,0.5246679316888045,0.49430740037950666,0.5040322580645161,0.48123221062618593
PRV54399,0,2,2,0,0.0,6600.0,6600.0,0.0,4,13200.0,0.5007115749525617,0.4172201138519924,0.40417457305502846,0.5040322580645161,0.5007115749525617,0.5246679316888045,0.49430740037950666,0.5040322580645161,0.48123221062618593
PRV54402,0,2,2,0,0.0,6600.0,6600.0,0.0,4,13200.0,0.5007115749525617,0.4172201138519924,0.40417457305502846,0.5040322580645161,0.5007115749525617,0.5246679316888045,0.49430740037950666,0.5040322580645161,0.48123221062618593
PRV54414,0,2,2,0,0.0,6600.0,6600.0,0.0,4,13200.0,0.5007115749525617,0.4172201138519924,0.40417457305502846,0.5040322580645161,0.5007115749525617,0.5246679316888045,0.49430740037950666,0.5040322580645161,0.48123221062618593
PRV54438,0,2,2,0,0.0,6600.0,6600.0,0.0,4,13200.0,0.5007115749525617,0.4172201138519924,0.40417457305502846,0.5040322580645161,0.5007115749525617,0.5246679316888045,0.49430740037950666,0.5040322580645161,0.48123221062618593
PRV54442,0,2,2,0,0.0,6600.0,6600.0,0.0,4,13200.0,0.5007115749525617,0.4172201138519924,0.40417457305502846,0.5040322580645161,0.5007115749525617,0.5246679316888045,0.49430740037950666,0.5040322580645161,0.48123221062618593
PRV54454,0,2,2,0,0.0,6600.0,6600.0,0.0,4,13200.0,0.5007115749525617,0.4172201138519924,0.40417457305502846,0.5040322580645161,0.5007115749525617,0.5246679316888045,0.49430740037950666,0.5040322580645161,0.48123221062618593
PRV54472,0,2,2,0,0.0,6600.0,6600.0,0.0,4,13200.0,0.5007115749525617,0.4172201138519924,0.40417457305502846,0.5040322580645161,0.5007115749525617,0.5246679316888045,0.49430740037950666,0.5040322580645161,0.48123221062618593
PRV54491,0,2,2,0,0.0,6600.0,6600.0,0.0,4,13200.0,0.5007115749525617,0.4172201138519924,0.40417457305502846,0.5040322580645161,0.5007115749525617,0.5246679316888045,0.49430740037950666,0.5040322580645161,0.48123221062618593
PRV54506,0,2,2,0,0.0,6600.0,6600.0,0.0,4,13200.0,0.5007115749525617,0.4172201138519924,0.40417457305502846,0.5040322580645161,0.5007115749525617,0.5246679316888045,0.49430740037950666,0.5040322580645161,0.48123221062618593
PRV54585,0,2,2,0,0.0,6600.0,6600.0,0.0,4,13200.0,0.5007115749525617,0.4172201138519924,0.40417457305502846,0.5040322580645161,0.5007115749525617,0.5246679316888045,0.49430740037950666,0.5040322580645161,0.48123221062618593
PRV54667,0,2,2,0,0.0,6600.0,6600.0,0.0,4,13200.0,0.5007115749525617,0.4172201138519924,0.40417457305502846,0.5040322580645161,0.5007115749525617,0.5246679316888045,0.49430740037950666,0.5040322580645161,0.48123221062618593
PRV54685,0,2,2,0,0.0,6600.0,6600.0,0.0,4,13200.0,0.5007115749525617,0.4172201138519924,0.40417457305502846,0.5040322580645161,0.5007115749525617,0.5246679316888045,0.49430740037950666,0.5040322580645161,0.48123221062618593
PRV54686,0,2,2,0,0.0,6600.0,6600.0,0.0,4,13200.0,0.5007115749525617,0.4172201138519924,0.40417457305502846,0.5040322580645161,0.5007115749525617,0.5246679316888045,0.49430740037950666,0.5040322580645161,0.48123221062618593
PRV54694,0,2,2,0,0.0,6600.0,6600.0,0.0,4,13200.0,0.5007115749525617,0.4172201138519924,0.40417457305502846,0.5040322580645161,0.5007115749525617,0.5246679316888045,0.49430740037950666,0.5040322580645161,0.48123221062618593
PRV54705,0,2,2,0,0.0,6600.0,6600.0,0.0,4,13200.0,0.5007115749525617,0.4172201138519924,0.40417457305502846,0.5040322580645161,0.5007115749525617,0.5246679316888045,0.49430740037950666,0.5040322580645161,0.48123221062618593
PRV54725,0,2,2,0,0.0,6600.0,6600.0,0.0,4,13200.0,0.5007115749525617,0.4172201138519924,0.40417457305502846,0.5040322580645161,0.5007115749525617,0.5246679316888045,0.49430740037950666,0.5040322580645161,0.48123221062618593
PRV54741,0,2,2,0,0.0,6600.0,6600.0,0.0,4,13200.0,0.5007115749525617,0.4172201138519924,0.40417457305502846,0.5040322580645161,0.5007115749525617,0.5246679316888045,0.49430740037950666,0.5040322580645161,0.48123221062618593
PRV54783,0,2,2,0,0.0,6600.0,6600.0,0.0,4,13200.0,0.5007115749525617,0.4172201138519924,0.40417457305502846,0.5040322580645161,0.5007115749525617,0.5246679316888045,0.49430740037950666,0.5040322580645161,0.48123221062618593
PRV54852,0,2,2,0,0.0,6600.0,6600.0,0.0,4,13200.0,0.5007115749525617,0.4172201138519924,0.40417457305502846,0.5040322580645161,0.5007115749525617,0.5246679316888045,0.49430740037950666,0.5040322580645161,0.48123221062618593
PRV54860,0,2,2,0,0.0,6600.0,6600.0,0.0,4,13200.0,0.5007115749525617,0.4172201138519924,0.40417457305502846,0.5040322580645161,0.5007115749525617,0.5246679316888045,0.49430740037950666,0.5040322580645161,0.48123221062618593
PRV54885,0,2,2,0,0.0,6600.0,6600.0,0.0,4,13200.0,0.5007115749525617,0.4172201138519924,0.40417457305502846,0.5040322580645161,0.5007115749525617,0.5246679316888045,0.49430740037950666,0.5040322580645161,0.48123221062618593
PRV54960,0,2,2,0,0.0,6600.0,6600.0,0.0,4,13200.0,0.5007115749525617,0.4172201138519924,0.40417457305502846,0.5040322580645161,0.5007115749525617,0.5246679316888045,0.49430740037950666,0.5040322580645161,0.48123221062618593
PRV54983,0,2,2,0,0.0,6600.0,6600.0,0.0,4,13200.0,0.5007115749525617,0.4172201138519924,0.40417457305502846,0.5040322580645161,0.5007115749525617,0.5246679316888045,0.49430740037950666,0.5040322580645161,0.48123221062618593
PRV55002,0,2,2,0,0.0,6600.0,6600.0,0.0,4,13200.0,0.5007115749525617,0.4172201138519924,0.40417457305502846,0.5040322580645161,0.5007115749525617,0.5246679316888045,0.49430740037950666,0.5040322580645161,0.48123221062618593
PRV55006,0,2,2,0,0.0,6600.0,6600.0,0.0,4,13200.0,0.5007115749525617,0.4172201138519924,0.40417457305502846,0.5040322580645161,0.5007115749525617,0.5246679316888045,0.49430740037950666,0.5040322580645161,0.48123221062618593
PRV55042,0,2,2,0,0.0,6600.0,6600.0,0.0,4,13200.0,0.5007115749525617,0.4172201138519924,0.40417457305502846,0.5040322580645161,0.5007115749525617,0.5246679316888045,0.49430740037950666,0.5040322580645161,0.48123221062618593
PRV55083,0,2,2,0,0.0,6600.0,6600.0,0.0,4,13200.0,0.5007115749525617,0.4172201138519924,0.40417457305502846,0.5040322580645161,0.5007115749525617,0.5246679316888045,0.49430740037950666,0.5040322580645161,0.48123221062618593
PRV55087,0,2,2,0,0.0,6600.0,6600.0,0.0,4,13200.0,0.5007115749525617,0.4172201138519924,0.40417457305502846,0.5040322580645161,0.5007115749525617,0.5246679316888045,0.49430740037950666,0.5040322580645161,0.48123221062618593
PRV55088,0,2,2,0,0.0,6600.0,6600.0,0.0,4,13200.0,0.5007115749525617,0.4172201138519924,0.40417457305502846,0.5040322580645161,0.5007115749525617,0.5246679316888045,0.49430740037950666,0.5040322580645161,0.48123221062618593
PRV55116,0,2,2,0,0.0,6600.0,6600.0,0.0,4,13200.0,0.5007115749525617,0.4172201138519924,0.40417457305502846,0.5040322580645161,0.5007115749525617,0.5246679316888045,0.49430740037950666,0.5040322580645161,0.48123221062618593
PRV55166,0,2,2,0,0.0,6600.0,6600.0,0.0,4,13200.0,0.5007115749525617,0.4172201138519924,0.40417457305502846,0.5040322580645161,0.5007115749525617,0.5246679316888045,0.49430740037950666,0.5040322580645161,0.48123221062618593
PRV55179,0,2,2,0,0.0,6600.0,6600.0,0.0,4,13200.0,0.5007115749525617,0.4172201138519924,0.40417457305502846,0.5040322580645161,0.5007115749525617,0.5246679316888045,0.49430740037950666,0.5040322580645161,0.48123221062618593
PRV55180,0,2,2,0,0.0,6600.0,6600.0,0.0,4,13200.0,0.5007115749525617,0.4172201138519924,0.40417457305502846,0.5040322580645161,0.5007115749525617,0.5246679316888045,0.49430740037950666,0.5040322580645161,0.48123221062618593
PRV55181,0,2,2,0,0.0,6600.0,6600.0,0.0,4,13200.0,0.5007115749525617,0.4172201138519924,0.40417457305502846,0.5040322580645161,0.5007115749525617,0.5246679316888045,0.49430740037950666,0.5040322580645161,0.48123221062618593
PRV55214,0,2,2,0,0.0,6600.0,6600.0,0.0,4,13200.0,0.5007115749525617,0.4172201138519924,0.40417457305502846,0.5040322580645161,0.5007115749525617,0.5246679316888045,0.49430740037950666,0.5040322580645161,0.48123221062618593
PRV55233,0,2,2,0,0.0,6600.0,6600.0,0.0,4,13200.0,0.5007115749525617,0.4172201138519924,0.40417457305502846,0.5040322580645161,0.5007115749525617,0.5246679316888045,0.49430740037950666,0.5040322580645161,0.48123221062618593
PRV55243,0,2,2,0,0.0,6600.0,6600.0,0.0,4,13200.0,0.5007115749525617,0.4172201138519924,0.40417457305502846,0.5040322580645161,0.5007115749525617,0.5246679316888045,0.49430740037950666,0.5040322580645161,0.48123221062618593
PRV55248,0,2,2,0,0.0,6600.0,6600.0,0.0,4,13200.0,0.5007115749525617,0.4172201138519924,0.40417457305502846,0.5040322580645161,0.5007115749525617,0.5246679316888045,0.49430740037950666,0.5040322580645161,0.48123221062618593
PRV55267,0,2,2,0,0.0,6600.0,6600.0,0.0,4,13200.0,0.5007115749525617,0.4172201138519924,0.40417457305502846,0.5040322580645161,0.5007115749525617,0.5246679316888045,0.49430740037950666,0.5040322580645161,0.48123221062618593
PRV55270,0,2,2,0,0.0,6600.0,6600.0,0.0,4,13200.0,0.5007115749525617,0.4172201138519924,0.40417457305502846,0.5040322580645161,0.5007115749525617,0.5246679316888045,0.49430740037950666,0.5040322580645161,0.48123221062618593
PRV55272,0,2,2,0,0.0,6600.0,6600.0,0.0,4,13200.0,0.5007115749525617,0.4172201138519924,0.40417457305502846,0.5040322580645161,0.5007115749525617,0.5246679316888045,0.49430740037950666,0.5040322580645161,0.48123221062618593
PRV55325,0,2,2,0,0.0,6600.0,6600.0,0.0,4,13200.0,0.5007115749525617,0.4172201138519924,0.40417457305502846,0.5040322580645161,0.5007115749525617,0.5246679316888045,0.49430740037950666,0.5040322580645161,0.48123221062618593
PRV55357,0,2,2,0,0.0,6600.0,6600.0,0.0,4,13200.0,0.5007115749525617,0.4172201138519924,0.40417457305502846,0.5040322580645161,0.5007115749525617,0.5246679316888045,0.49430740037950666,0.5040322580645161,0.48123221062618593
PRV55426,0,2,2,0,0.0,6600.0,6600.0,0.0,4,13200.0,0.5007115749525617,0.4172201138519924,0.40417457305502846,0.5040322580645161,0.5007115749525617,0.5246679316888045,0.49430740037950666,0.5040322580645161,0.48123221062618593
PRV55442,0,2,2,0,0.0,6600.0,6600.0,0.0,4,13200.0,0.5007115749525617,0.4172201138519924,0.40417457305502846,0.5040322580645161,0.5007115749525617,0.5246679316888045,0.49430740037950666,0.5040322580645161,0.48123221062618593
PRV55459,0,2,2,0,0.0,6600.0,6600.0,0.0,4,13200.0,0.5007115749525617,0.4172201138519924,0.40417457305502846,0.5040322580645161,0.5007115749525617,0.5246679316888045,0.49430740037950666,0.5040322580645161,0.48123221062618593
PRV55500,0,2,2,0,0.0,6600.0,6600.0,0.0,4,13200.0,0.5007115749525617,0.4172201138519924,0.40417457305502846,0.5040322580645161,0.5007115749525617,0.5246679316888045,0.49430740037950666,0.5040322580645161,0.48123221062618593
PRV55516,0,2,2,0,0.0,6600.0,6600.0,0.0,4,13200.0,0.5007115749525617,0.4172201138519924,0.40417457305502846,0.5040322580645161,0.5007115749525617,0.5246679316888045,0.49430740037950666,0.5040322580645161,0.48123221062618593
PRV55520,0,2,2,0,0.0,6600.0,6600.0,0.0,4,13200.0,0.5007115749525617,0.4172201138519924,0.40417457305502846,0.5040322580645161,0.5007115749525617,0.5246679316888045,0.49430740037950666,0.5040322580645161,0.48123221062618593
PRV55521,0,2,2,0,0.0,6600.0,6600.0,0.0,4,13200.0,0.5007115749525617,0.4172201138519924,0.40417457305502846,0.5040322580645161,0.5007115749525617,0.5246679316888045,0.49430740037950666,0.5040322580645161,0.48123221062618593
PRV55522,0,2,2,0,0.0,6600.0,6600.0,0.0,4,13200.0,0.5007115749525617,0.4172201138519924,0.40417457305502846,0.5040322580645161,0.5007115749525617,0.5246679316888045,0.49430740037950666,0.5040322580645161,0.48123221062618593
PRV55543,0,2,2,0,0.0,6600.0,6600.0,0.0,4,13200.0,0.5007115749525617,0.4172201138519924,0.40417457305502846,0.5040322580645161,0.5007115749525617,0.5246679316888045,0.49430740037950666,0.5040322580645161,0.48123221062618593
PRV55555,0,2,2,0,0.0,6600.0,6600.0,0.0,4,13200.0,0.5007115749525617,0.4172201138519924,0.40417457305502846,0.5040322580645161,0.5007115749525617,0.5246679316888045,0.49430740037950666,0.5040322580645161,0.48123221062618593
PRV55566,0,2,2,0,0.0,6600.0,6600.0,0.0,4,13200.0,0.5007115749525617,0.4172201138519924,0.40417457305502846,0.5040322580645161,0.5007115749525617,0.5246679316888045,0.49430740037950666,0.5040322580645161,0.48123221062618593
PRV55580,0,2,2,0,0.0,6600.0,6600.0,0.0,4,13200.0,0.5007115749525617,0.4172201138519924,0.40417457305502846,0.5040322580645161,0.5007115749525617,0.5246679316888045,0.49430740037950666,0.5040322580645161,0.48123221062618593
PRV55593,0,2,2,0,0.0,6600.0,6600.0,0.0,4,13200.0,0.5007115749525617,0.4172201138519924,0.40417457305502846,0.5040322580645161,0.5007115749525617,0.5246679316888045,0.49430740037950666,0.5040322580645161,0.48123221062618593
PRV55673,0,2,2,0,0.0,6600.0,6600.0,0.0,4,13200.0,0.5007115749525617,0.4172201138519924,0.40417457305502846,0.5040322580645161,0.5007115749525617,0.5246679316888045,0.49430740037950666,0.5040322580645161,0.48123221062618593
PRV55699,0,2,2,0,0.0,6600.0,6600.0,0.0,4,13200.0,0.5007115749525617,0.4172201138519924,0.40417457305502846,0.5040322580645161,0.5007115749525617,0.5246679316888045,0.49430740037950666,0.5040322580645161,0.48123221062618593
PRV55729,0,2,2,0,0.0,6600.0,6600.0,0.0,4,13200.0,0.5007115749525617,0.4172201138519924,0.40417457305502846,0.5040322580645161,0.5007115749525617,0.5246679316888045,0.49430740037950666,0.5040322580645161,0.48123221062618593
PRV55835,0,2,2,0,0.0,6600.0,6600.0,0.0,4,13200.0,0.5007115749525617,0.4172201138519924,0.40417457305502846,0.5040322580645161,0.5007115749525617,0.5246679316888045,0.49430740037950666,0.5040322580645161,0.48123221062618593
PRV55872,0,2,2,0,0.0,6600.0,6600.0,0.0,4,13200.0,0.5007115749525617,0.4172201138519924,0.40417457305502846,0.5040322580645161,0.5007115749525617,0.5246679316888045,0.49430740037950666,0.5040322580645161,0.48123221062618593
PRV55907,0,2,2,0,0.0,6600.0,6600.0,0.0,4,13200.0,0.5007115749525617,0.4172201138519924,0.40417457305502846,0.5040322580645161,0.5007115749525617,0.5246679316888045,0.49430740037950666,0.5040322580645161,0.48123221062618593
PRV55920,0,2,2,0,0.0,6600.0,6600.0,0.0,4,13200.0,0.5007115749525617,0.4172201138519924,0.40417457305502846,0.5040322580645161,0.5007115749525617,0.5246679316888045,0.49430740037950666,0.5040322580645161,0.48123221062618593
PRV55921,0,2,2,0,0.0,6600.0,6600.0,0.0,4,13200.0,0.5007115749525617,0.4172201138519924,0.40417457305502846,0.5040322580645161,0.5007115749525617,0.5246679316888045,0.49430740037950666,0.5040322580645161,0.48123221062618593
PRV55968,0,2,2,0,0.0,6600.0,6600.0,0.0,4,13200.0,0.5007115749525617,0.4172201138519924,0.40417457305502846,0.5040322580645161,0.5007115749525617,0.5246679316888045,0.49430740037950666,0.5040322580645161,0.48123221062618593
PRV55996,0,2,2,0,0.0,6600.0,6600.0,0.0,4,13200.0,0.5007115749525617,0.4172201138519924,0.40417457305502846,0.5040322580645161,0.5007115749525617,0.5246679316888045,0.49430740037950666,0.5040322580645161,0.48123221062618593
PRV56039,0,2,2,0,0.0,6600.0,6600.0,0.0,4,13200.0,0.5007115749525617,0.4172201138519924,0.40417457305502846,0.5040322580645161,0.5007115749525617,0.5246679316888045,0.49430740037950666,0.5040322580645161,0.48123221062618593
PRV56135,0,2,2,0,0.0,6600.0,6600.0,0.0,4,13200.0,0.5007115749525617,0.4172201138519924,0.40417457305502846,0.5040322580645161,0.5007115749525617,0.5246679316888045,0.49430740037950666,0.5040322580645161,0.48123221062618593
PRV56141,0,2,2,0,0.0,6600.0,6600.0,0.0,4,13200.0,0.5007115749525617,0.4172201138519924,0.40417457305502846,0.5040322580645161,0.5007115749525617,0.5246679316888045,0.49430740037950666,0.5040322580645161,0.48123221062618593
PRV56157,0,2,2,0,0.0,6600.0,6600.0,0.0,4,13200.0,0.5007115749525617,0.4172201138519924,0.40417457305502846,0.5040322580645161,0.5007115749525617,0.5246679316888045,0.49430740037950666,0.5040322580645161,0.48123221062618593
PRV56208,0,2,2,0,0.0,6600.0,6600.0,0.0,4,13200.0,0.5007115749525617,0.4172201138519924,0.40417457305502846,0.5040322580645161,0.5007115749525617,0.5246679316888045,0.49430740037950666,0.5040322580645161,0.48123221062618593
PRV56222,0,2,2,0,0.0,6600.0,6600.0,0.0,4,13200.0,0.5007115749525617,0.4172201138519924,0.40417457305502846,0.5040322580645161,0.5007115749525617,0.5246679316888045,0.49430740037950666,0.5040322580645161,0.48123221062618593
PRV56224,0,2,2,0,0.0,6600.0,6600.0,0.0,4,13200.0,0.5007115749525617,0.4172201138519924,0.40417457305502846,0.5040322580645161,0.5007115749525617,0.5246679316888045,0.49430740037950666,0.5040322580645161,0.48123221062618593
PRV56235,0,2,2,0,0.0,6600.0,6600.0,0.0,4,13200.0,0.5007115749525617,0.4172201138519924,0.40417457305502846,0.5040322580645161,0.5007115749525617,0.5246679316888045,0.49430740037950666,0.5040322580645161,0.48123221062618593
PRV56239,0,2,2,0,0.0,6600.0,6600.0,0.0,4,13200.0,0.5007115749525617,0.4172201138519924,0.40417457305502846,0.5040322580645161,0.5007115749525617,0.5246679316888045,0.49430740037950666,0.5040322580645161,0.48123221062618593
PRV56253,0,2,2,0,0.0,6600.0,6600.0,0.0,4,13200.0,0.5007115749525617,0.4172201138519924,0.40417457305502846,0.5040322580645161,0.5007115749525617,0.5246679316888045,0.49430740037950666,0.5040322580645161,0.48123221062618593
PRV56281,0,2,2,0,0.0,6600.0,6600.0,0.0,4,13200.0,0.5007115749525617,0.4172201138519924,0.40417457305502846,0.5040322580645161,0.5007115749525617,0.5246679316888045,0.49430740037950666,0.5040322580645161,0.48123221062618593
PRV56284,0,2,2,0,0.0,6600.0,6600.0,0.0,4,13200.0,0.5007115749525617,0.4172201138519924,0.40417457305502846,0.5040322580645161,0.5007115749525617,0.5246679316888045,0.49430740037950666,0.5040322580645161,0.48123221062618593
PRV56345,0,2,2,0,0.0,6600.0,6600.0,0.0,4,13200.0,0.5007115749525617,0.4172201138519924,0.40417457305502846,0.5040322580645161,0.5007115749525617,0.5246679316888045,0.49430740037950666,0.5040322580645161,0.48123221062618593
PRV56346,0,2,2,0,0.0,6600.0,6600.0,0.0,4,13200.0,0.5007115749525617,0.4172201138519924,0.40417457305502846,0.5040322580645161,0.5007115749525617,0.5246679316888045,0.49430740037950666,0.5040322580645161,0.48123221062618593
PRV56355,0,2,2,0,0.0,6600.0,6600.0,0.0,4,13200.0,0.5007115749525617,0.4172201138519924,0.40417457305502846,0.5040322580645161,0.5007115749525617,0.5246679316888045,0.49430740037950666,0.5040322580645161,0.48123221062618593
PRV56363,0,2,2,0,0.0,6600.0,6600.0,0.0,4,13200.0,0.5007115749525617,0.4172201138519924,0.40417457305502846,0.5040322580645161,0.5007115749525617,0.5246679316888045,0.49430740037950666,0.5040322580645161,0.48123221062618593
PRV56364,0,2,2,0,0.0,6600.0,6600.0,0.0,4,13200.0,0.5007115749525617,0.4172201138519924,0.40417457305502846,0.5040322580645161,0.5007115749525617,0.5246679316888045,0.49430740037950666,0.5040322580645161,0.48123221062618593
PRV56379,0,2,2,0,0.0,6600.0,6600.0,0.0,4,13200.0,0.5007115749525617,0.4172201138519924,0.40417457305502846,0.5040322580645161,0.5007115749525617,0.5246679316888045,0.49430740037950666,0.5040322580645161,0.48123221062618593
PRV56403,0,2,2,0,0.0,6600.0,6600.0,0.0,4,13200.0,0.5007115749525617,0.4172201138519924,0.40417457305502846,0.5040322580645161,0.5007115749525617,0.5246679316888045,0.49430740037950666,0.5040322580645161,0.48123221062618593
PRV56413,0,2,2,0,0.0,6600.0,6600.0,0.0,4,13200.0,0.5007115749525617,0.4172201138519924,0.40417457305502846,0.5040322580645161,0.5007115749525617,0.5246679316888045,0.49430740037950666,0.5040322580645161,0.48123221062618593
PRV56439,0,2,2,0,0.0,6600.0,6600.0,0.0,4,13200.0,0.5007115749525617,0.4172201138519924,0.40417457305502846,0.5040322580645161,0.5007115749525617,0.5246679316888045,0.49430740037950666,0.5040322580645161,0.48123221062618593
PRV56440,0,2,2,0,0.0,6600.0,6600.0,0.0,4,13200.0,0.5007115749525617,0.4172201138519924,0.40417457305502846,0.5040322580645161,0.5007115749525617,0.5246679316888045,0.49430740037950666,0.5040322580645161,0.48123221062618593
PRV56454,0,2,2,0,0.0,6600.0,6600.0,0.0,4,13200.0,0.5007115749525617,0.4172201138519924,0.40417457305502846,0.5040322580645161,0.5007115749525617,0.5246679316888045,0.49430740037950666,0.5040322580645161,0.48123221062618593
PRV56461,0,2,2,0,0.0,6600.0,6600.0,0.0,4,13200.0,0.5007115749525617,0.4172201138519924,0.40417457305502846,0.5040322580645161,0.5007115749525617,0.5246679316888045,0.49430740037950666,0.5040322580645161,0.48123221062618593
PRV56497,0,2,2,0,0.0,6600.0,6600.0,0.0,4,13200.0,0.5007115749525617,0.4172201138519924,0.40417457305502846,0.5040322580645161,0.5007115749525617,0.5246679316888045,0.49430740037950666,0.5040322580645161,0.48123221062618593
PRV56500,0,2,2,0,0.0,6600.0,6600.0,0.0,4,13200.0,0.5007115749525617,0.4172201138519924,0.40417457305502846,0.5040322580645161,0.5007115749525617,0.5246679316888045,0.49430740037950666,0.5040322580645161,0.48123221062618593
PRV56501,0,2,2,0,0.0,6600.0,6600.0,0.0,4,13200.0,0.5007115749525617,0.4172201138519924,0.40417457305502846,0.5040322580645161,0.5007115749525617,0.5246679316888045,0.49430740037950666,0.5040322580645161,0.48123221062618593
PRV56509,0,2,2,0,0.0,6600.0,6600.0,0.0,4,13200.0,0.5007115749525617,0.4172201138519924,0.40417457305502846,0.5040322580645161,0.5007115749525617,0.5246679316888045,0.49430740037950666,0.5040322580645161,0.48123221062618593
PRV56525,0,2,2,0,0.0,6600.0,6600.0,0.0,4,13200.0,0.5007115749525617,0.4172201138519924,0.40417457305502846,0.5040322580645161,0.5007115749525617,0.5246679316888045,0.49430740037950666,0.5040322580645161,0.48123221062618593
PRV56537,0,2,2,0,0.0,6600.0,6600.0,0.0,4,13200.0,0.5007115749525617,0.4172201138519924,0.40417457305502846,0.5040322580645161,0.5007115749525617,0.5246679316888045,0.49430740037950666,0.5040322580645161,0.48123221062618593
PRV56550,0,2,2,0,0.0,6600.0,6600.0,0.0,4,13200.0,0.5007115749525617,0.4172201138519924,0.40417457305502846,0.5040322580645161,0.5007115749525617,0.5246679316888045,0.49430740037950666,0.5040322580645161,0.48123221062618593
PRV56594,0,2,2,0,0.0,6600.0,6600.0,0.0,4,13200.0,0.5007115749525617,0.4172201138519924,0.40417457305502846,0.5040322580645161,0.5007115749525617,0.5246679316888045,0.49430740037950666,0.5040322580645161,0.48123221062618593
PRV56618,0,2,2,0,0.0,6600.0,6600.0,0.0,4,13200.0,0.5007115749525617,0.4172201138519924,0.40417457305502846,0.5040322580645161,0.5007115749525617,0.5246679316888045,0.49430740037950666,0.5040322580645161,0.48123221062618593
PRV56621,0,2,2,0,0.0,6600.0,6600.0,0.0,4,13200.0,0.5007115749525617,0.4172201138519924,0.40417457305502846,0.5040322580645161,0.5007115749525617,0.5246679316888045,0.49430740037950666,0.5040322580645161,0.48123221062618593
PRV56632,0,2,2,0,0.0,6600.0,6600.0,0.0,4,13200.0,0.5007115749525617,0.4172201138519924,0.40417457305502846,0.5040322580645161,0.5007115749525617,0.5246679316888045,0.49430740037950666,0.5040322580645161,0.48123221062618593
PRV56637,0,2,2,0,0.0,6600.0,6600.0,0.0,4,13200.0,0.5007115749525617,0.4172201138519924,0.40417457305502846,0.5040322580645161,0.5007115749525617,0.5246679316888045,0.49430740037950666,0.5040322580645161,0.48123221062618593
PRV56647,0,2,2,0,0.0,6600.0,6600.0,0.0,4,13200.0,0.5007115749525617,0.4172201138519924,0.40417457305502846,0.5040322580645161,0.5007115749525617,0.5246679316888045,0.49430740037950666,0.5040322580645161,0.48123221062618593
PRV56653,0,2,2,0,0.0,6600.0,6600.0,0.0,4,13200.0,0.5007115749525617,0.4172201138519924,0.40417457305502846,0.5040322580645161,0.5007115749525617,0.5246679316888045,0.49430740037950666,0.5040322580645161,0.48123221062618593
PRV56713,0,2,2,0,0.0,6600.0,6600.0,0.0,4,13200.0,0.5007115749525617,0.4172201138519924,0.40417457305502846,0.5040322580645161,0.5007115749525617,0.5246679316888045,0.49430740037950666,0.5040322580645161,0.48123221062618593
PRV56788,0,2,2,0,0.0,6600.0,6600.0,0.0,4,13200.0,0.5007115749525617,0.4172201138519924,0.40417457305502846,0.5040322580645161,0.5007115749525617,0.5246679316888045,0.49430740037950666,0.5040322580645161,0.48123221062618593
PRV56809,0,2,2,0,0.0,6600.0,6600.0,0.0,4,13200.0,0.5007115749525617,0.4172201138519924,0.40417457305502846,0.5040322580645161,0.5007115749525617,0.5246679316888045,0.49430740037950666,0.5040322580645161,0.48123221062618593
PRV56828,0,2,2,0,0.0,6600.0,6600.0,0.0,4,13200.0,0.5007115749525617,0.4172201138519924,0.40417457305502846,0.5040322580645161,0.5007115749525617,0.5246679316888045,0.49430740037950666,0.5040322580645161,0.48123221062618593
PRV56857,0,2,2,0,0.0,6600.0,6600.0,0.0,4,13200.0,0.5007115749525617,0.4172201138519924,0.40417457305502846,0.5040322580645161,0.5007115749525617,0.5246679316888045,0.49430740037950666,0.5040322580645161,0.48123221062618593
PRV56972,0,2,2,0,0.0,6600.0,6600.0,0.0,4,13200.0,0.5007115749525617,0.4172201138519924,0.40417457305502846,0.5040322580645161,0.5007115749525617,0.5246679316888045,0.49430740037950666,0.5040322580645161,0.48123221062618593
PRV57004,0,2,2,0,0.0,6600.0,6600.0,0.0,4,13200.0,0.5007115749525617,0.4172201138519924,0.40417457305502846,0.5040322580645161,0.5007115749525617,0.5246679316888045,0.49430740037950666,0.5040322580645161,0.48123221062618593
PRV57030,0,2,2,0,0.0,6600.0,6600.0,0.0,4,13200.0,0.5007115749525617,0.4172201138519924,0.40417457305502846,0.5040322580645161,0.5007115749525617,0.5246679316888045,0.49430740037950666,0.5040322580645161,0.48123221062618593
PRV57031,0,2,2,0,0.0,6600.0,6600.0,0.0,4,13200.0,0.5007115749525617,0.4172201138519924,0.40417457305502846,0.5040322580645161,0.5007115749525617,0.5246679316888045,0.49430740037950666,0.5040322580645161,0.48123221062618593
PRV57117,0,2,2,0,0.0,6600.0,6600.0,0.0,4,13200.0,0.5007115749525617,0.4172201138519924,0.40417457305502846,0.5040322580645161,0.5007115749525617,0.5246679316888045,0.49430740037950666,0.5040322580645161,0.48123221062618593
PRV57128,0,2,2,0,0.0,6600.0,6600.0,0.0,4,13200.0,0.5007115749525617,0.4172201138519924,0.40417457305502846,0.5040322580645161,0.5007115749525617,0.5246679316888045,0.49430740037950666,0.5040322580645161,0.48123221062618593
PRV57157,0,2,2,0,0.0,6600.0,6600.0,0.0,4,13200.0,0.5007115749525617,0.4172201138519924,0.40417457305502846,0.5040322580645161,0.5007115749525617,0.5246679316888045,0.49430740037950666,0.5040322580645161,0.48123221062618593
PRV57181,0,2,2,0,0.0,6600.0,6600.0,0.0,4,13200.0,0.5007115749525617,0.4172201138519924,0.40417457305502846,0.5040322580645161,0.5007115749525617,0.5246679316888045,0.49430740037950666,0.5040322580645161,0.48123221062618593
PRV57185,0,2,2,0,0.0,6600.0,6600.0,0.0,4,13200.0,0.5007115749525617,0.4172201138519924,0.40417457305502846,0.5040322580645161,0.5007115749525617,0.5246679316888045,0.49430740037950666,0.5040322580645161,0.48123221062618593
PRV57202,0,2,2,0,0.0,6600.0,6600.0,0.0,4,13200.0,0.5007115749525617,0.4172201138519924,0.40417457305502846,0.5040322580645161,0.5007115749525617,0.5246679316888045,0.49430740037950666,0.5040322580645161,0.48123221062618593
PRV57204,0,2,2,0,0.0,6600.0,6600.0,0.0,4,13200.0,0.5007115749525617,0.4172201138519924,0.40417457305502846,0.5040322580645161,0.5007115749525617,0.5246679316888045,0.49430740037950666,0.5040322580645161,0.48123221062618593
PRV57211,0,2,2,0,0.0,6600.0,6600.0,0.0,4,13200.0,0.5007115749525617,0.4172201138519924,0.40417457305502846,0.5040322580645161,0.5007115749525617,0.5246679316888045,0.49430740037950666,0.5040322580645161,0.48123221062618593
PRV57245,0,2,2,0,0.0,6600.0,6600.0,0.0,4,13200.0,0.5007115749525617,0.4172201138519924,0.40417457305502846,0.5040322580645161,0.5007115749525617,0.5246679316888045,0.49430740037950666,0.5040322580645161,0.48123221062618593
PRV57287,0,2,2,0,0.0,6600.0,6600.0,0.0,4,13200.0,0.5007115749525617,0.4172201138519924,0.40417457305502846,0.5040322580645161,0.5007115749525617,0.5246679316888045,0.49430740037950666,0.5040322580645161,0.48123221062618593
PRV57288,0,2,2,0,0.0,6600.0,6600.0,0.0,4,13200.0,0.5007115749525617,0.4172201138519924,0.40417457305502846,0.5040322580645161,0.5007115749525617,0.5246679316888045,0.49430740037950666,0.5040322580645161,0.48123221062618593
PRV57309,0,2,2,0,0.0,6600.0,6600.0,0.0,4,13200.0,0.5007115749525617,0.4172201138519924,0.40417457305502846,0.5040322580645161,0.5007115749525617,0.5246679316888045,0.49430740037950666,0.5040322580645161,0.48123221062618593
PRV57345,0,2,2,0,0.0,6600.0,6600.0,0.0,4,13200.0,0.5007115749525617,0.4172201138519924,0.40417457305502846,0.5040322580645161,0.5007115749525617,0.5246679316888045,0.49430740037950666,0.5040322580645161,0.48123221062618593
PRV57347,0,2,2,0,0.0,6600.0,6600.0,0.0,4,13200.0,0.5007115749525617,0.4172201138519924,0.40417457305502846,0.5040322580645161,0.5007115749525617,0.5246679316888045,0.49430740037950666,0.5040322580645161,0.48123221062618593
PRV57355,0,2,2,0,0.0,6600.0,6600.0,0.0,4,13200.0,0.5007115749525617,0.4172201138519924,0.40417457305502846,0.5040322580645161,0.5007115749525617,0.5246679316888045,0.49430740037950666,0.5040322580645161,0.48123221062618593
PRV57365,0,2,2,0,0.0,6600.0,6600.0,0.0,4,13200.0,0.5007115749525617,0.4172201138519924,0.40417457305502846,0.5040322580645161,0.5007115749525617,0.5246679316888045,0.49430740037950666,0.5040322580645161,0.48123221062618593
PRV57415,0,2,2,0,0.0,6600.0,6600.0,0.0,4,13200.0,0.5007115749525617,0.4172201138519924,0.40417457305502846,0.5040322580645161,0.5007115749525617,0.5246679316888045,0.49430740037950666,0.5040322580645161,0.48123221062618593
PRV57423,0,2,2,0,0.0,6600.0,6600.0,0.0,4,13200.0,0.5007115749525617,0.4172201138519924,0.40417457305502846,0.5040322580645161,0.5007115749525617,0.5246679316888045,0.49430740037950666,0.5040322580645161,0.48123221062618593
PRV57426,0,2,2,0,0.0,6600.0,6600.0,0.0,4,13200.0,0.5007115749525617,0.4172201138519924,0.40417457305502846,0.5040322580645161,0.5007115749525617,0.5246679316888045,0.49430740037950666,0.5040322580645161,0.48123221062618593
PRV57434,0,2,2,0,0.0,6600.0,6600.0,0.0,4,13200.0,0.5007115749525617,0.4172201138519924,0.40417457305502846,0.5040322580645161,0.5007115749525617,0.5246679316888045,0.49430740037950666,0.5040322580645161,0.48123221062618593
PRV57476,0,2,2,0,0.0,6600.0,6600.0,0.0,4,13200.0,0.5007115749525617,0.4172201138519924,0.40417457305502846,0.5040322580645161,0.5007115749525617,0.5246679316888045,0.49430740037950666,0.5040322580645161,0.48123221062618593
PRV57500,0,2,2,0,0.0,6600.0,6600.0,0.0,4,13200.0,0.5007115749525617,0.4172201138519924,0.40417457305502846,0.5040322580645161,0.5007115749525617,0.5246679316888045,0.49430740037950666,0.5040322580645161,0.48123221062618593
PRV57507,0,2,2,0,0.0,6600.0,6600.0,0.0,4,13200.0,0.5007115749525617,0.4172201138519924,0.40417457305502846,0.5040322580645161,0.5007115749525617,0.5246679316888045,0.49430740037950666,0.5040322580645161,0.48123221062618593
PRV57523,0,2,2,0,0.0,6600.0,6600.0,0.0,4,13200.0,0.5007115749525617,0.4172201138519924,0.40417457305502846,0.5040322580645161,0.5007115749525617,0.5246679316888045,0.49430740037950666,0.5040322580645161,0.48123221062618593
PRV57532,0,2,2,0,0.0,6600.0,6600.0,0.0,4,13200.0,0.5007115749525617,0.4172201138519924,0.40417457305502846,0.5040322580645161,0.5007115749525617,0.5246679316888045,0.49430740037950666,0.5040322580645161,0.48123221062618593
PRV57551,0,2,2,0,0.0,6600.0,6600.0,0.0,4,13200.0,0.5007115749525617,0.4172201138519924,0.40417457305502846,0.5040322580645161,0.5007115749525617,0.5246679316888045,0.49430740037950666,0.5040322580645161,0.48123221062618593
PRV57585,0,2,2,0,0.0,6600.0,6600.0,0.0,4,13200.0,0.5007115749525617,0.4172201138519924,0.40417457305502846,0.5040322580645161,0.5007115749525617,0.5246679316888045,0.49430740037950666,0.5040322580645161,0.48123221062618593
PRV57596,0,2,2,0,0.0,6600.0,6600.0,0.0,4,13200.0,0.5007115749525617,0.4172201138519924,0.40417457305502846,0.5040322580645161,0.5007115749525617,0.5246679316888045,0.49430740037950666,0.5040322580645161,0.48123221062618593
PRV57677,0,2,2,0,0.0,6600.0,6600.0,0.0,4,13200.0,0.5007115749525617,0.4172201138519924,0.40417457305502846,0.5040322580645161,0.5007115749525617,0.5246679316888045,0.49430740037950666,0.5040322580645161,0.48123221062618593
PRV57718,0,2,2,0,0.0,6600.0,6600.0,0.0,4,13200.0,0.5007115749525617,0.4172201138519924,0.40417457305502846,0.5040322580645161,0.5007115749525617,0.5246679316888045,0.49430740037950666,0.5040322580645161,0.48123221062618593
PRV57763,0,2,2,0,0.0,6600.0,6600.0,0.0,4,13200.0,0.5007115749525617,0.4172201138519924,0.40417457305502846,0.5040322580645161,0.5007115749525617,0.5246679316888045,0.49430740037950666,0.5040322580645161,0.48123221062618593
PRV51058,0,1,1,0,0.0,57000.0,57000.0,0.0,2,114000.0,0.5007115749525617,0.7590132827324478,0.7374288425047438,0.5040322580645161,0.5007115749525617,0.16911764705882354,0.13899430740037952,0.5040322580645161,0.4767552182163188
PRV51160,0,1,1,0,0.0,57000.0,57000.0,0.0,2,114000.0,0.5007115749525617,0.7590132827324478,0.7374288425047438,0.5040322580645161,0.5007115749525617,0.16911764705882354,0.13899430740037952,0.5040322580645161,0.4767552182163188
PRV51285,0,1,1,0,0.0,57000.0,57000.0,0.0,2,114000.0,0.5007115749525617,0.7590132827324478,0.7374288425047438,0.5040322580645161,0.5007115749525617,0.16911764705882354,0.13899430740037952,0.5040322580645161,0.4767552182163188
PRV51342,0,1,1,0,0.0,57000.0,57000.0,0.0,2,114000.0,0.5007115749525617,0.7590132827324478,0.7374288425047438,0.5040322580645161,0.5007115749525617,0.16911764705882354,0.13899430740037952,0.5040322580645161,0.4767552182163188
PRV51378,0,1,1,0,0.0,57000.0,57000.0,0.0,2,114000.0,0.5007115749525617,0.7590132827324478,0.7374288425047438,0.5040322580645161,0.5007115749525617,0.16911764705882354,0.13899430740037952,0.5040322580645161,0.4767552182163188
PRV51495,0,1,1,0,0.0,57000.0,57000.0,0.0,2,114000.0,0.5007115749525617,0.7590132827324478,0.7374288425047438,0.5040322580645161,0.5007115749525617,0.16911764705882354,0.13899430740037952,0.5040322580645161,0.4767552182163188
PRV51497,0,1,1,0,0.0,57000.0,57000.0,0.0,2,114000.0,0.5007115749525617,0.7590132827324478,0.7374288425047438,0.5040322580645161,0.5007115749525617,0.16911764705882354,0.13899430740037952,0.5040322580645161,0.4767552182163188
PRV51523,0,1,1,0,0.0,57000.0,57000.0,0.0,2,114000.0,0.5007115749525617,0.7590132827324478,0.7374288425047438,0.5040322580645161,0.5007115749525617,0.16911764705882354,0.13899430740037952,0.5040322580645161,0.4767552182163188
PRV51551,0,1,1,0,0.0,57000.0,57000.0,0.0,2,114000.0,0.5007115749525617,0.7590132827324478,0.7374288425047438,0.5040322580645161,0.5007115749525617,0.16911764705882354,0.13899430740037952,0.5040322580645161,0.4767552182163188
PRV51560,0,1,1,0,0.0,57000.0,57000.0,0.0,2,114000.0,0.5007115749525617,0.7590132827324478,0.7374288425047438,0.5040322580645161,0.5007115749525617,0.16911764705882354,0.13899430740037952,0.5040322580645161,0.4767552182163188
PRV51805,0,1,1,0,0.0,57000.0,57000.0,0.0,2,114000.0,0.5007115749525617,0.7590132827324478,0.7374288425047438,0.5040322580645161,0.5007115749525617,0.16911764705882354,0.13899430740037952,0.5040322580645161,0.4767552182163188
PRV51857,0,1,1,0,0.0,57000.0,57000.0,0.0,2,114000.0,0.5007115749525617,0.7590132827324478,0.7374288425047438,0.5040322580645161,0.5007115749525617,0.16911764705882354,0.13899430740037952,0.5040322580645161,0.4767552182163188
PRV51920,0,1,1,0,0.0,57000.0,57000.0,0.0,2,114000.0,0.5007115749525617,0.7590132827324478,0.7374288425047438,0.5040322580645161,0.5007115749525617,0.16911764705882354,0.13899430740037952,0.5040322580645161,0.4767552182163188
PRV51960,0,1,1,0,0.0,57000.0,57000.0,0.0,2,114000.0,0.5007115749525617,0.7590132827324478,0.7374288425047438,0.5040322580645161,0.5007115749525617,0.16911764705882354,0.13899430740037952,0.5040322580645161,0.4767552182163188
PRV52057,0,1,1,0,0.0,57000.0,57000.0,0.0,2,114000.0,0.5007115749525617,0.7590132827324478,0.7374288425047438,0.5040322580645161,0.5007115749525617,0.16911764705882354,0.13899430740037952,0.5040322580645161,0.4767552182163188
PRV52118,0,1,1,0,0.0,57000.0,57000.0,0.0,2,114000.0,0.5007115749525617,0.7590132827324478,0.7374288425047438,0.5040322580645161,0.5007115749525617,0.16911764705882354,0.13899430740037952,0.5040322580645161,0.4767552182163188
PRV52131,0,1,1,0,0.0,57000.0,57000.0,0.0,2,114000.0,0.5007115749525617,0.7590132827324478,0.7374288425047438,0.5040322580645161,0.5007115749525617,0.16911764705882354,0.13899430740037952,0.5040322580645161,0.4767552182163188
PRV52135,0,1,1,0,0.0,57000.0,57000.0,0.0,2,114000.0,0.5007115749525617,0.7590132827324478,0.7374288425047438,0.5040322580645161,0.5007115749525617,0.16911764705882354,0.13899430740037952,0.5040322580645161,0.4767552182163188
PRV52178,0,1,1,0,0.0,57000.0,57000.0,0.0,2,114000.0,0.5007115749525617,0.7590132827324478,0.7374288425047438,0.5040322580645161,0.5007115749525617,0.16911764705882354,0.13899430740037952,0.5040322580645161,0.4767552182163188
PRV52197,0,1,1,0,0.0,57000.0,57000.0,0.0,2,114000.0,0.5007115749525617,0.7590132827324478,0.7374288425047438,0.5040322580645161,0.5007115749525617,0.16911764705882354,0.13899430740037952,0.5040322580645161,0.4767552182163188
PRV52266,0,1,1,0,0.0,57000.0,57000.0,0.0,2,114000.0,0.5007115749525617,0.7590132827324478,0.7374288425047438,0.5040322580645161,0.5007115749525617,0.16911764705882354,0.13899430740037952,0.5040322580645161,0.4767552182163188
PRV52278,0,1,1,0,0.0,57000.0,57000.0,0.0,2,114000.0,0.5007115749525617,0.7590132827324478,0.7374288425047438,0.5040322580645161,0.5007115749525617,0.16911764705882354,0.13899430740037952,0.5040322580645161,0.4767552182163188
PRV52446,0,1,1,0,0.0,57000.0,57000.0,0.0,2,114000.0,0.5007115749525617,0.7590132827324478,0.7374288425047438,0.5040322580645161,0.5007115749525617,0.16911764705882354,0.13899430740037952,0.5040322580645161,0.4767552182163188
PRV52474,0,1,1,0,0.0,57000.0,57000.0,0.0,2,114000.0,0.5007115749525617,0.7590132827324478,0.7374288425047438,0.5040322580645161,0.5007115749525617,0.16911764705882354,0.13899430740037952,0.5040322580645161,0.4767552182163188
PRV52537,0,1,1,0,0.0,57000.0,57000.0,0.0,2,114000.0,0.5007115749525617,0.7590132827324478,0.7374288425047438,0.5040322580645161,0.5007115749525617,0.16911764705882354,0.13899430740037952,0.5040322580645161,0.4767552182163188
PRV52582,0,1,1,0,0.0,57000.0,57000.0,0.0,2,114000.0,0.5007115749525617,0.7590132827324478,0.7374288425047438,0.5040322580645161,0.5007115749525617,0.16911764705882354,0.13899430740037952,0.5040322580645161,0.4767552182163188
PRV52831,0,1,1,0,0.0,57000.0,57000.0,0.0,2,114000.0,0.5007115749525617,0.7590132827324478,0.7374288425047438,0.5040322580645161,0.5007115749525617,0.16911764705882354,0.13899430740037952,0.5040322580645161,0.4767552182163188
PRV52847,0,1,1,0,0.0,57000.0,57000.0,0.0,2,114000.0,0.5007115749525617,0.7590132827324478,0.7374288425047438,0.5040322580645161,0.5007115749525617,0.16911764705882354,0.13899430740037952,0.5040322580645161,0.4767552182163188
PRV52910,0,1,1,0,0.0,57000.0,57000.0,0.0,2,114000.0,0.5007115749525617,0.7590132827324478,0.7374288425047438,0.5040322580645161,0.5007115749525617,0.16911764705882354,0.13899430740037952,0.5040322580645161,0.4767552182163188
PRV53242,0,1,1,0,0.0,57000.0,57000.0,0.0,2,114000.0,0.5007115749525617,0.7590132827324478,0.7374288425047438,0.5040322580645161,0.5007115749525617,0.16911764705882354,0.13899430740037952,0.5040322580645161,0.4767552182163188
PRV53297,0,1,1,0,0.0,57000.0,57000.0,0.0,2,114000.0,0.5007115749525617,0.7590132827324478,0.7374288425047438,0.5040322580645161,0.5007115749525617,0.16911764705882354,0.13899430740037952,0.5040322580645161,0.4767552182163188
PRV53441,0,1,1,0,0.0,57000.0,57000.0,0.0,2,114000.0,0.5007115749525617,0.7590132827324478,0.7374288425047438,0.5040322580645161,0.5007115749525617,0.16911764705882354,0.13899430740037952,0.5040322580645161,0.4767552182163188
PRV53763,0,1,1,0,0.0,57000.0,57000.0,0.0,2,114000.0,0.5007115749525617,0.7590132827324478,0.7374288425047438,0.5040322580645161,0.5007115749525617,0.16911764705882354,0.13899430740037952,0.5040322580645161,0.4767552182163188
PRV53868,0,1,1,0,0.0,57000.0,57000.0,0.0,2,114000.0,0.5007115749525617,0.7590132827324478,0.7374288425047438,0.5040322580645161,0.5007115749525617,0.16911764705882354,0.13899430740037952,0.5040322580645161,0.4767552182163188
PRV54111,0,1,1,0,0.0,57000.0,57000.0,0.0,2,114000.0,0.5007115749525617,0.7590132827324478,0.7374288425047438,0.5040322580645161,0.5007115749525617,0.16911764705882354,0.13899430740037952,0.5040322580645161,0.4767552182163188
PRV54297,0,1,1,0,0.0,57000.0,57000.0,0.0,2,114000.0,0.5007115749525617,0.7590132827324478,0.7374288425047438,0.5040322580645161,0.5007115749525617,0.16911764705882354,0.13899430740037952,0.5040322580645161,0.4767552182163188
PRV54649,0,1,1,0,0.0,57000.0,57000.0,0.0,2,114000.0,0.5007115749525617,0.7590132827324478,0.7374288425047438,0.5040322580645161,0.5007115749525617,0.16911764705882354,0.13899430740037952,0.5040322580645161,0.4767552182163188
PRV54724,0,1,1,0,0.0,57000.0,57000.0,0.0,2,114000.0,0.5007115749525617,0.7590132827324478,0.7374288425047438,0.5040322580645161,0.5007115749525617,0.16911764705882354,0.13899430740037952,0.5040322580645161,0.4767552182163188
PRV54896,0,1,1,0,0.0,57000.0,57000.0,0.0,2,114000.0,0.5007115749525617,0.7590132827324478,0.7374288425047438,0.5040322580645161,0.5007115749525617,0.16911764705882354,0.13899430740037952,0.5040322580645161,0.4767552182163188
PRV54906,0,1,1,0,0.0,57000.0,57000.0,0.0,2,114000.0,0.5007115749525617,0.7590132827324478,0.7374288425047438,0.5040322580645161,0.5007115749525617,0.16911764705882354,0.13899430740037952,0.5040322580645161,0.4767552182163188
PRV55145,0,1,1,0,0.0,57000.0,57000.0,0.0,2,114000.0,0.5007115749525617,0.7590132827324478,0.7374288425047438,0.5040322580645161,0.5007115749525617,0.16911764705882354,0.13899430740037952,0.5040322580645161,0.4767552182163188
PRV55213,0,1,1,0,0.0,57000.0,57000.0,0.0,2,114000.0,0.5007115749525617,0.7590132827324478,0.7374288425047438,0.5040322580645161,0.5007115749525617,0.16911764705882354,0.13899430740037952,0.5040322580645161,0.4767552182163188
PRV55375,0,1,1,0,0.0,57000.0,57000.0,0.0,2,114000.0,0.5007115749525617,0.7590132827324478,0.7374288425047438,0.5040322580645161,0.5007115749525617,0.16911764705882354,0.13899430740037952,0.5040322580645161,0.4767552182163188
PRV55382,0,1,1,0,0.0,57000.0,57000.0,0.0,2,114000.0,0.5007115749525617,0.7590132827324478,0.7374288425047438,0.5040322580645161,0.5007115749525617,0.16911764705882354,0.13899430740037952,0.5040322580645161,0.4767552182163188
PRV55387,0,1,1,0,0.0,57000.0,57000.0,0.0,2,114000.0,0.5007115749525617,0.7590132827324478,0.7374288425047438,0.5040322580645161,0.5007115749525617,0.16911764705882354,0.13899430740037952,0.5040322580645161,0.4767552182163188
PRV55433,0,1,1,0,0.0,57000.0,57000.0,0.0,2,114000.0,0.5007115749525617,0.7590132827324478,0.7374288425047438,0.5040322580645161,0.5007115749525617,0.16911764705882354,0.13899430740037952,0.5040322580645161,0.4767552182163188
PRV55444,0,1,1,0,0.0,57000.0,57000.0,0.0,2,114000.0,0.5007115749525617,0.7590132827324478,0.7374288425047438,0.5040322580645161,0.5007115749525617,0.16911764705882354,0.13899430740037952,0.5040322580645161,0.4767552182163188
PRV55509,0,1,1,0,0.0,57000.0,57000.0,0.0,2,114000.0,0.5007115749525617,0.7590132827324478,0.7374288425047438,0.5040322580645161,0.5007115749525617,0.16911764705882354,0.13899430740037952,0.5040322580645161,0.4767552182163188
PRV55547,0,1,1,0,0.0,57000.0,57000.0,0.0,2,114000.0,0.5007115749525617,0.7590132827324478,0.7374288425047438,0.5040322580645161,0.5007115749525617,0.16911764705882354,0.13899430740037952,0.5040322580645161,0.4767552182163188
PRV55550,0,1,1,0,0.0,57000.0,57000.0,0.0,2,114000.0,0.5007115749525617,0.7590132827324478,0.7374288425047438,0.5040322580645161,0.5007115749525617,0.16911764705882354,0.13899430740037952,0.5040322580645161,0.4767552182163188
PRV55700,0,1,1,0,0.0,57000.0,57000.0,0.0,2,114000.0,0.5007115749525617,0.7590132827324478,0.7374288425047438,0.5040322580645161,0.5007115749525617,0.16911764705882354,0.13899430740037952,0.5040322580645161,0.4767552182163188
PRV55905,0,1,1,0,0.0,57000.0,57000.0,0.0,2,114000.0,0.5007115749525617,0.7590132827324478,0.7374288425047438,0.5040322580645161,0.5007115749525617,0.16911764705882354,0.13899430740037952,0.5040322580645161,0.4767552182163188
PRV56002,0,1,1,0,0.0,57000.0,57000.0,0.0,2,114000.0,0.5007115749525617,0.7590132827324478,0.7374288425047438,0.5040322580645161,0.5007115749525617,0.16911764705882354,0.13899430740037952,0.5040322580645161,0.4767552182163188
PRV56123,0,1,1,0,0.0,57000.0,57000.0,0.0,2,114000.0,0.5007115749525617,0.7590132827324478,0.7374288425047438,0.5040322580645161,0.5007115749525617,0.16911764705882354,0.13899430740037952,0.5040322580645161,0.4767552182163188
PRV56124,0,1,1,0,0.0,57000.0,57000.0,0.0,2,114000.0,0.5007115749525617,0.7590132827324478,0.7374288425047438,0.5040322580645161,0.5007115749525617,0.16911764705882354,0.13899430740037952,0.5040322580645161,0.4767552182163188
PRV56354,0,1,1,0,0.0,57000.0,57000.0,0.0,2,114000.0,0.5007115749525617,0.7590132827324478,0.7374288425047438,0.5040322580645161,0.5007115749525617,0.16911764705882354,0.13899430740037952,0.5040322580645161,0.4767552182163188
PRV56438,0,1,1,0,0.0,57000.0,57000.0,0.0,2,114000.0,0.5007115749525617,0.7590132827324478,0.7374288425047438,0.5040322580645161,0.5007115749525617,0.16911764705882354,0.13899430740037952,0.5040322580645161,0.4767552182163188
PRV56726,0,1,1,0,0.0,57000.0,57000.0,0.0,2,114000.0,0.5007115749525617,0.7590132827324478,0.7374288425047438,0.5040322580645161,0.5007115749525617,0.16911764705882354,0.13899430740037952,0.5040322580645161,0.4767552182163188
PRV56732,0,1,1,0,0.0,57000.0,57000.0,0.0,2,114000.0,0.5007115749525617,0.7590132827324478,0.7374288425047438,0.5040322580645161,0.5007115749525617,0.16911764705882354,0.13899430740037952,0.5040322580645161,0.4767552182163188
PRV56819,0,1,1,0,0.0,57000.0,57000.0,0.0,2,114000.0,0.5007115749525617,0.7590132827324478,0.7374288425047438,0.5040322580645161,0.5007115749525617,0.16911764705882354,0.13899430740037952,0.5040322580645161,0.4767552182163188
PRV56918,0,1,1,0,0.0,57000.0,57000.0,0.0,2,114000.0,0.5007115749525617,0.7590132827324478,0.7374288425047438,0.5040322580645161,0.5007115749525617,0.16911764705882354,0.13899430740037952,0.5040322580645161,0.4767552182163188
PRV57096,0,1,1,0,0.0,57000.0,57000.0,0.0,2,114000.0,0.5007115749525617,0.7590132827324478,0.7374288425047438,0.5040322580645161,0.5007115749525617,0.16911764705882354,0.13899430740037952,0.5040322580645161,0.4767552182163188
PRV57223,0,1,1,0,0.0,57000.0,57000.0,0.0,2,114000.0,0.5007115749525617,0.7590132827324478,0.7374288425047438,0.5040322580645161,0.5007115749525617,0.16911764705882354,0.13899430740037952,0.5040322580645161,0.4767552182163188
PRV57295,0,1,1,0,0.0,57000.0,57000.0,0.0,2,114000.0,0.5007115749525617,0.7590132827324478,0.7374288425047438,0.5040322580645161,0.5007115749525617,0.16911764705882354,0.13899430740037952,0.5040322580645161,0.4767552182163188
PRV57316,0,1,1,0,0.0,57000.0,57000.0,0.0,2,114000.0,0.5007115749525617,0.7590132827324478,0.7374288425047438,0.5040322580645161,0.5007115749525617,0.16911764705882354,0.13899430740037952,0.5040322580645161,0.4767552182163188
PRV57334,0,1,1,0,0.0,57000.0,57000.0,0.0,2,114000.0,0.5007115749525617,0.7590132827324478,0.7374288425047438,0.5040322580645161,0.5007115749525617,0.16911764705882354,0.13899430740037952,0.5040322580645161,0.4767552182163188
PRV57555,0,1,1,0,0.0,57000.0,57000.0,0.0,2,114000.0,0.5007115749525617,0.7590132827324478,0.7374288425047438,0.5040322580645161,0.5007115749525617,0.16911764705882354,0.13899430740037952,0.5040322580645161,0.4767552182163188
PRV57567,0,1,1,0,0.0,57000.0,57000.0,0.0,2,114000.0,0.5007115749525617,0.7590132827324478,0.7374288425047438,0.5040322580645161,0.5007115749525617,0.16911764705882354,0.13899430740037952,0.5040322580645161,0.4767552182163188
PRV57709,0,1,1,0,0.0,57000.0,57000.0,0.0,2,114000.0,0.5007115749525617,0.7590132827324478,0.7374288425047438,0.5040322580645161,0.5007115749525617,0.16911764705882354,0.13899430740037952,0.5040322580645161,0.4767552182163188
PRV52136,0,1,1,0,0.0,58000.0,58000.0,0.0,2,116000.0,0.5007115749525617,0.7590132827324478,0.7374288425047438,0.5040322580645161,0.5007115749525617,0.1437381404174573,0.11954459203036052,0.5040322580645161,0.4711515654648956
PRV55472,0,1,1,0,0.0,59000.0,59000.0,0.0,2,118000.0,0.5007115749525617,0.7590132827324478,0.7374288425047438,0.5040322580645161,0.5007115749525617,0.1420777988614801,0.1178842504743833,0.5040322580645161,0.4707364800759013
PRV52449,0,1,1,0,0.0,61000.0,61000.0,0.0,2,122000.0,0.5007115749525617,0.7590132827324478,0.7374288425047438,0.5040322580645161,0.5007115749525617,0.12001897533206832,0.10341555977229601,0.5040322580645161,0.46617054079696396
PRV55534,0,2,2,0,0.0,6660.0,6660.0,0.0,4,13320.0,0.5007115749525617,0.4172201138519924,0.40417457305502846,0.5040322580645161,0.5007115749525617,0.4577798861480076,0.42552182163187857,0.5040322580645161,0.4642730075901329
PRV54408,0,2,2,0,0.0,6700.0,6700.0,0.0,4,13400.0,0.5007115749525617,0.4172201138519924,0.40417457305502846,0.5040322580645161,0.5007115749525617,0.45683111954459205,0.424573055028463,0.5040322580645161,0.464035815939279
PRV54971,0,2,2,0,0.0,6700.0,6700.0,0.0,4,13400.0,0.5007115749525617,0.4172201138519924,0.40417457305502846,0.5040322580645161,0.5007115749525617,0.45683111954459205,0.424573055028463,0.5040322580645161,0.464035815939279
PRV55995,0,2,2,0,0.0,6700.0,6700.0,0.0,4,13400.0,0.5007115749525617,0.4172201138519924,0.40417457305502846,0.5040322580645161,0.5007115749525617,0.45683111954459205,0.424573055028463,0.5040322580645161,0.464035815939279
PRV52092,0,2,2,0,0.0,6800.0,6800.0,0.0,4,13600.0,0.5007115749525617,0.4172201138519924,0.40417457305502846,0.5040322580645161,0.5007115749525617,0.45564516129032256,0.42338709677419356,0.5040322580645161,0.4637393263757116
PRV54975,0,2,2,0,0.0,6800.0,6800.0,0.0,4,13600.0,0.5007115749525617,0.4172201138519924,0.40417457305502846,0.5040322580645161,0.5007115749525617,0.45564516129032256,0.42338709677419356,0.5040322580645161,0.4637393263757116
PRV53950,0,2,2,0,0.0,6900.0,6900.0,0.0,4,13800.0,0.5007115749525617,0.4172201138519924,0.40417457305502846,0.5040322580645161,0.5007115749525617,0.45398481973434535,0.42172675521821634,0.5040322580645161,0.4633242409867173
PRV55487,0,2,2,0,0.0,6900.0,6900.0,0.0,4,13800.0,0.5007115749525617,0.4172201138519924,0.40417457305502846,0.5040322580645161,0.5007115749525617,0.45398481973434535,0.42172675521821634,0.5040322580645161,0.4633242409867173
PRV55929,0,2,2,0,0.0,6900.0,6900.0,0.0,4,13800.0,0.5007115749525617,0.4172201138519924,0.40417457305502846,0.5040322580645161,0.5007115749525617,0.45398481973434535,0.42172675521821634,0.5040322580645161,0.4633242409867173
PRV54073,0,2,2,0,0.0,7100.0,7100.0,0.0,4,14200.0,0.5007115749525617,0.4172201138519924,0.40417457305502846,0.5040322580645161,0.5007115749525617,0.452561669829222,0.42030360531309297,0.5040322580645161,0.4629684535104365
PRV55164,0,2,2,0,0.0,7300.0,7300.0,0.0,4,14600.0,0.5007115749525617,0.4172201138519924,0.40417457305502846,0.5040322580645161,0.5007115749525617,0.45161290322580644,0.41935483870967744,0.5040322580645161,0.4627312618595826
PRV54477,0,2,2,0,0.0,7310.0,7310.0,0.0,4,14620.0,0.5007115749525617,0.4172201138519924,0.40417457305502846,0.5040322580645161,0.5007115749525617,0.4506641366223909,0.41840607210626185,0.5040322580645161,0.4624940702087287
PRV56548,0,1,1,0,0.0,66000.0,66000.0,0.0,2,132000.0,0.5007115749525617,0.7590132827324478,0.7374288425047438,0.5040322580645161,0.5007115749525617,0.10341555977229601,0.0896584440227704,0.5040322580645161,0.46237547438330173
PRV54808,0,2,2,0,0.0,7320.0,7320.0,0.0,4,14640.0,0.5007115749525617,0.4172201138519924,0.40417457305502846,0.5040322580645161,0.5007115749525617,0.4501897533206831,0.41793168880455406,0.5040322580645161,0.46237547438330173
PRV53628,0,2,2,0,0.0,7340.0,7340.0,0.0,4,14680.0,0.5007115749525617,0.4172201138519924,0.40417457305502846,0.5040322580645161,0.5007115749525617,0.44947817836812143,0.4172201138519924,0.5040322580645161,0.46219758064516125
PRV57250,0,2,2,0,0.0,7340.0,7340.0,0.0,4,14680.0,0.5007115749525617,0.4172201138519924,0.40417457305502846,0.5040322580645161,0.5007115749525617,0.44947817836812143,0.4172201138519924,0.5040322580645161,0.46219758064516125
PRV51298,0,2,2,0,0.0,7360.0,7360.0,0.0,4,14720.0,0.5007115749525617,0.4172201138519924,0.40417457305502846,0.5040322580645161,0.5007115749525617,0.4485294117647059,0.41627134724857684,0.5040322580645161,0.46196038899430747
PRV57407,0,2,2,0,0.0,7360.0,7360.0,0.0,4,14720.0,0.5007115749525617,0.4172201138519924,0.40417457305502846,0.5040322580645161,0.5007115749525617,0.4485294117647059,0.41627134724857684,0.5040322580645161,0.46196038899430747
PRV52407,0,2,2,0,0.0,7380.0,7380.0,0.0,4,14760.0,0.5007115749525617,0.4172201138519924,0.40417457305502846,0.5040322580645161,0.5007115749525617,0.4478178368121442,0.4155597722960152,0.5040322580645161,0.461782495256167
PRV53824,0,2,2,0,0.0,7500.0,7500.0,0.0,4,15000.0,0.5007115749525617,0.4172201138519924,0.40417457305502846,0.5040322580645161,0.5007115749525617,0.4468690702087287,0.4146110056925996,0.5040322580645161,0.4615453036053131
PRV54908,0,2,2,0,0.0,7500.0,7500.0,0.0,4,15000.0,0.5007115749525617,0.4172201138519924,0.40417457305502846,0.5040322580645161,0.5007115749525617,0.4468690702087287,0.4146110056925996,0.5040322580645161,0.4615453036053131
PRV52450,0,2,2,0,0.0,7800.0,7800.0,0.0,4,15600.0,0.5007115749525617,0.4172201138519924,0.40417457305502846,0.5040322580645161,0.5007115749525617,0.4459203036053131,0.41366223908918404,0.5040322580645161,0.4613081119544592
PRV52486,0,2,2,0,0.0,8100.0,8100.0,0.0,4,16200.0,0.5007115749525617,0.4172201138519924,0.40417457305502846,0.5040322580645161,0.5007115749525617,0.4452087286527514,0.4129506641366224,0.5040322580645161,0.46113021821631883
PRV56829,0,2,2,0,0.0,8100.0,8100.0,0.0,4,16200.0,0.5007115749525617,0.4172201138519924,0.40417457305502846,0.5040322580645161,0.5007115749525617,0.4452087286527514,0.4129506641366224,0.5040322580645161,0.46113021821631883
PRV51031,0,1,1,0,0.0,68000.0,68000.0,0.0,2,136000.0,0.5007115749525617,0.7590132827324478,0.7374288425047438,0.5040322580645161,0.5007115749525617,0.09653700189753321,0.08444022770398482,0.5040322580645161,0.46086337760910817
PRV54661,0,1,1,0,0.0,68000.0,68000.0,0.0,2,136000.0,0.5007115749525617,0.7590132827324478,0.7374288425047438,0.5040322580645161,0.5007115749525617,0.09653700189753321,0.08444022770398482,0.5040322580645161,0.46086337760910817
PRV54924,0,2,2,0,0.0,8200.0,8200.0,0.0,4,16400.0,0.5007115749525617,0.4172201138519924,0.40417457305502846,0.5040322580645161,0.5007115749525617,0.444022770398482,0.4117647058823529,0.5040322580645161,0.4608337286527514
PRV57605,0,2,2,0,0.0,8300.0,8300.0,0.0,4,16600.0,0.5007115749525617,0.4172201138519924,0.40417457305502846,0.5040322580645161,0.5007115749525617,0.4430740037950664,0.4108159392789374,0.5040322580645161,0.4605965370018975
PRV54242,0,2,2,0,0.0,8310.0,8310.0,0.0,4,16620.0,0.5007115749525617,0.4172201138519924,0.40417457305502846,0.5040322580645161,0.5007115749525617,0.44259962049335866,0.4103415559772296,0.5040322580645161,0.46047794117647056
PRV51151,0,2,2,0,0.0,8500.0,8500.0,0.0,4,17000.0,0.5007115749525617,0.4172201138519924,0.40417457305502846,0.5040322580645161,0.5007115749525617,0.44212523719165087,0.4098671726755218,0.5040322580645161,0.46035934535104367
PRV56630,0,2,2,0,0.0,8900.0,8900.0,0.0,4,17800.0,0.5007115749525617,0.4172201138519924,0.40417457305502846,0.5040322580645161,0.5007115749525617,0.4416508538899431,0.409392789373814,0.5040322580645161,0.46024074952561667
PRV56651,0,2,2,0,0.0,9350.0,9350.0,0.0,4,18700.0,0.5007115749525617,0.4172201138519924,0.40417457305502846,0.5040322580645161,0.5007115749525617,0.4388045540796964,0.40654648956356737,0.5040322580645161,0.4595291745730551
PRV52602,0,2,2,0,0.0,9360.0,9360.0,0.0,4,18720.0,0.5007115749525617,0.4172201138519924,0.40417457305502846,0.5040322580645161,0.5007115749525617,0.43833017077798864,0.4060721062618596,0.5040322580645161,0.45941057874762814
PRV53016,0,2,2,0,0.0,9400.0,9400.0,0.0,4,18800.0,0.5007115749525617,0.4172201138519924,0.40417457305502846,0.5040322580645161,0.5007115749525617,0.43738140417457305,0.40512333965844405,0.5040322580645161,0.45917338709677424
PRV54341,0,2,2,0,0.0,9400.0,9400.0,0.0,4,18800.0,0.5007115749525617,0.4172201138519924,0.40417457305502846,0.5040322580645161,0.5007115749525617,0.43738140417457305,0.40512333965844405,0.5040322580645161,0.45917338709677424
PRV55238,0,2,2,0,0.0,9400.0,9400.0,0.0,4,18800.0,0.5007115749525617,0.4172201138519924,0.40417457305502846,0.5040322580645161,0.5007115749525617,0.43738140417457305,0.40512333965844405,0.5040322580645161,0.45917338709677424
PRV52144,0,2,2,0,0.0,9500.0,9500.0,0.0,4,19000.0,0.5007115749525617,0.4172201138519924,0.40417457305502846,0.5040322580645161,0.5007115749525617,0.4361954459203036,0.40393738140417457,0.5040322580645161,0.4588768975332068
PRV56265,0,2,2,0,0.0,9500.0,9500.0,0.0,4,19000.0,0.5007115749525617,0.4172201138519924,0.40417457305502846,0.5040322580645161,0.5007115749525617,0.4361954459203036,0.40393738140417457,0.5040322580645161,0.4588768975332068
PRV55849,0,1,1,0,0.0,72000.0,72000.0,0.0,2,144000.0,0.5007115749525617,0.7590132827324478,0.7374288425047438,0.5040322580645161,0.5007115749525617,0.08776091081593927,0.075426944971537,0.5040322580645161,0.4586397058823529
PRV52304,0,2,2,0,0.0,9600.0,9600.0,0.0,4,19200.0,0.5007115749525617,0.4172201138519924,0.40417457305502846,0.5040322580645161,0.5007115749525617,0.43500948766603414,0.40298861480075904,0.5040322580645161,0.4586100569259962
PRV54379,0,2,2,0,0.0,9600.0,9600.0,0.0,4,19200.0,0.5007115749525617,0.4172201138519924,0.40417457305502846,0.5040322580645161,0.5007115749525617,0.43500948766603414,0.40298861480075904,0.5040322580645161,0.4586100569259962
PRV51284,0,2,2,0,0.0,9800.0,9800.0,0.0,4,19600.0,0.5007115749525617,0.4172201138519924,0.40417457305502846,0.5040322580645161,0.5007115749525617,0.4340607210626186,0.40227703984819735,0.5040322580645161,0.4584025142314991
PRV55675,0,1,1,0,0.0,75000.0,75000.0,0.0,2,150000.0,0.5007115749525617,0.7590132827324478,0.7374288425047438,0.5040322580645161,0.5007115749525617,0.08372865275142315,0.07234345351043643,0.5040322580645161,0.4577502371916508
PRV57697,0,1,1,0,0.0,75000.0,75000.0,0.0,2,150000.0,0.5007115749525617,0.7590132827324478,0.7374288425047438,0.5040322580645161,0.5007115749525617,0.08372865275142315,0.07234345351043643,0.5040322580645161,0.4577502371916508
PRV57635,0,1,1,0,0.0,77000.0,77000.0,0.0,2,154000.0,0.5007115749525617,0.7590132827324478,0.7374288425047438,0.5040322580645161,0.5007115749525617,0.0801707779886148,0.06878557874762808,0.5040322580645161,0.45686076850094876
PRV56421,0,1,1,0,0.0,79000.0,79000.0,0.0,2,158000.0,0.5007115749525617,0.7590132827324478,0.7374288425047438,0.5040322580645161,0.5007115749525617,0.07827324478178369,0.06688804554079697,0.5040322580645161,0.45638638519924096
PRV51067,0,1,1,0,0.0,83000.0,83000.0,0.0,2,166000.0,0.5007115749525617,0.7590132827324478,0.7374288425047438,0.5040322580645161,0.5007115749525617,0.07447817836812144,0.06261859582542695,0.5040322580645161,0.45537832068311196
PRV57208,0,1,1,0,0.0,86000.0,86000.0,0.0,2,172000.0,0.5007115749525617,0.7590132827324478,0.7374288425047438,0.5040322580645161,0.5007115749525617,0.07163187855787476,0.06024667931688805,0.5040322580645161,0.45472604364326374
PRV53397,0,1,1,0,0.0,91000.0,91000.0,0.0,2,182000.0,0.5007115749525617,0.7590132827324478,0.7374288425047438,0.5040322580645161,0.5007115749525617,0.0683111954459203,0.056451612903225805,0.5040322580645161,0.4538365749525617
PRV54993,0,1,1,0,0.0,92000.0,92000.0,0.0,2,184000.0,0.5007115749525617,0.7590132827324478,0.7374288425047438,0.5040322580645161,0.5007115749525617,0.06688804554079697,0.05550284629981025,0.5040322580645161,0.4535400853889943
PRV52398,0,1,1,0,0.0,99000.0,99000.0,0.0,2,198000.0,0.5007115749525617,0.7590132827324478,0.7374288425047438,0.5040322580645161,0.5007115749525617,0.06000948766603416,0.04767552182163188,0.5040322580645161,0.4517018500948767
PRV53667,0,1,1,0,0.0,99000.0,99000.0,0.0,2,198000.0,0.5007115749525617,0.7590132827324478,0.7374288425047438,0.5040322580645161,0.5007115749525617,0.06000948766603416,0.04767552182163188,0.5040322580645161,0.4517018500948767
PRV52353,0,1,1,0,0.0,100000.0,100000.0,0.0,2,200000.0,0.5007115749525617,0.7590132827324478,0.7374288425047438,0.5040322580645161,0.5007115749525617,0.059297912713472484,0.04696394686907021,0.5040322580645161,0.4515239563567362
PRV57049,0,1,1,0,0.0,101000.0,101000.0,0.0,2,202000.0,0.5007115749525617,0.7590132827324478,0.7374288425047438,0.5040322580645161,0.5007115749525617,0.058823529411764705,0.046489563567362426,0.5040322580645161,0.45140536053130925
PRV51949,0,1,1,0,0.0,103000.0,103000.0,0.0,2,206000.0,0.5007115749525617,0.7590132827324478,0.7374288425047438,0.5040322580645161,0.5007115749525617,0.05740037950664137,0.04554079696394687,0.5040322580645161,0.45110887096774194
PRV52467,0,1,1,0,0.0,123000.0,123000.0,0.0,2,246000.0,0.5007115749525617,0.7590132827324478,0.7374288425047438,0.5040322580645161,0.5007115749525617,0.03842504743833017,0.03320683111954459,0.5040322580645161,0.44719520872865276
PRV52038,0,3,2,0,0.0,9900.0,6600.0,0.0,5,16500.0,0.5007115749525617,0.2637571157495256,0.40417457305502846,0.5040322580645161,0.5007115749525617,0.40275142314990514,0.49430740037950666,0.5040322580645161,0.4468097722960151
PRV54244,0,3,2,0,0.0,9900.0,6600.0,0.0,5,16500.0,0.5007115749525617,0.2637571157495256,0.40417457305502846,0.5040322580645161,0.5007115749525617,0.40275142314990514,0.49430740037950666,0.5040322580645161,0.4468097722960151
PRV56683,0,3,2,0,0.0,9900.0,6600.0,0.0,5,16500.0,0.5007115749525617,0.2637571157495256,0.40417457305502846,0.5040322580645161,0.5007115749525617,0.40275142314990514,0.49430740037950666,0.5040322580645161,0.4468097722960151
PRV52815,0,1,1,0,0.0,125000.0,125000.0,0.0,2,250000.0,0.5007115749525617,0.7590132827324478,0.7374288425047438,0.5040322580645161,0.5007115749525617,0.0353415559772296,0.031309297912713474,0.5040322580645161,0.44657258064516125
PRV53253,0,2,2,0,0.0,10100.0,10100.0,0.0,4,20200.0,0.5007115749525617,0.4172201138519924,0.40417457305502846,0.5040322580645161,0.5007115749525617,0.36954459203036055,0.3351518026565465,0.5040322580645161,0.44194734345351044
PRV55536,0,2,2,0,0.0,10300.0,10300.0,0.0,4,20600.0,0.5007115749525617,0.4172201138519924,0.40417457305502846,0.5040322580645161,0.5007115749525617,0.36859582542694497,0.33396584440227706,0.5040322580645161,0.44168050284629984
PRV55820,0,2,2,0,0.0,10330.0,10330.0,0.0,4,20660.0,0.5007115749525617,0.4172201138519924,0.40417457305502846,0.5040322580645161,0.5007115749525617,0.3681214421252372,0.33349146110056926,0.5040322580645161,0.4415619070208729
PRV57318,0,2,2,0,0.0,10360.0,10360.0,0.0,4,20720.0,0.5007115749525617,0.4172201138519924,0.40417457305502846,0.5040322580645161,0.5007115749525617,0.36764705882352944,0.33301707779886147,0.5040322580645161,0.44144331119544594
PRV52422,0,2,2,0,0.0,10500.0,10500.0,0.0,4,21000.0,0.5007115749525617,0.4172201138519924,0.40417457305502846,0.5040322580645161,0.5007115749525617,0.36598671726755216,0.33135673624288425,0.5040322580645161,0.4410282258064517
PRV56435,0,2,2,0,0.0,10500.0,10500.0,0.0,4,21000.0,0.5007115749525617,0.4172201138519924,0.40417457305502846,0.5040322580645161,0.5007115749525617,0.36598671726755216,0.33135673624288425,0.5040322580645161,0.4410282258064517
PRV56021,0,2,2,0,0.0,10600.0,10600.0,0.0,4,21200.0,0.5007115749525617,0.4172201138519924,0.40417457305502846,0.5040322580645161,0.5007115749525617,0.36527514231499053,0.33040796963946867,0.5040322580645161,0.4408206831119545
PRV56486,0,2,2,0,0.0,11300.0,11300.0,0.0,4,22600.0,0.5007115749525617,0.4172201138519924,0.40417457305502846,0.5040322580645161,0.5007115749525617,0.36219165085388993,0.32708728652751423,0.5040322580645161,0.4400201612903226
PRV57445,0,2,2,0,0.0,11320.0,11320.0,0.0,4,22640.0,0.5007115749525617,0.4172201138519924,0.40417457305502846,0.5040322580645161,0.5007115749525617,0.36148007590132825,0.32637571157495254,0.5040322580645161,0.43984226755218214
PRV55986,0,2,2,0,0.0,11380.0,11380.0,0.0,4,22760.0,0.5007115749525617,0.4172201138519924,0.40417457305502846,0.5040322580645161,0.5007115749525617,0.3610056925996205,0.3259013282732448,0.5040322580645161,0.4397236717267552
PRV53851,0,2,2,0,0.0,11700.0,11700.0,0.0,4,23400.0,0.5007115749525617,0.4172201138519924,0.40417457305502846,0.5040322580645161,0.5007115749525617,0.359819734345351,0.3247153700189753,0.5040322580645161,0.4394271821631879
PRV55056,0,2,2,0,0.0,12200.0,12200.0,0.0,4,24400.0,0.5007115749525617,0.4172201138519924,0.40417457305502846,0.5040322580645161,0.5007115749525617,0.3579222011385199,0.3228178368121442,0.5040322580645161,0.4389527988614801
PRV57375,0,2,2,0,0.0,12300.0,12300.0,0.0,4,24600.0,0.5007115749525617,0.4172201138519924,0.40417457305502846,0.5040322580645161,0.5007115749525617,0.3572106261859583,0.3221062618595825,0.5040322580645161,0.4387749051233397
PRV53793,0,2,2,0,0.0,12500.0,12500.0,0.0,4,25000.0,0.5007115749525617,0.4172201138519924,0.40417457305502846,0.5040322580645161,0.5007115749525617,0.3560246679316888,0.3209203036053131,0.5040322580645161,0.4384784155597723
PRV57015,0,2,2,0,0.0,13600.0,13600.0,0.0,4,27200.0,0.5007115749525617,0.4172201138519924,0.40417457305502846,0.5040322580645161,0.5007115749525617,0.32685009487666034,0.2926944971537002,0.5040322580645161,0.4313033681214421
PRV57174,0,2,2,0,0.0,14300.0,14300.0,0.0,4,28600.0,0.5007115749525617,0.4172201138519924,0.40417457305502846,0.5040322580645161,0.5007115749525617,0.3185483870967742,0.284392789373814,0.5040322580645161,0.42922794117647056
PRV54273,0,2,2,0,0.0,14400.0,14400.0,0.0,4,28800.0,0.5007115749525617,0.4172201138519924,0.40417457305502846,0.5040322580645161,0.5007115749525617,0.31759962049335866,0.2834440227703985,0.5040322580645161,0.42899074952561667
PRV55318,0,2,2,0,0.0,15400.0,15400.0,0.0,4,30800.0,0.5007115749525617,0.4172201138519924,0.40417457305502846,0.5040322580645161,0.5007115749525617,0.31190702087286526,0.27775142314990514,0.5040322580645161,0.4275675996204934
PRV54225,0,2,2,0,0.0,15500.0,15500.0,0.0,4,31000.0,0.5007115749525617,0.4172201138519924,0.40417457305502846,0.5040322580645161,0.5007115749525617,0.3111954459203036,0.27703984819734345,0.5040322580645161,0.4273897058823529
PRV55304,0,2,2,0,0.0,17700.0,17700.0,0.0,4,35400.0,0.5007115749525617,0.4172201138519924,0.40417457305502846,0.5040322580645161,0.5007115749525617,0.2858159392789374,0.24833965844402278,0.5040322580645161,0.4206297438330171
PRV57443,0,2,2,0,0.0,19300.0,19300.0,0.0,4,38600.0,0.5007115749525617,0.4172201138519924,0.40417457305502846,0.5040322580645161,0.5007115749525617,0.2827324478178368,0.2452561669829222,0.5040322580645161,0.41985887096774194
PRV53194,0,2,2,0,0.0,19370.0,19370.0,0.0,4,38740.0,0.5007115749525617,0.4172201138519924,0.40417457305502846,0.5040322580645161,0.5007115749525617,0.28178368121442127,0.24430740037950663,0.5040322580645161,0.41962167931688804
PRV51456,0,2,1,0,0.0,114000.0,57000.0,0.0,3,171000.0,0.5007115749525617,0.4172201138519924,0.7374288425047438,0.5040322580645161,0.5007115749525617,0.04981024667931689,0.13899430740037952,0.5040322580645161,0.41911764705882354
PRV53007,0,2,1,0,0.0,114000.0,57000.0,0.0,3,171000.0,0.5007115749525617,0.4172201138519924,0.7374288425047438,0.5040322580645161,0.5007115749525617,0.04981024667931689,0.13899430740037952,0.5040322580645161,0.41911764705882354
PRV53421,0,2,1,0,0.0,114000.0,57000.0,0.0,3,171000.0,0.5007115749525617,0.4172201138519924,0.7374288425047438,0.5040322580645161,0.5007115749525617,0.04981024667931689,0.13899430740037952,0.5040322580645161,0.41911764705882354
PRV53774,0,2,1,0,0.0,114000.0,57000.0,0.0,3,171000.0,0.5007115749525617,0.4172201138519924,0.7374288425047438,0.5040322580645161,0.5007115749525617,0.04981024667931689,0.13899430740037952,0.5040322580645161,0.41911764705882354
PRV54981,0,2,1,0,0.0,114000.0,57000.0,0.0,3,171000.0,0.5007115749525617,0.4172201138519924,0.7374288425047438,0.5040322580645161,0.5007115749525617,0.04981024667931689,0.13899430740037952,0.5040322580645161,0.41911764705882354
PRV55482,0,2,1,0,0.0,114000.0,57000.0,0.0,3,171000.0,0.5007115749525617,0.4172201138519924,0.7374288425047438,0.5040322580645161,0.5007115749525617,0.04981024667931689,0.13899430740037952,0.5040322580645161,0.41911764705882354
PRV56121,0,2,1,0,0.0,114000.0,57000.0,0.0,3,171000.0,0.5007115749525617,0.4172201138519924,0.7374288425047438,0.5040322580645161,0.5007115749525617,0.04981024667931689,0.13899430740037952,0.5040322580645161,0.41911764705882354
PRV56541,0,2,1,0,0.0,114000.0,57000.0,0.0,3,171000.0,0.5007115749525617,0.4172201138519924,0.7374288425047438,0.5040322580645161,0.5007115749525617,0.04981024667931689,0.13899430740037952,0.5040322580645161,0.41911764705882354
PRV56668,0,2,1,0,0.0,114000.0,57000.0,0.0,3,171000.0,0.5007115749525617,0.4172201138519924,0.7374288425047438,0.5040322580645161,0.5007115749525617,0.04981024667931689,0.13899430740037952,0.5040322580645161,0.41911764705882354
PRV56761,0,2,1,0,0.0,114000.0,57000.0,0.0,3,171000.0,0.5007115749525617,0.4172201138519924,0.7374288425047438,0.5040322580645161,0.5007115749525617,0.04981024667931689,0.13899430740037952,0.5040322580645161,0.41911764705882354
PRV51391,0,2,2,0,0.0,20600.0,20600.0,0.0,4,41200.0,0.5007115749525617,0.4172201138519924,0.40417457305502846,0.5040322580645161,0.5007115749525617,0.2687381404174573,0.23221062618595825,0.5040322580645161,0.416478889943074
PRV57518,0,2,2,0,0.0,20600.0,20600.0,0.0,4,41200.0,0.5007115749525617,0.4172201138519924,0.40417457305502846,0.5040322580645161,0.5007115749525617,0.2687381404174573,0.23221062618595825,0.5040322580645161,0.416478889943074
PRV51004,0,3,3,0,0.0,9900.0,9900.0,0.0,6,19800.0,0.5007115749525617,0.2637571157495256,0.25545540796963945,0.5040322580645161,0.5007115749525617,0.40275142314990514,0.36978178368121445,0.5040322580645161,0.412654174573055
PRV51026,0,3,3,0,0.0,9900.0,9900.0,0.0,6,19800.0,0.5007115749525617,0.2637571157495256,0.25545540796963945,0.5040322580645161,0.5007115749525617,0.40275142314990514,0.36978178368121445,0.5040322580645161,0.412654174573055
PRV51038,0,3,3,0,0.0,9900.0,9900.0,0.0,6,19800.0,0.5007115749525617,0.2637571157495256,0.25545540796963945,0.5040322580645161,0.5007115749525617,0.40275142314990514,0.36978178368121445,0.5040322580645161,0.412654174573055
PRV51113,0,3,3,0,0.0,9900.0,9900.0,0.0,6,19800.0,0.5007115749525617,0.2637571157495256,0.25545540796963945,0.5040322580645161,0.5007115749525617,0.40275142314990514,0.36978178368121445,0.5040322580645161,0.412654174573055
PRV51148,0,3,3,0,0.0,9900.0,9900.0,0.0,6,19800.0,0.5007115749525617,0.2637571157495256,0.25545540796963945,0.5040322580645161,0.5007115749525617,0.40275142314990514,0.36978178368121445,0.5040322580645161,0.412654174573055
PRV51156,0,3,3,0,0.0,9900.0,9900.0,0.0,6,19800.0,0.5007115749525617,0.2637571157495256,0.25545540796963945,0.5040322580645161,0.5007115749525617,0.40275142314990514,0.36978178368121445,0.5040322580645161,0.412654174573055
PRV51167,0,3,3,0,0.0,9900.0,9900.0,0.0,6,19800.0,0.5007115749525617,0.2637571157495256,0.25545540796963945,0.5040322580645161,0.5007115749525617,0.40275142314990514,0.36978178368121445,0.5040322580645161,0.412654174573055
PRV51289,0,3,3,0,0.0,9900.0,9900.0,0.0,6,19800.0,0.5007115749525617,0.2637571157495256,0.25545540796963945,0.5040322580645161,0.5007115749525617,0.40275142314990514,0.36978178368121445,0.5040322580645161,0.412654174573055
PRV51335,0,3,3,0,0.0,9900.0,9900.0,0.0,6,19800.0,0.5007115749525617,0.2637571157495256,0.25545540796963945,0.5040322580645161,0.5007115749525617,0.40275142314990514,0.36978178368121445,0.5040322580645161,0.412654174573055
PRV51338,0,3,3,0,0.0,9900.0,9900.0,0.0,6,19800.0,0.5007115749525617,0.2637571157495256,0.25545540796963945,0.5040322580645161,0.5007115749525617,0.40275142314990514,0.36978178368121445,0.5040322580645161,0.412654174573055
PRV51389,0,3,3,0,0.0,9900.0,9900.0,0.0,6,19800.0,0.5007115749525617,0.2637571157495256,0.25545540796963945,0.5040322580645161,0.5007115749525617,0.40275142314990514,0.36978178368121445,0.5040322580645161,0.412654174573055
PRV51522,0,3,3,0,0.0,9900.0,9900.0,0.0,6,19800.0,0.5007115749525617,0.2637571157495256,0.25545540796963945,0.5040322580645161,0.5007115749525617,0.40275142314990514,0.36978178368121445,0.5040322580645161,0.412654174573055
PRV51535,0,3,3,0,0.0,9900.0,9900.0,0.0,6,19800.0,0.5007115749525617,0.2637571157495256,0.25545540796963945,0.5040322580645161,0.5007115749525617,0.40275142314990514,0.36978178368121445,0.5040322580645161,0.412654174573055
PRV51605,0,3,3,0,0.0,9900.0,9900.0,0.0,6,19800.0,0.5007115749525617,0.2637571157495256,0.25545540796963945,0.5040322580645161,0.5007115749525617,0.40275142314990514,0.36978178368121445,0.5040322580645161,0.412654174573055
PRV51661,0,3,3,0,0.0,9900.0,9900.0,0.0,6,19800.0,0.5007115749525617,0.2637571157495256,0.25545540796963945,0.5040322580645161,0.5007115749525617,0.40275142314990514,0.36978178368121445,0.5040322580645161,0.412654174573055
PRV51837,0,3,3,0,0.0,9900.0,9900.0,0.0,6,19800.0,0.5007115749525617,0.2637571157495256,0.25545540796963945,0.5040322580645161,0.5007115749525617,0.40275142314990514,0.36978178368121445,0.5040322580645161,0.412654174573055
PRV52017,0,3,3,0,0.0,9900.0,9900.0,0.0,6,19800.0,0.5007115749525617,0.2637571157495256,0.25545540796963945,0.5040322580645161,0.5007115749525617,0.40275142314990514,0.36978178368121445,0.5040322580645161,0.412654174573055
PRV52051,0,3,3,0,0.0,9900.0,9900.0,0.0,6,19800.0,0.5007115749525617,0.2637571157495256,0.25545540796963945,0.5040322580645161,0.5007115749525617,0.40275142314990514,0.36978178368121445,0.5040322580645161,0.412654174573055
PRV52055,0,3,3,0,0.0,9900.0,9900.0,0.0,6,19800.0,0.5007115749525617,0.2637571157495256,0.25545540796963945,0.5040322580645161,0.5007115749525617,0.40275142314990514,0.36978178368121445,0.5040322580645161,0.412654174573055
PRV52062,0,3,3,0,0.0,9900.0,9900.0,0.0,6,19800.0,0.5007115749525617,0.2637571157495256,0.25545540796963945,0.5040322580645161,0.5007115749525617,0.40275142314990514,0.36978178368121445,0.5040322580645161,0.412654174573055
PRV52159,0,3,3,0,0.0,9900.0,9900.0,0.0,6,19800.0,0.5007115749525617,0.2637571157495256,0.25545540796963945,0.5040322580645161,0.5007115749525617,0.40275142314990514,0.36978178368121445,0.5040322580645161,0.412654174573055
PRV52298,0,3,3,0,0.0,9900.0,9900.0,0.0,6,19800.0,0.5007115749525617,0.2637571157495256,0.25545540796963945,0.5040322580645161,0.5007115749525617,0.40275142314990514,0.36978178368121445,0.5040322580645161,0.412654174573055
PRV52341,0,3,3,0,0.0,9900.0,9900.0,0.0,6,19800.0,0.5007115749525617,0.2637571157495256,0.25545540796963945,0.5040322580645161,0.5007115749525617,0.40275142314990514,0.36978178368121445,0.5040322580645161,0.412654174573055
PRV52381,0,3,3,0,0.0,9900.0,9900.0,0.0,6,19800.0,0.5007115749525617,0.2637571157495256,0.25545540796963945,0.5040322580645161,0.5007115749525617,0.40275142314990514,0.36978178368121445,0.5040322580645161,0.412654174573055
PRV52412,0,3,3,0,0.0,9900.0,9900.0,0.0,6,19800.0,0.5007115749525617,0.2637571157495256,0.25545540796963945,0.5040322580645161,0.5007115749525617,0.40275142314990514,0.36978178368121445,0.5040322580645161,0.412654174573055
PRV52452,0,3,3,0,0.0,9900.0,9900.0,0.0,6,19800.0,0.5007115749525617,0.2637571157495256,0.25545540796963945,0.5040322580645161,0.5007115749525617,0.40275142314990514,0.36978178368121445,0.5040322580645161,0.412654174573055
PRV52549,0,3,3,0,0.0,9900.0,9900.0,0.0,6,19800.0,0.5007115749525617,0.2637571157495256,0.25545540796963945,0.5040322580645161,0.5007115749525617,0.40275142314990514,0.36978178368121445,0.5040322580645161,0.412654174573055
PRV52573,0,3,3,0,0.0,9900.0,9900.0,0.0,6,19800.0,0.5007115749525617,0.2637571157495256,0.25545540796963945,0.5040322580645161,0.5007115749525617,0.40275142314990514,0.36978178368121445,0.5040322580645161,0.412654174573055
PRV52593,0,3,3,0,0.0,9900.0,9900.0,0.0,6,19800.0,0.5007115749525617,0.2637571157495256,0.25545540796963945,0.5040322580645161,0.5007115749525617,0.40275142314990514,0.36978178368121445,0.5040322580645161,0.412654174573055
PRV52599,0,3,3,0,0.0,9900.0,9900.0,0.0,6,19800.0,0.5007115749525617,0.2637571157495256,0.25545540796963945,0.5040322580645161,0.5007115749525617,0.40275142314990514,0.36978178368121445,0.5040322580645161,0.412654174573055
PRV52722,0,3,3,0,0.0,9900.0,9900.0,0.0,6,19800.0,0.5007115749525617,0.2637571157495256,0.25545540796963945,0.5040322580645161,0.5007115749525617,0.40275142314990514,0.36978178368121445,0.5040322580645161,0.412654174573055
PRV52788,0,3,3,0,0.0,9900.0,9900.0,0.0,6,19800.0,0.5007115749525617,0.2637571157495256,0.25545540796963945,0.5040322580645161,0.5007115749525617,0.40275142314990514,0.36978178368121445,0.5040322580645161,0.412654174573055
PRV52881,0,3,3,0,0.0,9900.0,9900.0,0.0,6,19800.0,0.5007115749525617,0.2637571157495256,0.25545540796963945,0.5040322580645161,0.5007115749525617,0.40275142314990514,0.36978178368121445,0.5040322580645161,0.412654174573055
PRV52988,0,3,3,0,0.0,9900.0,9900.0,0.0,6,19800.0,0.5007115749525617,0.2637571157495256,0.25545540796963945,0.5040322580645161,0.5007115749525617,0.40275142314990514,0.36978178368121445,0.5040322580645161,0.412654174573055
PRV53043,0,3,3,0,0.0,9900.0,9900.0,0.0,6,19800.0,0.5007115749525617,0.2637571157495256,0.25545540796963945,0.5040322580645161,0.5007115749525617,0.40275142314990514,0.36978178368121445,0.5040322580645161,0.412654174573055
PRV53123,0,3,3,0,0.0,9900.0,9900.0,0.0,6,19800.0,0.5007115749525617,0.2637571157495256,0.25545540796963945,0.5040322580645161,0.5007115749525617,0.40275142314990514,0.36978178368121445,0.5040322580645161,0.412654174573055
PRV53154,0,3,3,0,0.0,9900.0,9900.0,0.0,6,19800.0,0.5007115749525617,0.2637571157495256,0.25545540796963945,0.5040322580645161,0.5007115749525617,0.40275142314990514,0.36978178368121445,0.5040322580645161,0.412654174573055
PRV53359,0,3,3,0,0.0,9900.0,9900.0,0.0,6,19800.0,0.5007115749525617,0.2637571157495256,0.25545540796963945,0.5040322580645161,0.5007115749525617,0.40275142314990514,0.36978178368121445,0.5040322580645161,0.412654174573055
PRV53401,0,3,3,0,0.0,9900.0,9900.0,0.0,6,19800.0,0.5007115749525617,0.2637571157495256,0.25545540796963945,0.5040322580645161,0.5007115749525617,0.40275142314990514,0.36978178368121445,0.5040322580645161,0.412654174573055
PRV53452,0,3,3,0,0.0,9900.0,9900.0,0.0,6,19800.0,0.5007115749525617,0.2637571157495256,0.25545540796963945,0.5040322580645161,0.5007115749525617,0.40275142314990514,0.36978178368121445,0.5040322580645161,0.412654174573055
PRV53608,0,3,3,0,0.0,9900.0,9900.0,0.0,6,19800.0,0.5007115749525617,0.2637571157495256,0.25545540796963945,0.5040322580645161,0.5007115749525617,0.40275142314990514,0.36978178368121445,0.5040322580645161,0.412654174573055
PRV53618,0,3,3,0,0.0,9900.0,9900.0,0.0,6,19800.0,0.5007115749525617,0.2637571157495256,0.25545540796963945,0.5040322580645161,0.5007115749525617,0.40275142314990514,0.36978178368121445,0.5040322580645161,0.412654174573055
PRV53672,0,3,3,0,0.0,9900.0,9900.0,0.0,6,19800.0,0.5007115749525617,0.2637571157495256,0.25545540796963945,0.5040322580645161,0.5007115749525617,0.40275142314990514,0.36978178368121445,0.5040322580645161,0.412654174573055
PRV53685,0,3,3,0,0.0,9900.0,9900.0,0.0,6,19800.0,0.5007115749525617,0.2637571157495256,0.25545540796963945,0.5040322580645161,0.5007115749525617,0.40275142314990514,0.36978178368121445,0.5040322580645161,0.412654174573055
PRV53714,0,3,3,0,0.0,9900.0,9900.0,0.0,6,19800.0,0.5007115749525617,0.2637571157495256,0.25545540796963945,0.5040322580645161,0.5007115749525617,0.40275142314990514,0.36978178368121445,0.5040322580645161,0.412654174573055
PRV53765,0,3,3,0,0.0,9900.0,9900.0,0.0,6,19800.0,0.5007115749525617,0.2637571157495256,0.25545540796963945,0.5040322580645161,0.5007115749525617,0.40275142314990514,0.36978178368121445,0.5040322580645161,0.412654174573055
PRV53816,0,3,3,0,0.0,9900.0,9900.0,0.0,6,19800.0,0.5007115749525617,0.2637571157495256,0.25545540796963945,0.5040322580645161,0.5007115749525617,0.40275142314990514,0.36978178368121445,0.5040322580645161,0.412654174573055
PRV53831,0,3,3,0,0.0,9900.0,9900.0,0.0,6,19800.0,0.5007115749525617,0.2637571157495256,0.25545540796963945,0.5040322580645161,0.5007115749525617,0.40275142314990514,0.36978178368121445,0.5040322580645161,0.412654174573055
PRV53872,0,3,3,0,0.0,9900.0,9900.0,0.0,6,19800.0,0.5007115749525617,0.2637571157495256,0.25545540796963945,0.5040322580645161,0.5007115749525617,0.40275142314990514,0.36978178368121445,0.5040322580645161,0.412654174573055
PRV53876,0,3,3,0,0.0,9900.0,9900.0,0.0,6,19800.0,0.5007115749525617,0.2637571157495256,0.25545540796963945,0.5040322580645161,0.5007115749525617,0.40275142314990514,0.36978178368121445,0.5040322580645161,0.412654174573055
PRV53994,0,3,3,0,0.0,9900.0,9900.0,0.0,6,19800.0,0.5007115749525617,0.2637571157495256,0.25545540796963945,0.5040322580645161,0.5007115749525617,0.40275142314990514,0.36978178368121445,0.5040322580645161,0.412654174573055
PRV53997,0,3,3,0,0.0,9900.0,9900.0,0.0,6,19800.0,0.5007115749525617,0.2637571157495256,0.25545540796963945,0.5040322580645161,0.5007115749525617,0.40275142314990514,0.36978178368121445,0.5040322580645161,0.412654174573055
PRV54083,0,3,3,0,0.0,9900.0,9900.0,0.0,6,19800.0,0.5007115749525617,0.2637571157495256,0.25545540796963945,0.5040322580645161,0.5007115749525617,0.40275142314990514,0.36978178368121445,0.5040322580645161,0.412654174573055
PRV54168,0,3,3,0,0.0,9900.0,9900.0,0.0,6,19800.0,0.5007115749525617,0.2637571157495256,0.25545540796963945,0.5040322580645161,0.5007115749525617,0.40275142314990514,0.36978178368121445,0.5040322580645161,0.412654174573055
PRV54250,0,3,3,0,0.0,9900.0,9900.0,0.0,6,19800.0,0.5007115749525617,0.2637571157495256,0.25545540796963945,0.5040322580645161,0.5007115749525617,0.40275142314990514,0.36978178368121445,0.5040322580645161,0.412654174573055
PRV54256,0,3,3,0,0.0,9900.0,9900.0,0.0,6,19800.0,0.5007115749525617,0.2637571157495256,0.25545540796963945,0.5040322580645161,0.5007115749525617,0.40275142314990514,0.36978178368121445,0.5040322580645161,0.412654174573055
PRV54284,0,3,3,0,0.0,9900.0,9900.0,0.0,6,19800.0,0.5007115749525617,0.2637571157495256,0.25545540796963945,0.5040322580645161,0.5007115749525617,0.40275142314990514,0.36978178368121445,0.5040322580645161,0.412654174573055
PRV54339,0,3,3,0,0.0,9900.0,9900.0,0.0,6,19800.0,0.5007115749525617,0.2637571157495256,0.25545540796963945,0.5040322580645161,0.5007115749525617,0.40275142314990514,0.36978178368121445,0.5040322580645161,0.412654174573055
PRV54345,0,3,3,0,0.0,9900.0,9900.0,0.0,6,19800.0,0.5007115749525617,0.2637571157495256,0.25545540796963945,0.5040322580645161,0.5007115749525617,0.40275142314990514,0.36978178368121445,0.5040322580645161,0.412654174573055
PRV54389,0,3,3,0,0.0,9900.0,9900.0,0.0,6,19800.0,0.5007115749525617,0.2637571157495256,0.25545540796963945,0.5040322580645161,0.5007115749525617,0.40275142314990514,0.36978178368121445,0.5040322580645161,0.412654174573055
PRV54391,0,3,3,0,0.0,9900.0,9900.0,0.0,6,19800.0,0.5007115749525617,0.2637571157495256,0.25545540796963945,0.5040322580645161,0.5007115749525617,0.40275142314990514,0.36978178368121445,0.5040322580645161,0.412654174573055
PRV54443,0,3,3,0,0.0,9900.0,9900.0,0.0,6,19800.0,0.5007115749525617,0.2637571157495256,0.25545540796963945,0.5040322580645161,0.5007115749525617,0.40275142314990514,0.36978178368121445,0.5040322580645161,0.412654174573055
PRV54521,0,3,3,0,0.0,9900.0,9900.0,0.0,6,19800.0,0.5007115749525617,0.2637571157495256,0.25545540796963945,0.5040322580645161,0.5007115749525617,0.40275142314990514,0.36978178368121445,0.5040322580645161,0.412654174573055
PRV54636,0,3,3,0,0.0,9900.0,9900.0,0.0,6,19800.0,0.5007115749525617,0.2637571157495256,0.25545540796963945,0.5040322580645161,0.5007115749525617,0.40275142314990514,0.36978178368121445,0.5040322580645161,0.412654174573055
PRV54734,0,3,3,0,0.0,9900.0,9900.0,0.0,6,19800.0,0.5007115749525617,0.2637571157495256,0.25545540796963945,0.5040322580645161,0.5007115749525617,0.40275142314990514,0.36978178368121445,0.5040322580645161,0.412654174573055
PRV54743,0,3,3,0,0.0,9900.0,9900.0,0.0,6,19800.0,0.5007115749525617,0.2637571157495256,0.25545540796963945,0.5040322580645161,0.5007115749525617,0.40275142314990514,0.36978178368121445,0.5040322580645161,0.412654174573055
PRV54910,0,3,3,0,0.0,9900.0,9900.0,0.0,6,19800.0,0.5007115749525617,0.2637571157495256,0.25545540796963945,0.5040322580645161,0.5007115749525617,0.40275142314990514,0.36978178368121445,0.5040322580645161,0.412654174573055
PRV54967,0,3,3,0,0.0,9900.0,9900.0,0.0,6,19800.0,0.5007115749525617,0.2637571157495256,0.25545540796963945,0.5040322580645161,0.5007115749525617,0.40275142314990514,0.36978178368121445,0.5040322580645161,0.412654174573055
PRV55049,0,3,3,0,0.0,9900.0,9900.0,0.0,6,19800.0,0.5007115749525617,0.2637571157495256,0.25545540796963945,0.5040322580645161,0.5007115749525617,0.40275142314990514,0.36978178368121445,0.5040322580645161,0.412654174573055
PRV55108,0,3,3,0,0.0,9900.0,9900.0,0.0,6,19800.0,0.5007115749525617,0.2637571157495256,0.25545540796963945,0.5040322580645161,0.5007115749525617,0.40275142314990514,0.36978178368121445,0.5040322580645161,0.412654174573055
PRV55168,0,3,3,0,0.0,9900.0,9900.0,0.0,6,19800.0,0.5007115749525617,0.2637571157495256,0.25545540796963945,0.5040322580645161,0.5007115749525617,0.40275142314990514,0.36978178368121445,0.5040322580645161,0.412654174573055
PRV55231,0,3,3,0,0.0,9900.0,9900.0,0.0,6,19800.0,0.5007115749525617,0.2637571157495256,0.25545540796963945,0.5040322580645161,0.5007115749525617,0.40275142314990514,0.36978178368121445,0.5040322580645161,0.412654174573055
PRV55388,0,3,3,0,0.0,9900.0,9900.0,0.0,6,19800.0,0.5007115749525617,0.2637571157495256,0.25545540796963945,0.5040322580645161,0.5007115749525617,0.40275142314990514,0.36978178368121445,0.5040322580645161,0.412654174573055
PRV55447,0,3,3,0,0.0,9900.0,9900.0,0.0,6,19800.0,0.5007115749525617,0.2637571157495256,0.25545540796963945,0.5040322580645161,0.5007115749525617,0.40275142314990514,0.36978178368121445,0.5040322580645161,0.412654174573055
PRV55465,0,3,3,0,0.0,9900.0,9900.0,0.0,6,19800.0,0.5007115749525617,0.2637571157495256,0.25545540796963945,0.5040322580645161,0.5007115749525617,0.40275142314990514,0.36978178368121445,0.5040322580645161,0.412654174573055
PRV55505,0,3,3,0,0.0,9900.0,9900.0,0.0,6,19800.0,0.5007115749525617,0.2637571157495256,0.25545540796963945,0.5040322580645161,0.5007115749525617,0.40275142314990514,0.36978178368121445,0.5040322580645161,0.412654174573055
PRV55523,0,3,3,0,0.0,9900.0,9900.0,0.0,6,19800.0,0.5007115749525617,0.2637571157495256,0.25545540796963945,0.5040322580645161,0.5007115749525617,0.40275142314990514,0.36978178368121445,0.5040322580645161,0.412654174573055
PRV55679,0,3,3,0,0.0,9900.0,9900.0,0.0,6,19800.0,0.5007115749525617,0.2637571157495256,0.25545540796963945,0.5040322580645161,0.5007115749525617,0.40275142314990514,0.36978178368121445,0.5040322580645161,0.412654174573055
PRV55705,0,3,3,0,0.0,9900.0,9900.0,0.0,6,19800.0,0.5007115749525617,0.2637571157495256,0.25545540796963945,0.5040322580645161,0.5007115749525617,0.40275142314990514,0.36978178368121445,0.5040322580645161,0.412654174573055
PRV55734,0,3,3,0,0.0,9900.0,9900.0,0.0,6,19800.0,0.5007115749525617,0.2637571157495256,0.25545540796963945,0.5040322580645161,0.5007115749525617,0.40275142314990514,0.36978178368121445,0.5040322580645161,0.412654174573055
PRV55768,0,3,3,0,0.0,9900.0,9900.0,0.0,6,19800.0,0.5007115749525617,0.2637571157495256,0.25545540796963945,0.5040322580645161,0.5007115749525617,0.40275142314990514,0.36978178368121445,0.5040322580645161,0.412654174573055
PRV55832,0,3,3,0,0.0,9900.0,9900.0,0.0,6,19800.0,0.5007115749525617,0.2637571157495256,0.25545540796963945,0.5040322580645161,0.5007115749525617,0.40275142314990514,0.36978178368121445,0.5040322580645161,0.412654174573055
PRV55865,0,3,3,0,0.0,9900.0,9900.0,0.0,6,19800.0,0.5007115749525617,0.2637571157495256,0.25545540796963945,0.5040322580645161,0.5007115749525617,0.40275142314990514,0.36978178368121445,0.5040322580645161,0.412654174573055
PRV55933,0,3,3,0,0.0,9900.0,9900.0,0.0,6,19800.0,0.5007115749525617,0.2637571157495256,0.25545540796963945,0.5040322580645161,0.5007115749525617,0.40275142314990514,0.36978178368121445,0.5040322580645161,0.412654174573055
PRV55935,0,3,3,0,0.0,9900.0,9900.0,0.0,6,19800.0,0.5007115749525617,0.2637571157495256,0.25545540796963945,0.5040322580645161,0.5007115749525617,0.40275142314990514,0.36978178368121445,0.5040322580645161,0.412654174573055
PRV55959,0,3,3,0,0.0,9900.0,9900.0,0.0,6,19800.0,0.5007115749525617,0.2637571157495256,0.25545540796963945,0.5040322580645161,0.5007115749525617,0.40275142314990514,0.36978178368121445,0.5040322580645161,0.412654174573055
PRV55990,0,3,3,0,0.0,9900.0,9900.0,0.0,6,19800.0,0.5007115749525617,0.2637571157495256,0.25545540796963945,0.5040322580645161,0.5007115749525617,0.40275142314990514,0.36978178368121445,0.5040322580645161,0.412654174573055
PRV55999,0,3,3,0,0.0,9900.0,9900.0,0.0,6,19800.0,0.5007115749525617,0.2637571157495256,0.25545540796963945,0.5040322580645161,0.5007115749525617,0.40275142314990514,0.36978178368121445,0.5040322580645161,0.412654174573055
PRV56025,0,3,3,0,0.0,9900.0,9900.0,0.0,6,19800.0,0.5007115749525617,0.2637571157495256,0.25545540796963945,0.5040322580645161,0.5007115749525617,0.40275142314990514,0.36978178368121445,0.5040322580645161,0.412654174573055
PRV56026,0,3,3,0,0.0,9900.0,9900.0,0.0,6,19800.0,0.5007115749525617,0.2637571157495256,0.25545540796963945,0.5040322580645161,0.5007115749525617,0.40275142314990514,0.36978178368121445,0.5040322580645161,0.412654174573055
PRV56028,0,3,3,0,0.0,9900.0,9900.0,0.0,6,19800.0,0.5007115749525617,0.2637571157495256,0.25545540796963945,0.5040322580645161,0.5007115749525617,0.40275142314990514,0.36978178368121445,0.5040322580645161,0.412654174573055
PRV56041,0,3,3,0,0.0,9900.0,9900.0,0.0,6,19800.0,0.5007115749525617,0.2637571157495256,0.25545540796963945,0.5040322580645161,0.5007115749525617,0.40275142314990514,0.36978178368121445,0.5040322580645161,0.412654174573055
PRV56104,0,3,3,0,0.0,9900.0,9900.0,0.0,6,19800.0,0.5007115749525617,0.2637571157495256,0.25545540796963945,0.5040322580645161,0.5007115749525617,0.40275142314990514,0.36978178368121445,0.5040322580645161,0.412654174573055
PRV56145,0,3,3,0,0.0,9900.0,9900.0,0.0,6,19800.0,0.5007115749525617,0.2637571157495256,0.25545540796963945,0.5040322580645161,0.5007115749525617,0.40275142314990514,0.36978178368121445,0.5040322580645161,0.412654174573055
PRV56258,0,3,3,0,0.0,9900.0,9900.0,0.0,6,19800.0,0.5007115749525617,0.2637571157495256,0.25545540796963945,0.5040322580645161,0.5007115749525617,0.40275142314990514,0.36978178368121445,0.5040322580645161,0.412654174573055
PRV56259,0,3,3,0,0.0,9900.0,9900.0,0.0,6,19800.0,0.5007115749525617,0.2637571157495256,0.25545540796963945,0.5040322580645161,0.5007115749525617,0.40275142314990514,0.36978178368121445,0.5040322580645161,0.412654174573055
PRV56261,0,3,3,0,0.0,9900.0,9900.0,0.0,6,19800.0,0.5007115749525617,0.2637571157495256,0.25545540796963945,0.5040322580645161,0.5007115749525617,0.40275142314990514,0.36978178368121445,0.5040322580645161,0.412654174573055
PRV56361,0,3,3,0,0.0,9900.0,9900.0,0.0,6,19800.0,0.5007115749525617,0.2637571157495256,0.25545540796963945,0.5040322580645161,0.5007115749525617,0.40275142314990514,0.36978178368121445,0.5040322580645161,0.412654174573055
PRV56405,0,3,3,0,0.0,9900.0,9900.0,0.0,6,19800.0,0.5007115749525617,0.2637571157495256,0.25545540796963945,0.5040322580645161,0.5007115749525617,0.40275142314990514,0.36978178368121445,0.5040322580645161,0.412654174573055
PRV56428,0,3,3,0,0.0,9900.0,9900.0,0.0,6,19800.0,0.5007115749525617,0.2637571157495256,0.25545540796963945,0.5040322580645161,0.5007115749525617,0.40275142314990514,0.36978178368121445,0.5040322580645161,0.412654174573055
PRV56433,0,3,3,0,0.0,9900.0,9900.0,0.0,6,19800.0,0.5007115749525617,0.2637571157495256,0.25545540796963945,0.5040322580645161,0.5007115749525617,0.40275142314990514,0.36978178368121445,0.5040322580645161,0.412654174573055
PRV56467,0,3,3,0,0.0,9900.0,9900.0,0.0,6,19800.0,0.5007115749525617,0.2637571157495256,0.25545540796963945,0.5040322580645161,0.5007115749525617,0.40275142314990514,0.36978178368121445,0.5040322580645161,0.412654174573055
PRV56479,0,3,3,0,0.0,9900.0,9900.0,0.0,6,19800.0,0.5007115749525617,0.2637571157495256,0.25545540796963945,0.5040322580645161,0.5007115749525617,0.40275142314990514,0.36978178368121445,0.5040322580645161,0.412654174573055
PRV56508,0,3,3,0,0.0,9900.0,9900.0,0.0,6,19800.0,0.5007115749525617,0.2637571157495256,0.25545540796963945,0.5040322580645161,0.5007115749525617,0.40275142314990514,0.36978178368121445,0.5040322580645161,0.412654174573055
PRV56577,0,3,3,0,0.0,9900.0,9900.0,0.0,6,19800.0,0.5007115749525617,0.2637571157495256,0.25545540796963945,0.5040322580645161,0.5007115749525617,0.40275142314990514,0.36978178368121445,0.5040322580645161,0.412654174573055
PRV56588,0,3,3,0,0.0,9900.0,9900.0,0.0,6,19800.0,0.5007115749525617,0.2637571157495256,0.25545540796963945,0.5040322580645161,0.5007115749525617,0.40275142314990514,0.36978178368121445,0.5040322580645161,0.412654174573055
PRV56639,0,3,3,0,0.0,9900.0,9900.0,0.0,6,19800.0,0.5007115749525617,0.2637571157495256,0.25545540796963945,0.5040322580645161,0.5007115749525617,0.40275142314990514,0.36978178368121445,0.5040322580645161,0.412654174573055
PRV56642,0,3,3,0,0.0,9900.0,9900.0,0.0,6,19800.0,0.5007115749525617,0.2637571157495256,0.25545540796963945,0.5040322580645161,0.5007115749525617,0.40275142314990514,0.36978178368121445,0.5040322580645161,0.412654174573055
PRV56721,0,3,3,0,0.0,9900.0,9900.0,0.0,6,19800.0,0.5007115749525617,0.2637571157495256,0.25545540796963945,0.5040322580645161,0.5007115749525617,0.40275142314990514,0.36978178368121445,0.5040322580645161,0.412654174573055
PRV56791,0,3,3,0,0.0,9900.0,9900.0,0.0,6,19800.0,0.5007115749525617,0.2637571157495256,0.25545540796963945,0.5040322580645161,0.5007115749525617,0.40275142314990514,0.36978178368121445,0.5040322580645161,0.412654174573055
PRV56824,0,3,3,0,0.0,9900.0,9900.0,0.0,6,19800.0,0.5007115749525617,0.2637571157495256,0.25545540796963945,0.5040322580645161,0.5007115749525617,0.40275142314990514,0.36978178368121445,0.5040322580645161,0.412654174573055
PRV56945,0,3,3,0,0.0,9900.0,9900.0,0.0,6,19800.0,0.5007115749525617,0.2637571157495256,0.25545540796963945,0.5040322580645161,0.5007115749525617,0.40275142314990514,0.36978178368121445,0.5040322580645161,0.412654174573055
PRV57152,0,3,3,0,0.0,9900.0,9900.0,0.0,6,19800.0,0.5007115749525617,0.2637571157495256,0.25545540796963945,0.5040322580645161,0.5007115749525617,0.40275142314990514,0.36978178368121445,0.5040322580645161,0.412654174573055
PRV57179,0,3,3,0,0.0,9900.0,9900.0,0.0,6,19800.0,0.5007115749525617,0.2637571157495256,0.25545540796963945,0.5040322580645161,0.5007115749525617,0.40275142314990514,0.36978178368121445,0.5040322580645161,0.412654174573055
PRV57230,0,3,3,0,0.0,9900.0,9900.0,0.0,6,19800.0,0.5007115749525617,0.2637571157495256,0.25545540796963945,0.5040322580645161,0.5007115749525617,0.40275142314990514,0.36978178368121445,0.5040322580645161,0.412654174573055
PRV57240,0,3,3,0,0.0,9900.0,9900.0,0.0,6,19800.0,0.5007115749525617,0.2637571157495256,0.25545540796963945,0.5040322580645161,0.5007115749525617,0.40275142314990514,0.36978178368121445,0.5040322580645161,0.412654174573055
PRV57301,0,3,3,0,0.0,9900.0,9900.0,0.0,6,19800.0,0.5007115749525617,0.2637571157495256,0.25545540796963945,0.5040322580645161,0.5007115749525617,0.40275142314990514,0.36978178368121445,0.5040322580645161,0.412654174573055
PRV57305,0,3,3,0,0.0,9900.0,9900.0,0.0,6,19800.0,0.5007115749525617,0.2637571157495256,0.25545540796963945,0.5040322580645161,0.5007115749525617,0.40275142314990514,0.36978178368121445,0.5040322580645161,0.412654174573055
PRV57311,0,3,3,0,0.0,9900.0,9900.0,0.0,6,19800.0,0.5007115749525617,0.2637571157495256,0.25545540796963945,0.5040322580645161,0.5007115749525617,0.40275142314990514,0.36978178368121445,0.5040322580645161,0.412654174573055
PRV57319,0,3,3,0,0.0,9900.0,9900.0,0.0,6,19800.0,0.5007115749525617,0.2637571157495256,0.25545540796963945,0.5040322580645161,0.5007115749525617,0.40275142314990514,0.36978178368121445,0.5040322580645161,0.412654174573055
PRV57324,0,3,3,0,0.0,9900.0,9900.0,0.0,6,19800.0,0.5007115749525617,0.2637571157495256,0.25545540796963945,0.5040322580645161,0.5007115749525617,0.40275142314990514,0.36978178368121445,0.5040322580645161,0.412654174573055
PRV57339,0,3,3,0,0.0,9900.0,9900.0,0.0,6,19800.0,0.5007115749525617,0.2637571157495256,0.25545540796963945,0.5040322580645161,0.5007115749525617,0.40275142314990514,0.36978178368121445,0.5040322580645161,0.412654174573055
PRV57510,0,3,3,0,0.0,9900.0,9900.0,0.0,6,19800.0,0.5007115749525617,0.2637571157495256,0.25545540796963945,0.5040322580645161,0.5007115749525617,0.40275142314990514,0.36978178368121445,0.5040322580645161,0.412654174573055
PRV57529,0,3,3,0,0.0,9900.0,9900.0,0.0,6,19800.0,0.5007115749525617,0.2637571157495256,0.25545540796963945,0.5040322580645161,0.5007115749525617,0.40275142314990514,0.36978178368121445,0.5040322580645161,0.412654174573055
PRV57530,0,3,3,0,0.0,9900.0,9900.0,0.0,6,19800.0,0.5007115749525617,0.2637571157495256,0.25545540796963945,0.5040322580645161,0.5007115749525617,0.40275142314990514,0.36978178368121445,0.5040322580645161,0.412654174573055
PRV57611,0,3,3,0,0.0,9900.0,9900.0,0.0,6,19800.0,0.5007115749525617,0.2637571157495256,0.25545540796963945,0.5040322580645161,0.5007115749525617,0.40275142314990514,0.36978178368121445,0.5040322580645161,0.412654174573055
PRV57657,0,3,3,0,0.0,9900.0,9900.0,0.0,6,19800.0,0.5007115749525617,0.2637571157495256,0.25545540796963945,0.5040322580645161,0.5007115749525617,0.40275142314990514,0.36978178368121445,0.5040322580645161,0.412654174573055
PRV57684,0,3,3,0,0.0,9900.0,9900.0,0.0,6,19800.0,0.5007115749525617,0.2637571157495256,0.25545540796963945,0.5040322580645161,0.5007115749525617,0.40275142314990514,0.36978178368121445,0.5040322580645161,0.412654174573055
PRV56592,0,2,1,0,0.0,125000.0,68000.0,0.0,3,193000.0,0.5007115749525617,0.4172201138519924,0.7374288425047438,0.5040322580645161,0.5007115749525617,0.0353415559772296,0.08444022770398482,0.5040322580645161,0.41048980075901326
PRV51165,0,3,2,0,0.0,63600.0,6600.0,0.0,5,70200.0,0.5007115749525617,0.2637571157495256,0.40417457305502846,0.5040322580645161,0.5007115749525617,0.11219165085388995,0.49430740037950666,0.5040322580645161,0.4104898007590132
PRV52130,0,3,2,0,0.0,63600.0,6600.0,0.0,5,70200.0,0.5007115749525617,0.2637571157495256,0.40417457305502846,0.5040322580645161,0.5007115749525617,0.11219165085388995,0.49430740037950666,0.5040322580645161,0.4104898007590132
PRV52509,0,3,2,0,0.0,63600.0,6600.0,0.0,5,70200.0,0.5007115749525617,0.2637571157495256,0.40417457305502846,0.5040322580645161,0.5007115749525617,0.11219165085388995,0.49430740037950666,0.5040322580645161,0.4104898007590132
PRV53808,0,3,2,0,0.0,63600.0,6600.0,0.0,5,70200.0,0.5007115749525617,0.2637571157495256,0.40417457305502846,0.5040322580645161,0.5007115749525617,0.11219165085388995,0.49430740037950666,0.5040322580645161,0.4104898007590132
PRV53894,0,3,2,0,0.0,63600.0,6600.0,0.0,5,70200.0,0.5007115749525617,0.2637571157495256,0.40417457305502846,0.5040322580645161,0.5007115749525617,0.11219165085388995,0.49430740037950666,0.5040322580645161,0.4104898007590132
PRV55027,0,3,2,0,0.0,63600.0,6600.0,0.0,5,70200.0,0.5007115749525617,0.2637571157495256,0.40417457305502846,0.5040322580645161,0.5007115749525617,0.11219165085388995,0.49430740037950666,0.5040322580645161,0.4104898007590132
PRV55755,0,3,2,0,0.0,63600.0,6600.0,0.0,5,70200.0,0.5007115749525617,0.2637571157495256,0.40417457305502846,0.5040322580645161,0.5007115749525617,0.11219165085388995,0.49430740037950666,0.5040322580645161,0.4104898007590132
PRV56350,0,3,2,0,0.0,63600.0,6600.0,0.0,5,70200.0,0.5007115749525617,0.2637571157495256,0.40417457305502846,0.5040322580645161,0.5007115749525617,0.11219165085388995,0.49430740037950666,0.5040322580645161,0.4104898007590132
PRV57081,0,2,1,0,0.0,150000.0,93000.0,0.0,3,243000.0,0.5007115749525617,0.4172201138519924,0.7374288425047438,0.5040322580645161,0.5007115749525617,0.024193548387096774,0.053605313092979126,0.5040322580645161,0.405241935483871
PRV56452,0,3,3,0,0.0,9910.0,9910.0,0.0,6,19820.0,0.5007115749525617,0.2637571157495256,0.25545540796963945,0.5040322580645161,0.5007115749525617,0.37144212523719167,0.3372865275142315,0.5040322580645161,0.40467860531309297
PRV54340,0,3,3,0,0.0,9990.0,9990.0,0.0,6,19980.0,0.5007115749525617,0.2637571157495256,0.25545540796963945,0.5040322580645161,0.5007115749525617,0.3709677419354839,0.3368121442125237,0.5040322580645161,0.404560009487666
PRV54064,0,3,3,0,0.0,10000.0,10000.0,0.0,6,20000.0,0.5007115749525617,0.2637571157495256,0.25545540796963945,0.5040322580645161,0.5007115749525617,0.3702561669829222,0.33610056925996207,0.5040322580645161,0.40438211574952554
PRV56655,0,3,3,0,0.0,10000.0,10000.0,0.0,6,20000.0,0.5007115749525617,0.2637571157495256,0.25545540796963945,0.5040322580645161,0.5007115749525617,0.3702561669829222,0.33610056925996207,0.5040322580645161,0.40438211574952554
PRV56706,0,3,3,0,0.0,10200.0,10200.0,0.0,6,20400.0,0.5007115749525617,0.2637571157495256,0.25545540796963945,0.5040322580645161,0.5007115749525617,0.36907020872865276,0.3344402277039848,0.5040322580645161,0.40402632827324475
PRV54238,0,3,3,0,0.0,10400.0,10400.0,0.0,6,20800.0,0.5007115749525617,0.2637571157495256,0.25545540796963945,0.5040322580645161,0.5007115749525617,0.36693548387096775,0.3323055028462998,0.5040322580645161,0.4034926470588235
PRV54404,0,3,3,0,0.0,10610.0,10610.0,0.0,6,21220.0,0.5007115749525617,0.2637571157495256,0.25545540796963945,0.5040322580645161,0.5007115749525617,0.36480075901328274,0.32969639468690703,0.5040322580645161,0.40289966793168874
PRV52568,0,3,3,0,0.0,10620.0,10620.0,0.0,6,21240.0,0.5007115749525617,0.2637571157495256,0.25545540796963945,0.5040322580645161,0.5007115749525617,0.36432637571157495,0.32922201138519924,0.5040322580645161,0.4027810721062618
PRV55633,0,3,3,0,0.0,10660.0,10660.0,0.0,6,21320.0,0.5007115749525617,0.2637571157495256,0.25545540796963945,0.5040322580645161,0.5007115749525617,0.36385199240986715,0.32874762808349145,0.5040322580645161,0.40266247628083485
PRV51842,0,3,3,0,0.0,10700.0,10700.0,0.0,6,21400.0,0.5007115749525617,0.2637571157495256,0.25545540796963945,0.5040322580645161,0.5007115749525617,0.3633776091081594,0.32827324478178366,0.5040322580645161,0.4025438804554079
PRV52503,0,3,3,0,0.0,10900.0,10900.0,0.0,6,21800.0,0.5007115749525617,0.2637571157495256,0.25545540796963945,0.5040322580645161,0.5007115749525617,0.3629032258064516,0.3277988614800759,0.5040322580645161,0.40242528462998095
PRV55045,0,3,3,0,0.0,11300.0,11300.0,0.0,6,22600.0,0.5007115749525617,0.2637571157495256,0.25545540796963945,0.5040322580645161,0.5007115749525617,0.36219165085388993,0.32708728652751423,0.5040322580645161,0.4022473908918406
PRV57213,0,3,3,0,0.0,11640.0,11640.0,0.0,6,23280.0,0.5007115749525617,0.2637571157495256,0.25545540796963945,0.5040322580645161,0.5007115749525617,0.3605313092979127,0.325426944971537,0.5040322580645161,0.4018323055028462
PRV55450,0,3,3,0,0.0,11700.0,11700.0,0.0,6,23400.0,0.5007115749525617,0.2637571157495256,0.25545540796963945,0.5040322580645161,0.5007115749525617,0.359819734345351,0.3247153700189753,0.5040322580645161,0.40165441176470584
PRV56790,0,3,3,0,0.0,12000.0,12000.0,0.0,6,24000.0,0.5007115749525617,0.2637571157495256,0.25545540796963945,0.5040322580645161,0.5007115749525617,0.3591081593927894,0.32400379506641364,0.5040322580645161,0.4014765180265655
PRV55822,0,3,3,0,0.0,12100.0,12100.0,0.0,6,24200.0,0.5007115749525617,0.2637571157495256,0.25545540796963945,0.5040322580645161,0.5007115749525617,0.3586337760910816,0.3235294117647059,0.5040322580645161,0.4013579222011385
PRV53245,0,3,3,0,0.0,12200.0,12200.0,0.0,6,24400.0,0.5007115749525617,0.2637571157495256,0.25545540796963945,0.5040322580645161,0.5007115749525617,0.3579222011385199,0.3228178368121442,0.5040322580645161,0.40118002846299805
PRV56716,0,3,3,0,0.0,12400.0,12400.0,0.0,6,24800.0,0.5007115749525617,0.2637571157495256,0.25545540796963945,0.5040322580645161,0.5007115749525617,0.3567362428842505,0.3216318785578748,0.5040322580645161,0.40088353889943074
PRV52483,0,3,3,0,0.0,12500.0,12500.0,0.0,6,25000.0,0.5007115749525617,0.2637571157495256,0.25545540796963945,0.5040322580645161,0.5007115749525617,0.3560246679316888,0.3209203036053131,0.5040322580645161,0.40070564516129026
PRV56353,0,3,3,0,0.0,12650.0,12650.0,0.0,6,25300.0,0.5007115749525617,0.2637571157495256,0.25545540796963945,0.5040322580645161,0.5007115749525617,0.3553130929791271,0.3202087286527514,0.5040322580645161,0.4005277514231499
PRV57168,0,3,3,0,0.0,12700.0,12700.0,0.0,6,25400.0,0.5007115749525617,0.2637571157495256,0.25545540796963945,0.5040322580645161,0.5007115749525617,0.3548387096774194,0.31973434535104367,0.5040322580645161,0.40040915559772294
PRV57158,0,4,2,0,0.0,66900.0,6600.0,0.0,6,73500.0,0.5007115749525617,0.18477229601518028,0.40417457305502846,0.5040322580645161,0.5007115749525617,0.10009487666034156,0.49430740037950666,0.5040322580645161,0.39910460151802657
PRV57481,0,3,1,0,0.0,171000.0,57000.0,0.0,4,228000.0,0.5007115749525617,0.2637571157495256,0.7374288425047438,0.5040322580645161,0.5007115749525617,0.020872865275142316,0.13899430740037952,0.5040322580645161,0.3963175996204934
PRV53262,0,4,3,0,0.0,13200.0,9900.0,0.0,7,23100.0,0.5007115749525617,0.18477229601518028,0.25545540796963945,0.5040322580645161,0.5007115749525617,0.3415559772296015,0.36978178368121445,0.5040322580645161,0.39513164136622386
PRV54335,0,4,3,0,0.0,13200.0,9900.0,0.0,7,23100.0,0.5007115749525617,0.18477229601518028,0.25545540796963945,0.5040322580645161,0.5007115749525617,0.3415559772296015,0.36978178368121445,0.5040322580645161,0.39513164136622386
PRV55515,0,4,3,0,0.0,13200.0,9900.0,0.0,7,23100.0,0.5007115749525617,0.18477229601518028,0.25545540796963945,0.5040322580645161,0.5007115749525617,0.3415559772296015,0.36978178368121445,0.5040322580645161,0.39513164136622386
PRV56015,0,4,3,0,0.0,13200.0,9900.0,0.0,7,23100.0,0.5007115749525617,0.18477229601518028,0.25545540796963945,0.5040322580645161,0.5007115749525617,0.3415559772296015,0.36978178368121445,0.5040322580645161,0.39513164136622386
PRV56587,0,4,3,0,0.0,13200.0,9900.0,0.0,7,23100.0,0.5007115749525617,0.18477229601518028,0.25545540796963945,0.5040322580645161,0.5007115749525617,0.3415559772296015,0.36978178368121445,0.5040322580645161,0.39513164136622386
PRV53478,0,3,3,0,0.0,14200.0,14200.0,0.0,6,28400.0,0.5007115749525617,0.2637571157495256,0.25545540796963945,0.5040322580645161,0.5007115749525617,0.3194971537001898,0.2853415559772296,0.5040322580645161,0.3916923624288424
PRV55058,0,3,3,0,0.0,14200.0,14200.0,0.0,6,28400.0,0.5007115749525617,0.2637571157495256,0.25545540796963945,0.5040322580645161,0.5007115749525617,0.3194971537001898,0.2853415559772296,0.5040322580645161,0.3916923624288424
PRV51154,0,3,3,0,0.0,14700.0,14700.0,0.0,6,29400.0,0.5007115749525617,0.2637571157495256,0.25545540796963945,0.5040322580645161,0.5007115749525617,0.3159392789373814,0.28178368121442127,0.5040322580645161,0.39080289373814037
PRV56729,0,3,3,0,0.0,15000.0,15000.0,0.0,6,30000.0,0.5007115749525617,0.2637571157495256,0.25545540796963945,0.5040322580645161,0.5007115749525617,0.31309297912713474,0.27893738140417457,0.5040322580645161,0.3900913187855787
PRV54970,0,3,3,0,0.0,15670.0,15670.0,0.0,6,31340.0,0.5007115749525617,0.2637571157495256,0.25545540796963945,0.5040322580645161,0.5007115749525617,0.31024667931688804,0.27609108159392787,0.5040322580645161,0.389379743833017
PRV53907,0,3,3,0,0.0,15700.0,15700.0,0.0,6,31400.0,0.5007115749525617,0.2637571157495256,0.25545540796963945,0.5040322580645161,0.5007115749525617,0.30953510436432635,0.27537950664136623,0.5040322580645161,0.3892018500948766
PRV51097,0,4,3,0,0.0,13400.0,10100.0,0.0,7,23500.0,0.5007115749525617,0.18477229601518028,0.25545540796963945,0.5040322580645161,0.5007115749525617,0.3280360531309298,0.3351518026565465,0.5040322580645161,0.3891129032258064
PRV52233,0,3,3,0,0.0,16350.0,16350.0,0.0,6,32700.0,0.5007115749525617,0.2637571157495256,0.25545540796963945,0.5040322580645161,0.5007115749525617,0.30787476280834913,0.273719165085389,0.5040322580645161,0.3887867647058823
PRV51377,0,2,2,0,0.0,60300.0,60300.0,0.0,4,120600.0,0.5007115749525617,0.4172201138519924,0.40417457305502846,0.5040322580645161,0.5007115749525617,0.13069259962049337,0.11029411764705882,0.5040322580645161,0.3839836337760911
PRV52642,0,2,2,0,0.0,60300.0,60300.0,0.0,4,120600.0,0.5007115749525617,0.4172201138519924,0.40417457305502846,0.5040322580645161,0.5007115749525617,0.13069259962049337,0.11029411764705882,0.5040322580645161,0.3839836337760911
PRV52843,0,2,2,0,0.0,60300.0,60300.0,0.0,4,120600.0,0.5007115749525617,0.4172201138519924,0.40417457305502846,0.5040322580645161,0.5007115749525617,0.13069259962049337,0.11029411764705882,0.5040322580645161,0.3839836337760911
PRV53104,0,2,2,0,0.0,60300.0,60300.0,0.0,4,120600.0,0.5007115749525617,0.4172201138519924,0.40417457305502846,0.5040322580645161,0.5007115749525617,0.13069259962049337,0.11029411764705882,0.5040322580645161,0.3839836337760911
PRV53136,0,2,2,0,0.0,60300.0,60300.0,0.0,4,120600.0,0.5007115749525617,0.4172201138519924,0.40417457305502846,0.5040322580645161,0.5007115749525617,0.13069259962049337,0.11029411764705882,0.5040322580645161,0.3839836337760911
PRV53265,0,2,2,0,0.0,60300.0,60300.0,0.0,4,120600.0,0.5007115749525617,0.4172201138519924,0.40417457305502846,0.5040322580645161,0.5007115749525617,0.13069259962049337,0.11029411764705882,0.5040322580645161,0.3839836337760911
PRV53314,0,2,2,0,0.0,60300.0,60300.0,0.0,4,120600.0,0.5007115749525617,0.4172201138519924,0.40417457305502846,0.5040322580645161,0.5007115749525617,0.13069259962049337,0.11029411764705882,0.5040322580645161,0.3839836337760911
PRV53432,0,2,2,0,0.0,60300.0,60300.0,0.0,4,120600.0,0.5007115749525617,0.4172201138519924,0.40417457305502846,0.5040322580645161,0.5007115749525617,0.13069259962049337,0.11029411764705882,0.5040322580645161,0.3839836337760911
PRV53938,0,2,2,0,0.0,60300.0,60300.0,0.0,4,120600.0,0.5007115749525617,0.4172201138519924,0.40417457305502846,0.5040322580645161,0.5007115749525617,0.13069259962049337,0.11029411764705882,0.5040322580645161,0.3839836337760911
PRV54276,0,2,2,0,0.0,60300.0,60300.0,0.0,4,120600.0,0.5007115749525617,0.4172201138519924,0.40417457305502846,0.5040322580645161,0.5007115749525617,0.13069259962049337,0.11029411764705882,0.5040322580645161,0.3839836337760911
PRV54381,0,2,2,0,0.0,60300.0,60300.0,0.0,4,120600.0,0.5007115749525617,0.4172201138519924,0.40417457305502846,0.5040322580645161,0.5007115749525617,0.13069259962049337,0.11029411764705882,0.5040322580645161,0.3839836337760911
PRV54828,0,2,2,0,0.0,60300.0,60300.0,0.0,4,120600.0,0.5007115749525617,0.4172201138519924,0.40417457305502846,0.5040322580645161,0.5007115749525617,0.13069259962049337,0.11029411764705882,0.5040322580645161,0.3839836337760911
PRV54925,0,2,2,0,0.0,60300.0,60300.0,0.0,4,120600.0,0.5007115749525617,0.4172201138519924,0.40417457305502846,0.5040322580645161,0.5007115749525617,0.13069259962049337,0.11029411764705882,0.5040322580645161,0.3839836337760911
PRV54968,0,2,2,0,0.0,60300.0,60300.0,0.0,4,120600.0,0.5007115749525617,0.4172201138519924,0.40417457305502846,0.5040322580645161,0.5007115749525617,0.13069259962049337,0.11029411764705882,0.5040322580645161,0.3839836337760911
PRV55022,0,2,2,0,0.0,60300.0,60300.0,0.0,4,120600.0,0.5007115749525617,0.4172201138519924,0.40417457305502846,0.5040322580645161,0.5007115749525617,0.13069259962049337,0.11029411764705882,0.5040322580645161,0.3839836337760911
PRV55483,0,2,2,0,0.0,60300.0,60300.0,0.0,4,120600.0,0.5007115749525617,0.4172201138519924,0.40417457305502846,0.5040322580645161,0.5007115749525617,0.13069259962049337,0.11029411764705882,0.5040322580645161,0.3839836337760911
PRV55826,0,2,2,0,0.0,60300.0,60300.0,0.0,4,120600.0,0.5007115749525617,0.4172201138519924,0.40417457305502846,0.5040322580645161,0.5007115749525617,0.13069259962049337,0.11029411764705882,0.5040322580645161,0.3839836337760911
PRV55957,0,2,2,0,0.0,60300.0,60300.0,0.0,4,120600.0,0.5007115749525617,0.4172201138519924,0.40417457305502846,0.5040322580645161,0.5007115749525617,0.13069259962049337,0.11029411764705882,0.5040322580645161,0.3839836337760911
PRV56231,0,2,2,0,0.0,60300.0,60300.0,0.0,4,120600.0,0.5007115749525617,0.4172201138519924,0.40417457305502846,0.5040322580645161,0.5007115749525617,0.13069259962049337,0.11029411764705882,0.5040322580645161,0.3839836337760911
PRV56469,0,2,2,0,0.0,60300.0,60300.0,0.0,4,120600.0,0.5007115749525617,0.4172201138519924,0.40417457305502846,0.5040322580645161,0.5007115749525617,0.13069259962049337,0.11029411764705882,0.5040322580645161,0.3839836337760911
PRV56731,0,2,2,0,0.0,60300.0,60300.0,0.0,4,120600.0,0.5007115749525617,0.4172201138519924,0.40417457305502846,0.5040322580645161,0.5007115749525617,0.13069259962049337,0.11029411764705882,0.5040322580645161,0.3839836337760911
PRV57382,0,2,2,0,0.0,60300.0,60300.0,0.0,4,120600.0,0.5007115749525617,0.4172201138519924,0.40417457305502846,0.5040322580645161,0.5007115749525617,0.13069259962049337,0.11029411764705882,0.5040322580645161,0.3839836337760911
PRV57642,0,2,2,0,0.0,60300.0,60300.0,0.0,4,120600.0,0.5007115749525617,0.4172201138519924,0.40417457305502846,0.5040322580645161,0.5007115749525617,0.13069259962049337,0.11029411764705882,0.5040322580645161,0.3839836337760911
PRV56566,0,3,3,0,0.0,16900.0,16900.0,0.0,6,33800.0,0.5007115749525617,0.2637571157495256,0.25545540796963945,0.5040322580645161,0.5007115749525617,0.2884250474383302,0.2509487666034156,0.5040322580645161,0.3835092504743833
PRV51879,0,3,3,0,0.0,17660.0,17660.0,0.0,6,35320.0,0.5007115749525617,0.2637571157495256,0.25545540796963945,0.5040322580645161,0.5007115749525617,0.286527514231499,0.24905123339658444,0.5040322580645161,0.3830348671726755
PRV52872,0,3,3,0,0.0,17700.0,17700.0,0.0,6,35400.0,0.5007115749525617,0.2637571157495256,0.25545540796963945,0.5040322580645161,0.5007115749525617,0.2858159392789374,0.24833965844402278,0.5040322580645161,0.38285697343453506
PRV54765,0,2,2,0,0.0,62030.0,62030.0,0.0,4,124060.0,0.5007115749525617,0.4172201138519924,0.40417457305502846,0.5040322580645161,0.5007115749525617,0.11954459203036052,0.10199240986717267,0.5040322580645161,0.38155241935483875
PRV54041,0,3,3,0,0.0,20700.0,20700.0,0.0,6,41400.0,0.5007115749525617,0.2637571157495256,0.25545540796963945,0.5040322580645161,0.5007115749525617,0.2680265654648956,0.2314990512333966,0.5040322580645161,0.37852822580645157
PRV56040,0,3,3,0,0.0,20950.0,20950.0,0.0,6,41900.0,0.5007115749525617,0.2637571157495256,0.25545540796963945,0.5040322580645161,0.5007115749525617,0.2670777988614801,0.23055028462998103,0.5040322580645161,0.37829103415559767
PRV54337,0,2,2,0,0.0,66300.0,66300.0,0.0,4,132600.0,0.5007115749525617,0.4172201138519924,0.40417457305502846,0.5040322580645161,0.5007115749525617,0.10270398481973435,0.08894686907020873,0.5040322580645161,0.37781665085388993
PRV51027,0,4,4,0,0.0,13200.0,13200.0,0.0,8,26400.0,0.5007115749525617,0.18477229601518028,0.17860531309297914,0.5040322580645161,0.5007115749525617,0.3415559772296015,0.3066888045540797,0.5040322580645161,0.3776387571157495
PRV51164,0,4,4,0,0.0,13200.0,13200.0,0.0,8,26400.0,0.5007115749525617,0.18477229601518028,0.17860531309297914,0.5040322580645161,0.5007115749525617,0.3415559772296015,0.3066888045540797,0.5040322580645161,0.3776387571157495
PRV51690,0,4,4,0,0.0,13200.0,13200.0,0.0,8,26400.0,0.5007115749525617,0.18477229601518028,0.17860531309297914,0.5040322580645161,0.5007115749525617,0.3415559772296015,0.3066888045540797,0.5040322580645161,0.3776387571157495
PRV51695,0,4,4,0,0.0,13200.0,13200.0,0.0,8,26400.0,0.5007115749525617,0.18477229601518028,0.17860531309297914,0.5040322580645161,0.5007115749525617,0.3415559772296015,0.3066888045540797,0.5040322580645161,0.3776387571157495
PRV51984,0,4,4,0,0.0,13200.0,13200.0,0.0,8,26400.0,0.5007115749525617,0.18477229601518028,0.17860531309297914,0.5040322580645161,0.5007115749525617,0.3415559772296015,0.3066888045540797,0.5040322580645161,0.3776387571157495
PRV52014,0,4,4,0,0.0,13200.0,13200.0,0.0,8,26400.0,0.5007115749525617,0.18477229601518028,0.17860531309297914,0.5040322580645161,0.5007115749525617,0.3415559772296015,0.3066888045540797,0.5040322580645161,0.3776387571157495
PRV52037,0,4,4,0,0.0,13200.0,13200.0,0.0,8,26400.0,0.5007115749525617,0.18477229601518028,0.17860531309297914,0.5040322580645161,0.5007115749525617,0.3415559772296015,0.3066888045540797,0.5040322580645161,0.3776387571157495
PRV52058,0,4,4,0,0.0,13200.0,13200.0,0.0,8,26400.0,0.5007115749525617,0.18477229601518028,0.17860531309297914,0.5040322580645161,0.5007115749525617,0.3415559772296015,0.3066888045540797,0.5040322580645161,0.3776387571157495
PRV52138,0,4,4,0,0.0,13200.0,13200.0,0.0,8,26400.0,0.5007115749525617,0.18477229601518028,0.17860531309297914,0.5040322580645161,0.5007115749525617,0.3415559772296015,0.3066888045540797,0.5040322580645161,0.3776387571157495
PRV52328,0,4,4,0,0.0,13200.0,13200.0,0.0,8,26400.0,0.5007115749525617,0.18477229601518028,0.17860531309297914,0.5040322580645161,0.5007115749525617,0.3415559772296015,0.3066888045540797,0.5040322580645161,0.3776387571157495
PRV52351,0,4,4,0,0.0,13200.0,13200.0,0.0,8,26400.0,0.5007115749525617,0.18477229601518028,0.17860531309297914,0.5040322580645161,0.5007115749525617,0.3415559772296015,0.3066888045540797,0.5040322580645161,0.3776387571157495
PRV52366,0,4,4,0,0.0,13200.0,13200.0,0.0,8,26400.0,0.5007115749525617,0.18477229601518028,0.17860531309297914,0.5040322580645161,0.5007115749525617,0.3415559772296015,0.3066888045540797,0.5040322580645161,0.3776387571157495
PRV52374,0,4,4,0,0.0,13200.0,13200.0,0.0,8,26400.0,0.5007115749525617,0.18477229601518028,0.17860531309297914,0.5040322580645161,0.5007115749525617,0.3415559772296015,0.3066888045540797,0.5040322580645161,0.3776387571157495
PRV52609,0,4,4,0,0.0,13200.0,13200.0,0.0,8,26400.0,0.5007115749525617,0.18477229601518028,0.17860531309297914,0.5040322580645161,0.5007115749525617,0.3415559772296015,0.3066888045540797,0.5040322580645161,0.3776387571157495
PRV52660,0,4,4,0,0.0,13200.0,13200.0,0.0,8,26400.0,0.5007115749525617,0.18477229601518028,0.17860531309297914,0.5040322580645161,0.5007115749525617,0.3415559772296015,0.3066888045540797,0.5040322580645161,0.3776387571157495
PRV52826,0,4,4,0,0.0,13200.0,13200.0,0.0,8,26400.0,0.5007115749525617,0.18477229601518028,0.17860531309297914,0.5040322580645161,0.5007115749525617,0.3415559772296015,0.3066888045540797,0.5040322580645161,0.3776387571157495
PRV52870,0,4,4,0,0.0,13200.0,13200.0,0.0,8,26400.0,0.5007115749525617,0.18477229601518028,0.17860531309297914,0.5040322580645161,0.5007115749525617,0.3415559772296015,0.3066888045540797,0.5040322580645161,0.3776387571157495
PRV53296,0,4,4,0,0.0,13200.0,13200.0,0.0,8,26400.0,0.5007115749525617,0.18477229601518028,0.17860531309297914,0.5040322580645161,0.5007115749525617,0.3415559772296015,0.3066888045540797,0.5040322580645161,0.3776387571157495
PRV53662,0,4,4,0,0.0,13200.0,13200.0,0.0,8,26400.0,0.5007115749525617,0.18477229601518028,0.17860531309297914,0.5040322580645161,0.5007115749525617,0.3415559772296015,0.3066888045540797,0.5040322580645161,0.3776387571157495
PRV53699,0,4,4,0,0.0,13200.0,13200.0,0.0,8,26400.0,0.5007115749525617,0.18477229601518028,0.17860531309297914,0.5040322580645161,0.5007115749525617,0.3415559772296015,0.3066888045540797,0.5040322580645161,0.3776387571157495
PRV53785,0,4,4,0,0.0,13200.0,13200.0,0.0,8,26400.0,0.5007115749525617,0.18477229601518028,0.17860531309297914,0.5040322580645161,0.5007115749525617,0.3415559772296015,0.3066888045540797,0.5040322580645161,0.3776387571157495
PRV53909,0,4,4,0,0.0,13200.0,13200.0,0.0,8,26400.0,0.5007115749525617,0.18477229601518028,0.17860531309297914,0.5040322580645161,0.5007115749525617,0.3415559772296015,0.3066888045540797,0.5040322580645161,0.3776387571157495
PRV53985,0,4,4,0,0.0,13200.0,13200.0,0.0,8,26400.0,0.5007115749525617,0.18477229601518028,0.17860531309297914,0.5040322580645161,0.5007115749525617,0.3415559772296015,0.3066888045540797,0.5040322580645161,0.3776387571157495
PRV54144,0,4,4,0,0.0,13200.0,13200.0,0.0,8,26400.0,0.5007115749525617,0.18477229601518028,0.17860531309297914,0.5040322580645161,0.5007115749525617,0.3415559772296015,0.3066888045540797,0.5040322580645161,0.3776387571157495
PRV54387,0,4,4,0,0.0,13200.0,13200.0,0.0,8,26400.0,0.5007115749525617,0.18477229601518028,0.17860531309297914,0.5040322580645161,0.5007115749525617,0.3415559772296015,0.3066888045540797,0.5040322580645161,0.3776387571157495
PRV54572,0,4,4,0,0.0,13200.0,13200.0,0.0,8,26400.0,0.5007115749525617,0.18477229601518028,0.17860531309297914,0.5040322580645161,0.5007115749525617,0.3415559772296015,0.3066888045540797,0.5040322580645161,0.3776387571157495
PRV54668,0,4,4,0,0.0,13200.0,13200.0,0.0,8,26400.0,0.5007115749525617,0.18477229601518028,0.17860531309297914,0.5040322580645161,0.5007115749525617,0.3415559772296015,0.3066888045540797,0.5040322580645161,0.3776387571157495
PRV54716,0,4,4,0,0.0,13200.0,13200.0,0.0,8,26400.0,0.5007115749525617,0.18477229601518028,0.17860531309297914,0.5040322580645161,0.5007115749525617,0.3415559772296015,0.3066888045540797,0.5040322580645161,0.3776387571157495
PRV54842,0,4,4,0,0.0,13200.0,13200.0,0.0,8,26400.0,0.5007115749525617,0.18477229601518028,0.17860531309297914,0.5040322580645161,0.5007115749525617,0.3415559772296015,0.3066888045540797,0.5040322580645161,0.3776387571157495
PRV54887,0,4,4,0,0.0,13200.0,13200.0,0.0,8,26400.0,0.5007115749525617,0.18477229601518028,0.17860531309297914,0.5040322580645161,0.5007115749525617,0.3415559772296015,0.3066888045540797,0.5040322580645161,0.3776387571157495
PRV54914,0,4,4,0,0.0,13200.0,13200.0,0.0,8,26400.0,0.5007115749525617,0.18477229601518028,0.17860531309297914,0.5040322580645161,0.5007115749525617,0.3415559772296015,0.3066888045540797,0.5040322580645161,0.3776387571157495
PRV55010,0,4,4,0,0.0,13200.0,13200.0,0.0,8,26400.0,0.5007115749525617,0.18477229601518028,0.17860531309297914,0.5040322580645161,0.5007115749525617,0.3415559772296015,0.3066888045540797,0.5040322580645161,0.3776387571157495
PRV55043,0,4,4,0,0.0,13200.0,13200.0,0.0,8,26400.0,0.5007115749525617,0.18477229601518028,0.17860531309297914,0.5040322580645161,0.5007115749525617,0.3415559772296015,0.3066888045540797,0.5040322580645161,0.3776387571157495
PRV55059,0,4,4,0,0.0,13200.0,13200.0,0.0,8,26400.0,0.5007115749525617,0.18477229601518028,0.17860531309297914,0.5040322580645161,0.5007115749525617,0.3415559772296015,0.3066888045540797,0.5040322580645161,0.3776387571157495
PRV55226,0,4,4,0,0.0,13200.0,13200.0,0.0,8,26400.0,0.5007115749525617,0.18477229601518028,0.17860531309297914,0.5040322580645161,0.5007115749525617,0.3415559772296015,0.3066888045540797,0.5040322580645161,0.3776387571157495
PRV55246,0,4,4,0,0.0,13200.0,13200.0,0.0,8,26400.0,0.5007115749525617,0.18477229601518028,0.17860531309297914,0.5040322580645161,0.5007115749525617,0.3415559772296015,0.3066888045540797,0.5040322580645161,0.3776387571157495
PRV55359,0,4,4,0,0.0,13200.0,13200.0,0.0,8,26400.0,0.5007115749525617,0.18477229601518028,0.17860531309297914,0.5040322580645161,0.5007115749525617,0.3415559772296015,0.3066888045540797,0.5040322580645161,0.3776387571157495
PRV55390,0,4,4,0,0.0,13200.0,13200.0,0.0,8,26400.0,0.5007115749525617,0.18477229601518028,0.17860531309297914,0.5040322580645161,0.5007115749525617,0.3415559772296015,0.3066888045540797,0.5040322580645161,0.3776387571157495
PRV55491,0,4,4,0,0.0,13200.0,13200.0,0.0,8,26400.0,0.5007115749525617,0.18477229601518028,0.17860531309297914,0.5040322580645161,0.5007115749525617,0.3415559772296015,0.3066888045540797,0.5040322580645161,0.3776387571157495
PRV55911,0,4,4,0,0.0,13200.0,13200.0,0.0,8,26400.0,0.5007115749525617,0.18477229601518028,0.17860531309297914,0.5040322580645161,0.5007115749525617,0.3415559772296015,0.3066888045540797,0.5040322580645161,0.3776387571157495
PRV56228,0,4,4,0,0.0,13200.0,13200.0,0.0,8,26400.0,0.5007115749525617,0.18477229601518028,0.17860531309297914,0.5040322580645161,0.5007115749525617,0.3415559772296015,0.3066888045540797,0.5040322580645161,0.3776387571157495
PRV56410,0,4,4,0,0.0,13200.0,13200.0,0.0,8,26400.0,0.5007115749525617,0.18477229601518028,0.17860531309297914,0.5040322580645161,0.5007115749525617,0.3415559772296015,0.3066888045540797,0.5040322580645161,0.3776387571157495
PRV56597,0,4,4,0,0.0,13200.0,13200.0,0.0,8,26400.0,0.5007115749525617,0.18477229601518028,0.17860531309297914,0.5040322580645161,0.5007115749525617,0.3415559772296015,0.3066888045540797,0.5040322580645161,0.3776387571157495
PRV56634,0,4,4,0,0.0,13200.0,13200.0,0.0,8,26400.0,0.5007115749525617,0.18477229601518028,0.17860531309297914,0.5040322580645161,0.5007115749525617,0.3415559772296015,0.3066888045540797,0.5040322580645161,0.3776387571157495
PRV56675,0,4,4,0,0.0,13200.0,13200.0,0.0,8,26400.0,0.5007115749525617,0.18477229601518028,0.17860531309297914,0.5040322580645161,0.5007115749525617,0.3415559772296015,0.3066888045540797,0.5040322580645161,0.3776387571157495
PRV56685,0,4,4,0,0.0,13200.0,13200.0,0.0,8,26400.0,0.5007115749525617,0.18477229601518028,0.17860531309297914,0.5040322580645161,0.5007115749525617,0.3415559772296015,0.3066888045540797,0.5040322580645161,0.3776387571157495
PRV57156,0,4,4,0,0.0,13200.0,13200.0,0.0,8,26400.0,0.5007115749525617,0.18477229601518028,0.17860531309297914,0.5040322580645161,0.5007115749525617,0.3415559772296015,0.3066888045540797,0.5040322580645161,0.3776387571157495
PRV57160,0,4,4,0,0.0,13200.0,13200.0,0.0,8,26400.0,0.5007115749525617,0.18477229601518028,0.17860531309297914,0.5040322580645161,0.5007115749525617,0.3415559772296015,0.3066888045540797,0.5040322580645161,0.3776387571157495
PRV57586,0,4,4,0,0.0,13200.0,13200.0,0.0,8,26400.0,0.5007115749525617,0.18477229601518028,0.17860531309297914,0.5040322580645161,0.5007115749525617,0.3415559772296015,0.3066888045540797,0.5040322580645161,0.3776387571157495
PRV57710,0,4,4,0,0.0,13200.0,13200.0,0.0,8,26400.0,0.5007115749525617,0.18477229601518028,0.17860531309297914,0.5040322580645161,0.5007115749525617,0.3415559772296015,0.3066888045540797,0.5040322580645161,0.3776387571157495
PRV53117,0,3,3,0,0.0,23100.0,23100.0,0.0,6,46200.0,0.5007115749525617,0.2637571157495256,0.25545540796963945,0.5040322580645161,0.5007115749525617,0.25877609108159394,0.22248576850094876,0.5040322580645161,0.3762452561669829
PRV55195,0,2,2,0,0.0,68300.0,68300.0,0.0,4,136600.0,0.5007115749525617,0.4172201138519924,0.40417457305502846,0.5040322580645161,0.5007115749525617,0.09558823529411764,0.08325426944971537,0.5040322580645161,0.3762156072106262
PRV52842,0,2,2,0,0.0,71300.0,71300.0,0.0,4,142600.0,0.5007115749525617,0.4172201138519924,0.40417457305502846,0.5040322580645161,0.5007115749525617,0.08870967741935484,0.07637571157495256,0.5040322580645161,0.3744959677419355
PRV56020,0,3,3,0,0.0,23900.0,23900.0,0.0,6,47800.0,0.5007115749525617,0.2637571157495256,0.25545540796963945,0.5040322580645161,0.5007115749525617,0.2514231499051233,0.21584440227703985,0.5040322580645161,0.37449596774193544
PRV53620,0,4,4,0,0.0,13400.0,13400.0,0.0,8,26800.0,0.5007115749525617,0.18477229601518028,0.17860531309297914,0.5040322580645161,0.5007115749525617,0.3280360531309298,0.29364326375711575,0.5040322580645161,0.374318074003795
PRV55454,0,4,4,0,0.0,13500.0,13500.0,0.0,8,27000.0,0.5007115749525617,0.18477229601518028,0.17860531309297914,0.5040322580645161,0.5007115749525617,0.32732447817836813,0.29316888045540795,0.5040322580645161,0.37416982922201136
PRV56693,0,4,4,0,0.0,13910.0,13910.0,0.0,8,27820.0,0.5007115749525617,0.18477229601518028,0.17860531309297914,0.5040322580645161,0.5007115749525617,0.32637571157495254,0.2922201138519924,0.5040322580645161,0.37393263757115747
PRV53276,0,4,4,0,0.0,13950.0,13950.0,0.0,8,27900.0,0.5007115749525617,0.18477229601518028,0.17860531309297914,0.5040322580645161,0.5007115749525617,0.3256641366223909,0.29150853889943074,0.5040322580645161,0.37375474383301704
PRV56725,0,4,4,0,0.0,13950.0,13950.0,0.0,8,27900.0,0.5007115749525617,0.18477229601518028,0.17860531309297914,0.5040322580645161,0.5007115749525617,0.3256641366223909,0.29150853889943074,0.5040322580645161,0.37375474383301704
PRV56517,0,4,4,0,0.0,13960.0,13960.0,0.0,8,27920.0,0.5007115749525617,0.18477229601518028,0.17860531309297914,0.5040322580645161,0.5007115749525617,0.3247153700189753,0.2905597722960152,0.5040322580645161,0.37351755218216315
PRV56957,0,4,4,0,0.0,13960.0,13960.0,0.0,8,27920.0,0.5007115749525617,0.18477229601518028,0.17860531309297914,0.5040322580645161,0.5007115749525617,0.3247153700189753,0.2905597722960152,0.5040322580645161,0.37351755218216315
PRV57618,0,4,4,0,0.0,13970.0,13970.0,0.0,8,27940.0,0.5007115749525617,0.18477229601518028,0.17860531309297914,0.5040322580645161,0.5007115749525617,0.32400379506641364,0.2898481973434535,0.5040322580645161,0.3733396584440228
PRV55842,0,4,4,0,0.0,13980.0,13980.0,0.0,8,27960.0,0.5007115749525617,0.18477229601518028,0.17860531309297914,0.5040322580645161,0.5007115749525617,0.3235294117647059,0.2893738140417457,0.5040322580645161,0.37322106261859583
PRV51112,0,4,4,0,0.0,14000.0,14000.0,0.0,8,28000.0,0.5007115749525617,0.18477229601518028,0.17860531309297914,0.5040322580645161,0.5007115749525617,0.3225806451612903,0.2884250474383302,0.5040322580645161,0.37298387096774194
PRV52630,0,4,4,0,0.0,14000.0,14000.0,0.0,8,28000.0,0.5007115749525617,0.18477229601518028,0.17860531309297914,0.5040322580645161,0.5007115749525617,0.3225806451612903,0.2884250474383302,0.5040322580645161,0.37298387096774194
PRV52313,0,4,4,0,0.0,14100.0,14100.0,0.0,8,28200.0,0.5007115749525617,0.18477229601518028,0.17860531309297914,0.5040322580645161,0.5007115749525617,0.3202087286527514,0.2860531309297913,0.5040322580645161,0.3723908918406072
PRV55234,0,4,4,0,0.0,14400.0,14400.0,0.0,8,28800.0,0.5007115749525617,0.18477229601518028,0.17860531309297914,0.5040322580645161,0.5007115749525617,0.31759962049335866,0.2834440227703985,0.5040322580645161,0.371738614800759
PRV51036,0,4,4,0,0.0,14500.0,14500.0,0.0,8,29000.0,0.5007115749525617,0.18477229601518028,0.17860531309297914,0.5040322580645161,0.5007115749525617,0.31688804554079697,0.2827324478178368,0.5040322580645161,0.37156072106261856
PRV54952,0,2,2,0,0.0,82300.0,82300.0,0.0,4,164600.0,0.5007115749525617,0.4172201138519924,0.40417457305502846,0.5040322580645161,0.5007115749525617,0.07518975332068312,0.06333017077798861,0.5040322580645161,0.37117528462998106
PRV55525,0,4,4,0,0.0,14800.0,14800.0,0.0,8,29600.0,0.5007115749525617,0.18477229601518028,0.17860531309297914,0.5040322580645161,0.5007115749525617,0.31522770398481975,0.2810721062618596,0.5040322580645161,0.3711456356736243
PRV52175,0,4,4,0,0.0,14900.0,14900.0,0.0,8,29800.0,0.5007115749525617,0.18477229601518028,0.17860531309297914,0.5040322580645161,0.5007115749525617,0.31427893738140417,0.28012333965844405,0.5040322580645161,0.3709084440227704
PRV53773,0,4,4,0,0.0,14900.0,14900.0,0.0,8,29800.0,0.5007115749525617,0.18477229601518028,0.17860531309297914,0.5040322580645161,0.5007115749525617,0.31427893738140417,0.28012333965844405,0.5040322580645161,0.3709084440227704
PRV55846,0,2,2,0,0.0,83300.0,83300.0,0.0,4,166600.0,0.5007115749525617,0.4172201138519924,0.40417457305502846,0.5040322580645161,0.5007115749525617,0.07400379506641366,0.06214421252371916,0.5040322580645161,0.3708787950664137
PRV54907,0,4,4,0,0.0,14920.0,14920.0,0.0,8,29840.0,0.5007115749525617,0.18477229601518028,0.17860531309297914,0.5040322580645161,0.5007115749525617,0.3135673624288425,0.27941176470588236,0.5040322580645161,0.37073055028463
PRV52310,0,4,4,0,0.0,15100.0,15100.0,0.0,8,30200.0,0.5007115749525617,0.18477229601518028,0.17860531309297914,0.5040322580645161,0.5007115749525617,0.31261859582542695,0.2784629981024668,0.5040322580645161,0.3704933586337761
PRV55196,0,2,2,0,0.0,86300.0,86300.0,0.0,4,172600.0,0.5007115749525617,0.4172201138519924,0.40417457305502846,0.5040322580645161,0.5007115749525617,0.07115749525616698,0.05977229601518026,0.5040322580645161,0.3702265180265655
PRV52684,0,4,4,0,0.0,15600.0,15600.0,0.0,8,31200.0,0.5007115749525617,0.18477229601518028,0.17860531309297914,0.5040322580645161,0.5007115749525617,0.31072106261859583,0.27656546489563566,0.5040322580645161,0.3700189753320683
PRV54220,0,2,2,0,0.0,89000.0,89000.0,0.0,4,178000.0,0.5007115749525617,0.4172201138519924,0.40417457305502846,0.5040322580645161,0.5007115749525617,0.06973434535104364,0.05787476280834915,0.5040322580645161,0.3698114326375712
PRV57233,0,4,4,0,0.0,15700.0,15700.0,0.0,8,31400.0,0.5007115749525617,0.18477229601518028,0.17860531309297914,0.5040322580645161,0.5007115749525617,0.30953510436432635,0.27537950664136623,0.5040322580645161,0.3697224857685009
PRV57603,0,4,4,0,0.0,15970.0,15970.0,0.0,8,31940.0,0.5007115749525617,0.18477229601518028,0.17860531309297914,0.5040322580645161,0.5007115749525617,0.3088235294117647,0.27466793168880455,0.5040322580645161,0.3695445920303605
PRV54359,0,2,2,0,0.0,93300.0,93300.0,0.0,4,186600.0,0.5007115749525617,0.4172201138519924,0.40417457305502846,0.5040322580645161,0.5007115749525617,0.06451612903225806,0.05289373814041746,0.5040322580645161,0.3685365275142315
PRV52156,0,2,2,0,0.0,95300.0,95300.0,0.0,4,190600.0,0.5007115749525617,0.4172201138519924,0.40417457305502846,0.5040322580645161,0.5007115749525617,0.06309297912713473,0.05075901328273245,0.5040322580645161,0.36809179316888047
PRV51273,0,4,4,0,0.0,16500.0,16500.0,0.0,8,33000.0,0.5007115749525617,0.18477229601518028,0.17860531309297914,0.5040322580645161,0.5007115749525617,0.2990986717267552,0.26351992409867175,0.5040322580645161,0.36693548387096775
PRV57159,0,5,4,0,0.0,16500.0,13200.0,0.0,9,29700.0,0.5007115749525617,0.13994307400379508,0.17860531309297914,0.5040322580645161,0.5007115749525617,0.2990986717267552,0.3066888045540797,0.5040322580645161,0.36672794117647056
PRV51362,0,2,2,0,0.0,114000.0,114000.0,0.0,4,228000.0,0.5007115749525617,0.4172201138519924,0.40417457305502846,0.5040322580645161,0.5007115749525617,0.04981024667931689,0.04055977229601518,0.5040322580645161,0.3651565464895636
PRV52123,0,2,2,0,0.0,114000.0,114000.0,0.0,4,228000.0,0.5007115749525617,0.4172201138519924,0.40417457305502846,0.5040322580645161,0.5007115749525617,0.04981024667931689,0.04055977229601518,0.5040322580645161,0.3651565464895636
PRV52279,0,2,2,0,0.0,114000.0,114000.0,0.0,4,228000.0,0.5007115749525617,0.4172201138519924,0.40417457305502846,0.5040322580645161,0.5007115749525617,0.04981024667931689,0.04055977229601518,0.5040322580645161,0.3651565464895636
PRV55437,0,2,2,0,0.0,114000.0,114000.0,0.0,4,228000.0,0.5007115749525617,0.4172201138519924,0.40417457305502846,0.5040322580645161,0.5007115749525617,0.04981024667931689,0.04055977229601518,0.5040322580645161,0.3651565464895636
PRV55916,0,2,2,0,0.0,114000.0,114000.0,0.0,4,228000.0,0.5007115749525617,0.4172201138519924,0.40417457305502846,0.5040322580645161,0.5007115749525617,0.04981024667931689,0.04055977229601518,0.5040322580645161,0.3651565464895636
PRV57495,0,2,2,0,0.0,114000.0,114000.0,0.0,4,228000.0,0.5007115749525617,0.4172201138519924,0.40417457305502846,0.5040322580645161,0.5007115749525617,0.04981024667931689,0.04055977229601518,0.5040322580645161,0.3651565464895636
PRV52518,0,4,3,0,0.0,66900.0,9900.0,0.0,7,76800.0,0.5007115749525617,0.18477229601518028,0.25545540796963945,0.5040322580645161,0.5007115749525617,0.10009487666034156,0.36978178368121445,0.5040322580645161,0.3649490037950664
PRV55225,0,4,3,0,0.0,66900.0,9900.0,0.0,7,76800.0,0.5007115749525617,0.18477229601518028,0.25545540796963945,0.5040322580645161,0.5007115749525617,0.10009487666034156,0.36978178368121445,0.5040322580645161,0.3649490037950664
PRV55951,0,4,3,0,0.0,66900.0,9900.0,0.0,7,76800.0,0.5007115749525617,0.18477229601518028,0.25545540796963945,0.5040322580645161,0.5007115749525617,0.10009487666034156,0.36978178368121445,0.5040322580645161,0.3649490037950664
PRV51061,0,4,4,0,0.0,16600.0,16600.0,0.0,8,33200.0,0.5007115749525617,0.18477229601518028,0.17860531309297914,0.5040322580645161,0.5007115749525617,0.2898481973434535,0.2528462998102467,0.5040322580645161,0.3644449715370019
PRV51111,0,4,4,0,0.0,16910.0,16910.0,0.0,8,33820.0,0.5007115749525617,0.18477229601518028,0.17860531309297914,0.5040322580645161,0.5007115749525617,0.2879506641366224,0.2504743833017078,0.5040322580645161,0.3639112903225806
PRV56453,0,4,4,0,0.0,16930.0,16930.0,0.0,8,33860.0,0.5007115749525617,0.18477229601518028,0.17860531309297914,0.5040322580645161,0.5007115749525617,0.2874762808349146,0.25,0.5040322580645161,0.3637926944971537
PRV54683,0,4,4,0,0.0,17960.0,17960.0,0.0,8,35920.0,0.5007115749525617,0.18477229601518028,0.17860531309297914,0.5040322580645161,0.5007115749525617,0.2851043643263757,0.2476280834914611,0.5040322580645161,0.36319971537001894
PRV55438,0,4,4,0,0.0,18950.0,18950.0,0.0,8,37900.0,0.5007115749525617,0.18477229601518028,0.17860531309297914,0.5040322580645161,0.5007115749525617,0.2841555977229602,0.24667931688804554,0.5040322580645161,0.3629625237191651
PRV54330,0,4,4,0,0.0,19020.0,19020.0,0.0,8,38040.0,0.5007115749525617,0.18477229601518028,0.17860531309297914,0.5040322580645161,0.5007115749525617,0.2836812144212524,0.24620493358633777,0.5040322580645161,0.3628439278937381
PRV55435,0,2,2,0,0.0,134000.0,134000.0,0.0,4,268000.0,0.5007115749525617,0.4172201138519924,0.40417457305502846,0.5040322580645161,0.5007115749525617,0.030123339658444024,0.025853889943074002,0.5040322580645161,0.36085744781783685
PRV56134,0,2,2,0,0.0,134000.0,134000.0,0.0,4,268000.0,0.5007115749525617,0.4172201138519924,0.40417457305502846,0.5040322580645161,0.5007115749525617,0.030123339658444024,0.025853889943074002,0.5040322580645161,0.36085744781783685
PRV51259,0,2,2,0,0.0,141000.0,141000.0,0.0,4,282000.0,0.5007115749525617,0.4172201138519924,0.40417457305502846,0.5040322580645161,0.5007115749525617,0.027751423149905124,0.022058823529411766,0.5040322580645161,0.3600865749525617
PRV53932,0,4,3,0,0.0,67600.0,10600.0,0.0,7,78200.0,0.5007115749525617,0.18477229601518028,0.25545540796963945,0.5040322580645161,0.5007115749525617,0.09772296015180265,0.33040796963946867,0.5040322580645161,0.35973078747628084
PRV55445,0,4,4,0,0.0,20300.0,20300.0,0.0,8,40600.0,0.5007115749525617,0.18477229601518028,0.17860531309297914,0.5040322580645161,0.5007115749525617,0.269449715370019,0.2329222011385199,0.5040322580645161,0.3594046489563567
PRV55193,0,2,2,0,0.0,159000.0,159000.0,0.0,4,318000.0,0.5007115749525617,0.4172201138519924,0.40417457305502846,0.5040322580645161,0.5007115749525617,0.022770398481973434,0.018026565464895637,0.5040322580645161,0.35895991461100574
PRV54657,0,2,2,0,0.0,161000.0,161000.0,0.0,4,322000.0,0.5007115749525617,0.4172201138519924,0.40417457305502846,0.5040322580645161,0.5007115749525617,0.022296015180265655,0.017552182163187855,0.5040322580645161,0.3588413187855788
PRV52420,0,4,4,0,0.0,20980.0,20980.0,0.0,8,41960.0,0.5007115749525617,0.18477229601518028,0.17860531309297914,0.5040322580645161,0.5007115749525617,0.2666034155597723,0.23007590132827324,0.5040322580645161,0.3586930740037951
PRV55177,0,4,4,0,0.0,21200.0,21200.0,0.0,8,42400.0,0.5007115749525617,0.18477229601518028,0.17860531309297914,0.5040322580645161,0.5007115749525617,0.2661290322580645,0.22960151802656548,0.5040322580645161,0.3585744781783681
PRV53002,0,5,4,0,0.0,19950.0,16650.0,0.0,9,36600.0,0.5007115749525617,0.13994307400379508,0.17860531309297914,0.5040322580645161,0.5007115749525617,0.26992409867172673,0.2523719165085389,0.5040322580645161,0.3562915085388994
PRV51119,0,2,2,0,0.0,213580.0,213580.0,0.0,4,427160.0,0.5007115749525617,0.4172201138519924,0.40417457305502846,0.5040322580645161,0.5007115749525617,0.010910815939278937,0.008064516129032258,0.5040322580645161,0.356232210626186
PRV51204,0,5,5,0,0.0,16500.0,16500.0,0.0,10,33000.0,0.5007115749525617,0.13994307400379508,0.13543643263757116,0.5040322580645161,0.5007115749525617,0.2990986717267552,0.26351992409867175,0.5040322580645161,0.3559357210626186
PRV51386,0,5,5,0,0.0,16500.0,16500.0,0.0,10,33000.0,0.5007115749525617,0.13994307400379508,0.13543643263757116,0.5040322580645161,0.5007115749525617,0.2990986717267552,0.26351992409867175,0.5040322580645161,0.3559357210626186
PRV51499,0,5,5,0,0.0,16500.0,16500.0,0.0,10,33000.0,0.5007115749525617,0.13994307400379508,0.13543643263757116,0.5040322580645161,0.5007115749525617,0.2990986717267552,0.26351992409867175,0.5040322580645161,0.3559357210626186
PRV52109,0,5,5,0,0.0,16500.0,16500.0,0.0,10,33000.0,0.5007115749525617,0.13994307400379508,0.13543643263757116,0.5040322580645161,0.5007115749525617,0.2990986717267552,0.26351992409867175,0.5040322580645161,0.3559357210626186
PRV52133,0,5,5,0,0.0,16500.0,16500.0,0.0,10,33000.0,0.5007115749525617,0.13994307400379508,0.13543643263757116,0.5040322580645161,0.5007115749525617,0.2990986717267552,0.26351992409867175,0.5040322580645161,0.3559357210626186
PRV52343,0,5,5,0,0.0,16500.0,16500.0,0.0,10,33000.0,0.5007115749525617,0.13994307400379508,0.13543643263757116,0.5040322580645161,0.5007115749525617,0.2990986717267552,0.26351992409867175,0.5040322580645161,0.3559357210626186
PRV52559,0,5,5,0,0.0,16500.0,16500.0,0.0,10,33000.0,0.5007115749525617,0.13994307400379508,0.13543643263757116,0.5040322580645161,0.5007115749525617,0.2990986717267552,0.26351992409867175,0.5040322580645161,0.3559357210626186
PRV52980,0,5,5,0,0.0,16500.0,16500.0,0.0,10,33000.0,0.5007115749525617,0.13994307400379508,0.13543643263757116,0.5040322580645161,0.5007115749525617,0.2990986717267552,0.26351992409867175,0.5040322580645161,0.3559357210626186
PRV53096,0,5,5,0,0.0,16500.0,16500.0,0.0,10,33000.0,0.5007115749525617,0.13994307400379508,0.13543643263757116,0.5040322580645161,0.5007115749525617,0.2990986717267552,0.26351992409867175,0.5040322580645161,0.3559357210626186
PRV53352,0,5,5,0,0.0,16500.0,16500.0,0.0,10,33000.0,0.5007115749525617,0.13994307400379508,0.13543643263757116,0.5040322580645161,0.5007115749525617,0.2990986717267552,0.26351992409867175,0.5040322580645161,0.3559357210626186
PRV53686,0,5,5,0,0.0,16500.0,16500.0,0.0,10,33000.0,0.5007115749525617,0.13994307400379508,0.13543643263757116,0.5040322580645161,0.5007115749525617,0.2990986717267552,0.26351992409867175,0.5040322580645161,0.3559357210626186
PRV53700,0,5,5,0,0.0,16500.0,16500.0,0.0,10,33000.0,0.5007115749525617,0.13994307400379508,0.13543643263757116,0.5040322580645161,0.5007115749525617,0.2990986717267552,0.26351992409867175,0.5040322580645161,0.3559357210626186
PRV53799,0,5,5,0,0.0,16500.0,16500.0,0.0,10,33000.0,0.5007115749525617,0.13994307400379508,0.13543643263757116,0.5040322580645161,0.5007115749525617,0.2990986717267552,0.26351992409867175,0.5040322580645161,0.3559357210626186
PRV53900,0,5,5,0,0.0,16500.0,16500.0,0.0,10,33000.0,0.5007115749525617,0.13994307400379508,0.13543643263757116,0.5040322580645161,0.5007115749525617,0.2990986717267552,0.26351992409867175,0.5040322580645161,0.3559357210626186
PRV54228,0,5,5,0,0.0,16500.0,16500.0,0.0,10,33000.0,0.5007115749525617,0.13994307400379508,0.13543643263757116,0.5040322580645161,0.5007115749525617,0.2990986717267552,0.26351992409867175,0.5040322580645161,0.3559357210626186
PRV54336,0,5,5,0,0.0,16500.0,16500.0,0.0,10,33000.0,0.5007115749525617,0.13994307400379508,0.13543643263757116,0.5040322580645161,0.5007115749525617,0.2990986717267552,0.26351992409867175,0.5040322580645161,0.3559357210626186
PRV55235,0,5,5,0,0.0,16500.0,16500.0,0.0,10,33000.0,0.5007115749525617,0.13994307400379508,0.13543643263757116,0.5040322580645161,0.5007115749525617,0.2990986717267552,0.26351992409867175,0.5040322580645161,0.3559357210626186
PRV55470,0,5,5,0,0.0,16500.0,16500.0,0.0,10,33000.0,0.5007115749525617,0.13994307400379508,0.13543643263757116,0.5040322580645161,0.5007115749525617,0.2990986717267552,0.26351992409867175,0.5040322580645161,0.3559357210626186
PRV55518,0,5,5,0,0.0,16500.0,16500.0,0.0,10,33000.0,0.5007115749525617,0.13994307400379508,0.13543643263757116,0.5040322580645161,0.5007115749525617,0.2990986717267552,0.26351992409867175,0.5040322580645161,0.3559357210626186
PRV55654,0,5,5,0,0.0,16500.0,16500.0,0.0,10,33000.0,0.5007115749525617,0.13994307400379508,0.13543643263757116,0.5040322580645161,0.5007115749525617,0.2990986717267552,0.26351992409867175,0.5040322580645161,0.3559357210626186
PRV55737,0,5,5,0,0.0,16500.0,16500.0,0.0,10,33000.0,0.5007115749525617,0.13994307400379508,0.13543643263757116,0.5040322580645161,0.5007115749525617,0.2990986717267552,0.26351992409867175,0.5040322580645161,0.3559357210626186
PRV55892,0,5,5,0,0.0,16500.0,16500.0,0.0,10,33000.0,0.5007115749525617,0.13994307400379508,0.13543643263757116,0.5040322580645161,0.5007115749525617,0.2990986717267552,0.26351992409867175,0.5040322580645161,0.3559357210626186
PRV55910,0,5,5,0,0.0,16500.0,16500.0,0.0,10,33000.0,0.5007115749525617,0.13994307400379508,0.13543643263757116,0.5040322580645161,0.5007115749525617,0.2990986717267552,0.26351992409867175,0.5040322580645161,0.3559357210626186
PRV55931,0,5,5,0,0.0,16500.0,16500.0,0.0,10,33000.0,0.5007115749525617,0.13994307400379508,0.13543643263757116,0.5040322580645161,0.5007115749525617,0.2990986717267552,0.26351992409867175,0.5040322580645161,0.3559357210626186
PRV55984,0,5,5,0,0.0,16500.0,16500.0,0.0,10,33000.0,0.5007115749525617,0.13994307400379508,0.13543643263757116,0.5040322580645161,0.5007115749525617,0.2990986717267552,0.26351992409867175,0.5040322580645161,0.3559357210626186
PRV56425,0,5,5,0,0.0,16500.0,16500.0,0.0,10,33000.0,0.5007115749525617,0.13994307400379508,0.13543643263757116,0.5040322580645161,0.5007115749525617,0.2990986717267552,0.26351992409867175,0.5040322580645161,0.3559357210626186
PRV56426,0,5,5,0,0.0,16500.0,16500.0,0.0,10,33000.0,0.5007115749525617,0.13994307400379508,0.13543643263757116,0.5040322580645161,0.5007115749525617,0.2990986717267552,0.26351992409867175,0.5040322580645161,0.3559357210626186
PRV56494,0,5,5,0,0.0,16500.0,16500.0,0.0,10,33000.0,0.5007115749525617,0.13994307400379508,0.13543643263757116,0.5040322580645161,0.5007115749525617,0.2990986717267552,0.26351992409867175,0.5040322580645161,0.3559357210626186
PRV56598,0,5,5,0,0.0,16500.0,16500.0,0.0,10,33000.0,0.5007115749525617,0.13994307400379508,0.13543643263757116,0.5040322580645161,0.5007115749525617,0.2990986717267552,0.26351992409867175,0.5040322580645161,0.3559357210626186
PRV56613,0,5,5,0,0.0,16500.0,16500.0,0.0,10,33000.0,0.5007115749525617,0.13994307400379508,0.13543643263757116,0.5040322580645161,0.5007115749525617,0.2990986717267552,0.26351992409867175,0.5040322580645161,0.3559357210626186
PRV56735,0,5,5,0,0.0,16500.0,16500.0,0.0,10,33000.0,0.5007115749525617,0.13994307400379508,0.13543643263757116,0.5040322580645161,0.5007115749525617,0.2990986717267552,0.26351992409867175,0.5040322580645161,0.3559357210626186
PRV57193,0,5,5,0,0.0,16500.0,16500.0,0.0,10,33000.0,0.5007115749525617,0.13994307400379508,0.13543643263757116,0.5040322580645161,0.5007115749525617,0.2990986717267552,0.26351992409867175,0.5040322580645161,0.3559357210626186
PRV57313,0,5,5,0,0.0,16500.0,16500.0,0.0,10,33000.0,0.5007115749525617,0.13994307400379508,0.13543643263757116,0.5040322580645161,0.5007115749525617,0.2990986717267552,0.26351992409867175,0.5040322580645161,0.3559357210626186
PRV57346,0,5,5,0,0.0,16500.0,16500.0,0.0,10,33000.0,0.5007115749525617,0.13994307400379508,0.13543643263757116,0.5040322580645161,0.5007115749525617,0.2990986717267552,0.26351992409867175,0.5040322580645161,0.3559357210626186
PRV54739,0,3,2,0,0.0,117300.0,60300.0,0.0,5,177600.0,0.5007115749525617,0.2637571157495256,0.40417457305502846,0.5040322580645161,0.5007115749525617,0.04364326375711575,0.11029411764705882,0.5040322580645161,0.35391959203036044
PRV53887,0,5,5,0,0.0,16570.0,16570.0,0.0,10,33140.0,0.5007115749525617,0.13994307400379508,0.13543643263757116,0.5040322580645161,0.5007115749525617,0.2903225806451613,0.25332068311195444,0.5040322580645161,0.3535638045540797
PRV55463,0,5,5,0,0.0,16700.0,16700.0,0.0,10,33400.0,0.5007115749525617,0.13994307400379508,0.13543643263757116,0.5040322580645161,0.5007115749525617,0.28913662239089183,0.2516603415559772,0.5040322580645161,0.35320801707779886
PRV57674,0,5,5,0,0.0,16700.0,16700.0,0.0,10,33400.0,0.5007115749525617,0.13994307400379508,0.13543643263757116,0.5040322580645161,0.5007115749525617,0.28913662239089183,0.2516603415559772,0.5040322580645161,0.35320801707779886
PRV53283,0,5,5,0,0.0,17400.0,17400.0,0.0,10,34800.0,0.5007115749525617,0.13994307400379508,0.13543643263757116,0.5040322580645161,0.5007115749525617,0.2870018975332068,0.2495256166982922,0.5040322580645161,0.3526743358633776
PRV51622,0,4,4,0,0.0,27000.0,27000.0,0.0,8,54000.0,0.5007115749525617,0.18477229601518028,0.17860531309297914,0.5040322580645161,0.5007115749525617,0.24003795066413663,0.2054079696394687,0.5040322580645161,0.35228889943074004
PRV53121,0,5,5,0,0.0,18400.0,18400.0,0.0,10,36800.0,0.5007115749525617,0.13994307400379508,0.13543643263757116,0.5040322580645161,0.5007115749525617,0.2846299810246679,0.24715370018975333,0.5040322580645161,0.35208135673624286
PRV51634,0,4,4,0,0.0,27200.0,27200.0,0.0,8,54400.0,0.5007115749525617,0.18477229601518028,0.17860531309297914,0.5040322580645161,0.5007115749525617,0.23908918406072105,0.20445920303605314,0.5040322580645161,0.35205170777988615
PRV52063,0,5,5,0,0.0,19220.0,19220.0,0.0,10,38440.0,0.5007115749525617,0.13994307400379508,0.13543643263757116,0.5040322580645161,0.5007115749525617,0.2832068311195446,0.24573055028462998,0.5040322580645161,0.35172556925996207
PRV51281,0,5,5,0,0.0,19320.0,19320.0,0.0,10,38640.0,0.5007115749525617,0.13994307400379508,0.13543643263757116,0.5040322580645161,0.5007115749525617,0.28225806451612906,0.24478178368121442,0.5040322580645161,0.35148837760910817
PRV54258,0,3,2,0,0.0,121000.0,64000.0,0.0,5,185000.0,0.5007115749525617,0.2637571157495256,0.40417457305502846,0.5040322580645161,0.5007115749525617,0.03937381404174573,0.09131878557874763,0.5040322580645161,0.3510139943074003
PRV51062,0,6,5,0,0.0,19800.0,16500.0,0.0,11,36300.0,0.5007115749525617,0.10934535104364326,0.13543643263757116,0.5040322580645161,0.5007115749525617,0.27609108159392787,0.26351992409867175,0.5040322580645161,0.3492350569259962
PRV51488,0,6,5,0,0.0,19800.0,16500.0,0.0,11,36300.0,0.5007115749525617,0.10934535104364326,0.13543643263757116,0.5040322580645161,0.5007115749525617,0.27609108159392787,0.26351992409867175,0.5040322580645161,0.3492350569259962
PRV53443,0,6,5,0,0.0,19800.0,16500.0,0.0,11,36300.0,0.5007115749525617,0.10934535104364326,0.13543643263757116,0.5040322580645161,0.5007115749525617,0.27609108159392787,0.26351992409867175,0.5040322580645161,0.3492350569259962
PRV55997,0,6,5,0,0.0,19800.0,16500.0,0.0,11,36300.0,0.5007115749525617,0.10934535104364326,0.13543643263757116,0.5040322580645161,0.5007115749525617,0.27609108159392787,0.26351992409867175,0.5040322580645161,0.3492350569259962
PRV52335,0,5,5,0,0.0,19900.0,19900.0,0.0,10,39800.0,0.5007115749525617,0.13994307400379508,0.13543643263757116,0.5040322580645161,0.5007115749525617,0.2703984819734345,0.23387096774193547,0.5040322580645161,0.34864207779886147
PRV54949,0,5,5,0,0.0,21400.0,21400.0,0.0,10,42800.0,0.5007115749525617,0.13994307400379508,0.13543643263757116,0.5040322580645161,0.5007115749525617,0.2656546489563567,0.22912713472485768,0.5040322580645161,0.34745611954459205
PRV53920,0,5,5,0,0.0,22300.0,22300.0,0.0,10,44600.0,0.5007115749525617,0.13994307400379508,0.13543643263757116,0.5040322580645161,0.5007115749525617,0.2642314990512334,0.22770398481973433,0.5040322580645161,0.3471003320683112
PRV51274,0,1,1,1,0.0,59000.0,59000.0,59000.0,3,177000.0,0.5007115749525617,0.7590132827324478,0.7374288425047438,0.004032258064516129,0.5007115749525617,0.1420777988614801,0.1178842504743833,0.003795066413662239,0.3457068311195446
PRV55264,0,6,5,0,0.0,26580.0,16500.0,0.0,11,43080.0,0.5007115749525617,0.10934535104364326,0.13543643263757116,0.5040322580645161,0.5007115749525617,0.24146110056925996,0.26351992409867175,0.5040322580645161,0.3449063092979127
PRV55834,0,5,5,0,0.0,24250.0,24250.0,0.0,10,48500.0,0.5007115749525617,0.13994307400379508,0.13543643263757116,0.5040322580645161,0.5007115749525617,0.25,0.2144212523719165,0.5040322580645161,0.3436610531309298
PRV52367,0,5,5,0,0.0,24300.0,24300.0,0.0,10,48600.0,0.5007115749525617,0.13994307400379508,0.13543643263757116,0.5040322580645161,0.5007115749525617,0.24928842504743834,0.21370967741935484,0.5040322580645161,0.3434831593927894
PRV52299,0,5,5,0,0.0,24400.0,24400.0,0.0,10,48800.0,0.5007115749525617,0.13994307400379508,0.13543643263757116,0.5040322580645161,0.5007115749525617,0.24857685009487665,0.21299810246679318,0.5040322580645161,0.343305265654649
PRV55869,0,5,5,0,0.0,25060.0,25060.0,0.0,10,50120.0,0.5007115749525617,0.13994307400379508,0.13543643263757116,0.5040322580645161,0.5007115749525617,0.2476280834914611,0.2120493358633776,0.5040322580645161,0.3430680740037951
PRV52032,0,6,6,0,0.0,19800.0,19800.0,0.0,12,39600.0,0.5007115749525617,0.10934535104364326,0.10555028462998102,0.5040322580645161,0.5007115749525617,0.27609108159392787,0.23908918406072105,0.5040322580645161,0.3424454459203036
PRV52323,0,6,6,0,0.0,19800.0,19800.0,0.0,12,39600.0,0.5007115749525617,0.10934535104364326,0.10555028462998102,0.5040322580645161,0.5007115749525617,0.27609108159392787,0.23908918406072105,0.5040322580645161,0.3424454459203036
PRV52558,0,6,6,0,0.0,19800.0,19800.0,0.0,12,39600.0,0.5007115749525617,0.10934535104364326,0.10555028462998102,0.5040322580645161,0.5007115749525617,0.27609108159392787,0.23908918406072105,0.5040322580645161,0.3424454459203036
PRV52690,0,6,6,0,0.0,19800.0,19800.0,0.0,12,39600.0,0.5007115749525617,0.10934535104364326,0.10555028462998102,0.5040322580645161,0.5007115749525617,0.27609108159392787,0.23908918406072105,0.5040322580645161,0.3424454459203036
PRV52827,0,6,6,0,0.0,19800.0,19800.0,0.0,12,39600.0,0.5007115749525617,0.10934535104364326,0.10555028462998102,0.5040322580645161,0.5007115749525617,0.27609108159392787,0.23908918406072105,0.5040322580645161,0.3424454459203036
PRV53244,0,6,6,0,0.0,19800.0,19800.0,0.0,12,39600.0,0.5007115749525617,0.10934535104364326,0.10555028462998102,0.5040322580645161,0.5007115749525617,0.27609108159392787,0.23908918406072105,0.5040322580645161,0.3424454459203036
PRV53374,0,6,6,0,0.0,19800.0,19800.0,0.0,12,39600.0,0.5007115749525617,0.10934535104364326,0.10555028462998102,0.5040322580645161,0.5007115749525617,0.27609108159392787,0.23908918406072105,0.5040322580645161,0.3424454459203036
PRV53960,0,6,6,0,0.0,19800.0,19800.0,0.0,12,39600.0,0.5007115749525617,0.10934535104364326,0.10555028462998102,0.5040322580645161,0.5007115749525617,0.27609108159392787,0.23908918406072105,0.5040322580645161,0.3424454459203036
PRV54690,0,6,6,0,0.0,19800.0,19800.0,0.0,12,39600.0,0.5007115749525617,0.10934535104364326,0.10555028462998102,0.5040322580645161,0.5007115749525617,0.27609108159392787,0.23908918406072105,0.5040322580645161,0.3424454459203036
PRV55029,0,6,6,0,0.0,19800.0,19800.0,0.0,12,39600.0,0.5007115749525617,0.10934535104364326,0.10555028462998102,0.5040322580645161,0.5007115749525617,0.27609108159392787,0.23908918406072105,0.5040322580645161,0.3424454459203036
PRV55192,0,6,6,0,0.0,19800.0,19800.0,0.0,12,39600.0,0.5007115749525617,0.10934535104364326,0.10555028462998102,0.5040322580645161,0.5007115749525617,0.27609108159392787,0.23908918406072105,0.5040322580645161,0.3424454459203036
PRV55313,0,6,6,0,0.0,19800.0,19800.0,0.0,12,39600.0,0.5007115749525617,0.10934535104364326,0.10555028462998102,0.5040322580645161,0.5007115749525617,0.27609108159392787,0.23908918406072105,0.5040322580645161,0.3424454459203036
PRV55548,0,6,6,0,0.0,19800.0,19800.0,0.0,12,39600.0,0.5007115749525617,0.10934535104364326,0.10555028462998102,0.5040322580645161,0.5007115749525617,0.27609108159392787,0.23908918406072105,0.5040322580645161,0.3424454459203036
PRV55893,0,6,6,0,0.0,19800.0,19800.0,0.0,12,39600.0,0.5007115749525617,0.10934535104364326,0.10555028462998102,0.5040322580645161,0.5007115749525617,0.27609108159392787,0.23908918406072105,0.5040322580645161,0.3424454459203036
PRV55974,0,6,6,0,0.0,19800.0,19800.0,0.0,12,39600.0,0.5007115749525617,0.10934535104364326,0.10555028462998102,0.5040322580645161,0.5007115749525617,0.27609108159392787,0.23908918406072105,0.5040322580645161,0.3424454459203036
PRV56019,0,6,6,0,0.0,19800.0,19800.0,0.0,12,39600.0,0.5007115749525617,0.10934535104364326,0.10555028462998102,0.5040322580645161,0.5007115749525617,0.27609108159392787,0.23908918406072105,0.5040322580645161,0.3424454459203036
PRV56030,0,6,6,0,0.0,19800.0,19800.0,0.0,12,39600.0,0.5007115749525617,0.10934535104364326,0.10555028462998102,0.5040322580645161,0.5007115749525617,0.27609108159392787,0.23908918406072105,0.5040322580645161,0.3424454459203036
PRV56602,0,6,6,0,0.0,19800.0,19800.0,0.0,12,39600.0,0.5007115749525617,0.10934535104364326,0.10555028462998102,0.5040322580645161,0.5007115749525617,0.27609108159392787,0.23908918406072105,0.5040322580645161,0.3424454459203036
PRV57412,0,6,6,0,0.0,19800.0,19800.0,0.0,12,39600.0,0.5007115749525617,0.10934535104364326,0.10555028462998102,0.5040322580645161,0.5007115749525617,0.27609108159392787,0.23908918406072105,0.5040322580645161,0.3424454459203036
PRV51021,0,3,3,0,0.0,63600.0,63600.0,0.0,6,127200.0,0.5007115749525617,0.2637571157495256,0.25545540796963945,0.5040322580645161,0.5007115749525617,0.11219165085388995,0.09629981024667932,0.5040322580645161,0.3421489563567362
PRV51030,0,3,3,0,0.0,63600.0,63600.0,0.0,6,127200.0,0.5007115749525617,0.2637571157495256,0.25545540796963945,0.5040322580645161,0.5007115749525617,0.11219165085388995,0.09629981024667932,0.5040322580645161,0.3421489563567362
PRV51086,0,3,3,0,0.0,63600.0,63600.0,0.0,6,127200.0,0.5007115749525617,0.2637571157495256,0.25545540796963945,0.5040322580645161,0.5007115749525617,0.11219165085388995,0.09629981024667932,0.5040322580645161,0.3421489563567362
PRV52002,0,3,3,0,0.0,63600.0,63600.0,0.0,6,127200.0,0.5007115749525617,0.2637571157495256,0.25545540796963945,0.5040322580645161,0.5007115749525617,0.11219165085388995,0.09629981024667932,0.5040322580645161,0.3421489563567362
PRV52003,0,3,3,0,0.0,63600.0,63600.0,0.0,6,127200.0,0.5007115749525617,0.2637571157495256,0.25545540796963945,0.5040322580645161,0.5007115749525617,0.11219165085388995,0.09629981024667932,0.5040322580645161,0.3421489563567362
PRV52147,0,3,3,0,0.0,63600.0,63600.0,0.0,6,127200.0,0.5007115749525617,0.2637571157495256,0.25545540796963945,0.5040322580645161,0.5007115749525617,0.11219165085388995,0.09629981024667932,0.5040322580645161,0.3421489563567362
PRV52150,0,3,3,0,0.0,63600.0,63600.0,0.0,6,127200.0,0.5007115749525617,0.2637571157495256,0.25545540796963945,0.5040322580645161,0.5007115749525617,0.11219165085388995,0.09629981024667932,0.5040322580645161,0.3421489563567362
PRV52502,0,3,3,0,0.0,63600.0,63600.0,0.0,6,127200.0,0.5007115749525617,0.2637571157495256,0.25545540796963945,0.5040322580645161,0.5007115749525617,0.11219165085388995,0.09629981024667932,0.5040322580645161,0.3421489563567362
PRV52617,0,3,3,0,0.0,63600.0,63600.0,0.0,6,127200.0,0.5007115749525617,0.2637571157495256,0.25545540796963945,0.5040322580645161,0.5007115749525617,0.11219165085388995,0.09629981024667932,0.5040322580645161,0.3421489563567362
PRV52896,0,3,3,0,0.0,63600.0,63600.0,0.0,6,127200.0,0.5007115749525617,0.2637571157495256,0.25545540796963945,0.5040322580645161,0.5007115749525617,0.11219165085388995,0.09629981024667932,0.5040322580645161,0.3421489563567362
PRV54327,0,3,3,0,0.0,63600.0,63600.0,0.0,6,127200.0,0.5007115749525617,0.2637571157495256,0.25545540796963945,0.5040322580645161,0.5007115749525617,0.11219165085388995,0.09629981024667932,0.5040322580645161,0.3421489563567362
PRV54644,0,3,3,0,0.0,63600.0,63600.0,0.0,6,127200.0,0.5007115749525617,0.2637571157495256,0.25545540796963945,0.5040322580645161,0.5007115749525617,0.11219165085388995,0.09629981024667932,0.5040322580645161,0.3421489563567362
PRV55030,0,3,3,0,0.0,63600.0,63600.0,0.0,6,127200.0,0.5007115749525617,0.2637571157495256,0.25545540796963945,0.5040322580645161,0.5007115749525617,0.11219165085388995,0.09629981024667932,0.5040322580645161,0.3421489563567362
PRV55236,0,3,3,0,0.0,63600.0,63600.0,0.0,6,127200.0,0.5007115749525617,0.2637571157495256,0.25545540796963945,0.5040322580645161,0.5007115749525617,0.11219165085388995,0.09629981024667932,0.5040322580645161,0.3421489563567362
PRV55250,0,3,3,0,0.0,63600.0,63600.0,0.0,6,127200.0,0.5007115749525617,0.2637571157495256,0.25545540796963945,0.5040322580645161,0.5007115749525617,0.11219165085388995,0.09629981024667932,0.5040322580645161,0.3421489563567362
PRV56889,0,3,3,0,0.0,63600.0,63600.0,0.0,6,127200.0,0.5007115749525617,0.2637571157495256,0.25545540796963945,0.5040322580645161,0.5007115749525617,0.11219165085388995,0.09629981024667932,0.5040322580645161,0.3421489563567362
PRV57129,0,3,3,0,0.0,63600.0,63600.0,0.0,6,127200.0,0.5007115749525617,0.2637571157495256,0.25545540796963945,0.5040322580645161,0.5007115749525617,0.11219165085388995,0.09629981024667932,0.5040322580645161,0.3421489563567362
PRV57527,0,3,3,0,0.0,63600.0,63600.0,0.0,6,127200.0,0.5007115749525617,0.2637571157495256,0.25545540796963945,0.5040322580645161,0.5007115749525617,0.11219165085388995,0.09629981024667932,0.5040322580645161,0.3421489563567362
PRV57166,0,5,5,0,0.0,26600.0,26600.0,0.0,10,53200.0,0.5007115749525617,0.13994307400379508,0.13543643263757116,0.5040322580645161,0.5007115749525617,0.2409867172675522,0.20635673624288425,0.5040322580645161,0.3415263282732448
PRV57218,0,5,5,0,0.0,27210.0,27210.0,0.0,10,54420.0,0.5007115749525617,0.13994307400379508,0.13543643263757116,0.5040322580645161,0.5007115749525617,0.23861480075901328,0.20398481973434535,0.5040322580645161,0.34093334914611007
PRV52645,0,5,5,0,0.0,27260.0,27260.0,0.0,10,54520.0,0.5007115749525617,0.13994307400379508,0.13543643263757116,0.5040322580645161,0.5007115749525617,0.2381404174573055,0.20351043643263758,0.5040322580645161,0.3408147533206831
PRV51539,0,5,4,0,0.0,70200.0,13200.0,0.0,9,83400.0,0.5007115749525617,0.13994307400379508,0.17860531309297914,0.5040322580645161,0.5007115749525617,0.09060721062618596,0.3066888045540797,0.5040322580645161,0.3406665085388994
PRV52303,0,5,4,0,0.0,70200.0,13200.0,0.0,9,83400.0,0.5007115749525617,0.13994307400379508,0.17860531309297914,0.5040322580645161,0.5007115749525617,0.09060721062618596,0.3066888045540797,0.5040322580645161,0.3406665085388994
PRV57341,0,5,4,0,0.0,70200.0,13200.0,0.0,9,83400.0,0.5007115749525617,0.13994307400379508,0.17860531309297914,0.5040322580645161,0.5007115749525617,0.09060721062618596,0.3066888045540797,0.5040322580645161,0.3406665085388994
PRV54382,0,3,3,0,0.0,64400.0,64400.0,0.0,6,128800.0,0.5007115749525617,0.2637571157495256,0.25545540796963945,0.5040322580645161,0.5007115749525617,0.10531309297912714,0.09060721062618596,0.5040322580645161,0.3405775616698292
PRV53697,0,3,2,0,0.0,186000.0,129000.0,0.0,5,315000.0,0.5007115749525617,0.2637571157495256,0.40417457305502846,0.5040322580645161,0.5007115749525617,0.016603415559772294,0.029411764705882353,0.5040322580645161,0.34042931688804545
PRV57125,0,6,6,0,0.0,20900.0,20900.0,0.0,12,41800.0,0.5007115749525617,0.10934535104364326,0.10555028462998102,0.5040322580645161,0.5007115749525617,0.2675521821631879,0.2310246679316888,0.5040322580645161,0.3403700189753321
PRV51388,0,3,3,0,0.0,65600.0,65600.0,0.0,6,131200.0,0.5007115749525617,0.2637571157495256,0.25545540796963945,0.5040322580645161,0.5007115749525617,0.1038899430740038,0.09013282732447818,0.5040322580645161,0.3403403700189753
PRV55489,0,6,6,0,0.0,21520.0,21520.0,0.0,12,43040.0,0.5007115749525617,0.10934535104364326,0.10555028462998102,0.5040322580645161,0.5007115749525617,0.265180265654649,0.2286527514231499,0.5040322580645161,0.33977703984819735
PRV56243,0,6,6,0,0.0,21570.0,21570.0,0.0,12,43140.0,0.5007115749525617,0.10934535104364326,0.10555028462998102,0.5040322580645161,0.5007115749525617,0.2647058823529412,0.22817836812144213,0.5040322580645161,0.3396584440227704
PRV51471,0,3,2,0,0.0,195000.0,138000.0,0.0,5,333000.0,0.5007115749525617,0.2637571157495256,0.40417457305502846,0.5040322580645161,0.5007115749525617,0.014231499051233396,0.024193548387096774,0.5040322580645161,0.3394805502846299
PRV54978,0,6,6,0,0.0,22400.0,22400.0,0.0,12,44800.0,0.5007115749525617,0.10934535104364326,0.10555028462998102,0.5040322580645161,0.5007115749525617,0.2637571157495256,0.22722960151802657,0.5040322580645161,0.3394212523719165
PRV52590,0,3,2,0,0.0,203000.0,146000.0,0.0,5,349000.0,0.5007115749525617,0.2637571157495256,0.40417457305502846,0.5040322580645161,0.5007115749525617,0.013282732447817837,0.019924098671726755,0.5040322580645161,0.3388282732447817
PRV52307,0,3,3,0,0.0,69700.0,69700.0,0.0,6,139400.0,0.5007115749525617,0.2637571157495256,0.25545540796963945,0.5040322580645161,0.5007115749525617,0.0944022770398482,0.08206831119544591,0.5040322580645161,0.3381463472485768
PRV52151,0,1,1,1,0.0,64000.0,64000.0,64000.0,3,192000.0,0.5007115749525617,0.7590132827324478,0.7374288425047438,0.004032258064516129,0.5007115749525617,0.10578747628083492,0.09131878557874763,0.0028462998102466793,0.3377312618595826
PRV54092,0,7,6,0,0.0,23100.0,19800.0,0.0,13,42900.0,0.5007115749525617,0.0872865275142315,0.10555028462998102,0.5040322580645161,0.5007115749525617,0.25877609108159394,0.23908918406072105,0.5040322580645161,0.3375237191650854
PRV55185,0,7,6,0,0.0,23100.0,19800.0,0.0,13,42900.0,0.5007115749525617,0.0872865275142315,0.10555028462998102,0.5040322580645161,0.5007115749525617,0.25877609108159394,0.23908918406072105,0.5040322580645161,0.3375237191650854
PRV51176,0,6,6,0,0.0,24000.0,24000.0,0.0,12,48000.0,0.5007115749525617,0.10934535104364326,0.10555028462998102,0.5040322580645161,0.5007115749525617,0.2509487666034156,0.21537001897533206,0.5040322580645161,0.33633776091081596
PRV57672,0,7,6,0,0.0,23500.0,20200.0,0.0,13,43700.0,0.5007115749525617,0.0872865275142315,0.10555028462998102,0.5040322580645161,0.5007115749525617,0.2528462998102467,0.2333965844402277,0.5040322580645161,0.3360709203036053
PRV55000,0,6,6,0,0.0,24800.0,24800.0,0.0,12,49600.0,0.5007115749525617,0.10934535104364326,0.10555028462998102,0.5040322580645161,0.5007115749525617,0.24810246679316889,0.2125237191650854,0.5040322580645161,0.3356261859582543
PRV52065,0,3,3,0,0.0,75600.0,75600.0,0.0,6,151200.0,0.5007115749525617,0.2637571157495256,0.25545540796963945,0.5040322580645161,0.5007115749525617,0.0825426944971537,0.07115749525616698,0.5040322580645161,0.33530004743833014
PRV56568,0,6,6,0,0.0,25550.0,25550.0,0.0,12,51100.0,0.5007115749525617,0.10934535104364326,0.10555028462998102,0.5040322580645161,0.5007115749525617,0.24667931688804554,0.21110056925996204,0.5040322580645161,0.33527039848197343
PRV53933,0,6,6,0,0.0,25600.0,25600.0,0.0,12,51200.0,0.5007115749525617,0.10934535104364326,0.10555028462998102,0.5040322580645161,0.5007115749525617,0.24596774193548387,0.21038899430740038,0.5040322580645161,0.335092504743833
PRV56743,0,6,6,0,0.0,25600.0,25600.0,0.0,12,51200.0,0.5007115749525617,0.10934535104364326,0.10555028462998102,0.5040322580645161,0.5007115749525617,0.24596774193548387,0.21038899430740038,0.5040322580645161,0.335092504743833
PRV55229,0,3,3,0,0.0,77500.0,77500.0,0.0,6,155000.0,0.5007115749525617,0.2637571157495256,0.25545540796963945,0.5040322580645161,0.5007115749525617,0.07945920303605312,0.06807400379506641,0.5040322580645161,0.334529174573055
PRV55937,0,6,6,0,0.0,26900.0,26900.0,0.0,12,53800.0,0.5007115749525617,0.10934535104364326,0.10555028462998102,0.5040322580645161,0.5007115749525617,0.2405123339658444,0.20588235294117646,0.5040322580645161,0.3338472485768501
PRV53033,0,1,1,1,0.0,73000.0,73000.0,73000.0,3,219000.0,0.5007115749525617,0.7590132827324478,0.7374288425047438,0.004032258064516129,0.5007115749525617,0.08633776091081594,0.07400379506641366,0.0021347248576850096,0.33304672675521824
PRV51037,0,7,7,0,0.0,23100.0,23100.0,0.0,14,46200.0,0.5007115749525617,0.0872865275142315,0.0849146110056926,0.5040322580645161,0.5007115749525617,0.25877609108159394,0.22248576850094876,0.5040322580645161,0.3328688330170778
PRV51636,0,7,7,0,0.0,23100.0,23100.0,0.0,14,46200.0,0.5007115749525617,0.0872865275142315,0.0849146110056926,0.5040322580645161,0.5007115749525617,0.25877609108159394,0.22248576850094876,0.5040322580645161,0.3328688330170778
PRV52054,0,7,7,0,0.0,23100.0,23100.0,0.0,14,46200.0,0.5007115749525617,0.0872865275142315,0.0849146110056926,0.5040322580645161,0.5007115749525617,0.25877609108159394,0.22248576850094876,0.5040322580645161,0.3328688330170778
PRV52652,0,7,7,0,0.0,23100.0,23100.0,0.0,14,46200.0,0.5007115749525617,0.0872865275142315,0.0849146110056926,0.5040322580645161,0.5007115749525617,0.25877609108159394,0.22248576850094876,0.5040322580645161,0.3328688330170778
PRV52887,0,7,7,0,0.0,23100.0,23100.0,0.0,14,46200.0,0.5007115749525617,0.0872865275142315,0.0849146110056926,0.5040322580645161,0.5007115749525617,0.25877609108159394,0.22248576850094876,0.5040322580645161,0.3328688330170778
PRV53676,0,7,7,0,0.0,23100.0,23100.0,0.0,14,46200.0,0.5007115749525617,0.0872865275142315,0.0849146110056926,0.5040322580645161,0.5007115749525617,0.25877609108159394,0.22248576850094876,0.5040322580645161,0.3328688330170778
PRV53689,0,7,7,0,0.0,23100.0,23100.0,0.0,14,46200.0,0.5007115749525617,0.0872865275142315,0.0849146110056926,0.5040322580645161,0.5007115749525617,0.25877609108159394,0.22248576850094876,0.5040322580645161,0.3328688330170778
PRV53874,0,7,7,0,0.0,23100.0,23100.0,0.0,14,46200.0,0.5007115749525617,0.0872865275142315,0.0849146110056926,0.5040322580645161,0.5007115749525617,0.25877609108159394,0.22248576850094876,0.5040322580645161,0.3328688330170778
PRV55263,0,7,7,0,0.0,23100.0,23100.0,0.0,14,46200.0,0.5007115749525617,0.0872865275142315,0.0849146110056926,0.5040322580645161,0.5007115749525617,0.25877609108159394,0.22248576850094876,0.5040322580645161,0.3328688330170778
PRV55439,0,7,7,0,0.0,23100.0,23100.0,0.0,14,46200.0,0.5007115749525617,0.0872865275142315,0.0849146110056926,0.5040322580645161,0.5007115749525617,0.25877609108159394,0.22248576850094876,0.5040322580645161,0.3328688330170778
PRV55503,0,7,7,0,0.0,23100.0,23100.0,0.0,14,46200.0,0.5007115749525617,0.0872865275142315,0.0849146110056926,0.5040322580645161,0.5007115749525617,0.25877609108159394,0.22248576850094876,0.5040322580645161,0.3328688330170778
PRV56213,0,7,7,0,0.0,23100.0,23100.0,0.0,14,46200.0,0.5007115749525617,0.0872865275142315,0.0849146110056926,0.5040322580645161,0.5007115749525617,0.25877609108159394,0.22248576850094876,0.5040322580645161,0.3328688330170778
PRV56556,0,7,7,0,0.0,23100.0,23100.0,0.0,14,46200.0,0.5007115749525617,0.0872865275142315,0.0849146110056926,0.5040322580645161,0.5007115749525617,0.25877609108159394,0.22248576850094876,0.5040322580645161,0.3328688330170778
PRV56608,0,7,7,0,0.0,23100.0,23100.0,0.0,14,46200.0,0.5007115749525617,0.0872865275142315,0.0849146110056926,0.5040322580645161,0.5007115749525617,0.25877609108159394,0.22248576850094876,0.5040322580645161,0.3328688330170778
PRV57228,0,7,7,0,0.0,23100.0,23100.0,0.0,14,46200.0,0.5007115749525617,0.0872865275142315,0.0849146110056926,0.5040322580645161,0.5007115749525617,0.25877609108159394,0.22248576850094876,0.5040322580645161,0.3328688330170778
PRV57348,0,7,7,0,0.0,23100.0,23100.0,0.0,14,46200.0,0.5007115749525617,0.0872865275142315,0.0849146110056926,0.5040322580645161,0.5007115749525617,0.25877609108159394,0.22248576850094876,0.5040322580645161,0.3328688330170778
PRV57528,0,7,7,0,0.0,23100.0,23100.0,0.0,14,46200.0,0.5007115749525617,0.0872865275142315,0.0849146110056926,0.5040322580645161,0.5007115749525617,0.25877609108159394,0.22248576850094876,0.5040322580645161,0.3328688330170778
PRV51447,0,3,3,0,0.0,84600.0,84600.0,0.0,6,169200.0,0.5007115749525617,0.2637571157495256,0.25545540796963945,0.5040322580645161,0.5007115749525617,0.07234345351043643,0.060958254269449716,0.5040322580645161,0.3327502371916508
PRV51873,0,3,3,0,0.0,84600.0,84600.0,0.0,6,169200.0,0.5007115749525617,0.2637571157495256,0.25545540796963945,0.5040322580645161,0.5007115749525617,0.07234345351043643,0.060958254269449716,0.5040322580645161,0.3327502371916508
PRV54080,0,6,6,0,0.0,27540.0,27540.0,0.0,12,55080.0,0.5007115749525617,0.10934535104364326,0.10555028462998102,0.5040322580645161,0.5007115749525617,0.23529411764705882,0.20066413662239088,0.5040322580645161,0.3325426944971537
PRV52045,0,3,3,0,0.0,88600.0,88600.0,0.0,6,177200.0,0.5007115749525617,0.2637571157495256,0.25545540796963945,0.5040322580645161,0.5007115749525617,0.07020872865275142,0.058349146110056926,0.5040322580645161,0.3321572580645161
PRV53000,0,7,7,0,0.0,23400.0,23400.0,0.0,14,46800.0,0.5007115749525617,0.0872865275142315,0.0849146110056926,0.5040322580645161,0.5007115749525617,0.25355787476280833,0.21750474383301707,0.5040322580645161,0.3315939278937381
PRV55943,0,7,7,0,0.0,23400.0,23400.0,0.0,14,46800.0,0.5007115749525617,0.0872865275142315,0.0849146110056926,0.5040322580645161,0.5007115749525617,0.25355787476280833,0.21750474383301707,0.5040322580645161,0.3315939278937381
PRV54564,0,6,6,0,0.0,30520.0,30520.0,0.0,12,61040.0,0.5007115749525617,0.10934535104364326,0.10555028462998102,0.5040322580645161,0.5007115749525617,0.23197343453510436,0.1954459203036053,0.5040322580645161,0.3314753320683112
PRV55247,0,7,7,0,0.0,23850.0,23850.0,0.0,14,47700.0,0.5007115749525617,0.0872865275142315,0.0849146110056926,0.5040322580645161,0.5007115749525617,0.2523719165085389,0.2167931688804554,0.5040322580645161,0.33135673624288425
PRV57549,0,6,6,0,0.0,30570.0,30570.0,0.0,12,61140.0,0.5007115749525617,0.10934535104364326,0.10555028462998102,0.5040322580645161,0.5007115749525617,0.2310246679316888,0.19449715370018975,0.5040322580645161,0.3312381404174573
PRV54563,0,7,7,0,0.0,23860.0,23860.0,0.0,14,47720.0,0.5007115749525617,0.0872865275142315,0.0849146110056926,0.5040322580645161,0.5007115749525617,0.2518975332068311,0.21631878557874762,0.5040322580645161,0.3312381404174573
PRV54348,0,3,3,0,0.0,92600.0,92600.0,0.0,6,185200.0,0.5007115749525617,0.2637571157495256,0.25545540796963945,0.5040322580645161,0.5007115749525617,0.06546489563567362,0.054079696394686905,0.5040322580645161,0.3310305977229601
PRV52154,0,7,7,0,0.0,24100.0,24100.0,0.0,14,48200.0,0.5007115749525617,0.0872865275142315,0.0849146110056926,0.5040322580645161,0.5007115749525617,0.2504743833017078,0.2148956356736243,0.5040322580645161,0.33088235294117646
PRV56411,0,1,1,1,0.0,80000.0,80000.0,80000.0,3,240000.0,0.5007115749525617,0.7590132827324478,0.7374288425047438,0.004032258064516129,0.5007115749525617,0.07708728652751423,0.06570208728652752,0.0014231499051233396,0.33076375711574957
PRV53674,0,6,6,0,0.0,31000.0,31000.0,0.0,12,62000.0,0.5007115749525617,0.10934535104364326,0.10555028462998102,0.5040322580645161,0.5007115749525617,0.2288899430740038,0.19188804554079697,0.5040322580645161,0.33064516129032256
PRV55163,0,7,7,0,0.0,24300.0,24300.0,0.0,14,48600.0,0.5007115749525617,0.0872865275142315,0.0849146110056926,0.5040322580645161,0.5007115749525617,0.24928842504743834,0.21370967741935484,0.5040322580645161,0.3305858633776091
PRV54267,0,6,6,0,0.0,31040.0,31040.0,0.0,12,62080.0,0.5007115749525617,0.10934535104364326,0.10555028462998102,0.5040322580645161,0.5007115749525617,0.22817836812144213,0.19117647058823528,0.5040322580645161,0.33046726755218214
PRV57162,0,3,3,0,0.0,96600.0,96600.0,0.0,6,193200.0,0.5007115749525617,0.2637571157495256,0.25545540796963945,0.5040322580645161,0.5007115749525617,0.06238140417457305,0.05004743833017078,0.5040322580645161,0.330141129032258
PRV57572,0,7,7,0,0.0,25200.0,25200.0,0.0,14,50400.0,0.5007115749525617,0.0872865275142315,0.0849146110056926,0.5040322580645161,0.5007115749525617,0.24715370018975333,0.21157495256166983,0.5040322580645161,0.3300521821631878
PRV52173,0,4,2,0,0.0,244000.0,130000.0,0.0,6,374000.0,0.5007115749525617,0.18477229601518028,0.40417457305502846,0.5040322580645161,0.5007115749525617,0.008064516129032258,0.028462998102466792,0.5040322580645161,0.32937025616698296
PRV55927,0,8,7,0,0.0,26400.0,23100.0,0.0,15,49500.0,0.5007115749525617,0.07044592030360532,0.0849146110056926,0.5040322580645161,0.5007115749525617,0.24359582542694497,0.22248576850094876,0.5040322580645161,0.3288662239089184
PRV52337,0,7,7,0,0.0,27900.0,27900.0,0.0,14,55800.0,0.5007115749525617,0.0872865275142315,0.0849146110056926,0.5040322580645161,0.5007115749525617,0.23481973434535106,0.20018975332068312,0.5040322580645161,0.32708728652751423
PRV53956,0,7,7,0,0.0,28300.0,28300.0,0.0,14,56600.0,0.5007115749525617,0.0872865275142315,0.0849146110056926,0.5040322580645161,0.5007115749525617,0.23434535104364326,0.19971537001897532,0.5040322580645161,0.3269686907020873
PRV56437,0,7,7,0,0.0,28610.0,28610.0,0.0,14,57220.0,0.5007115749525617,0.0872865275142315,0.0849146110056926,0.5040322580645161,0.5007115749525617,0.23387096774193547,0.19924098671726756,0.5040322580645161,0.32685009487666034
PRV52589,0,7,7,0,0.0,30000.0,30000.0,0.0,14,60000.0,0.5007115749525617,0.0872865275142315,0.0849146110056926,0.5040322580645161,0.5007115749525617,0.23244781783681215,0.19639468690702086,0.5040322580645161,0.32631641366223907
PRV51403,0,3,3,0,0.0,117300.0,117300.0,0.0,6,234600.0,0.5007115749525617,0.2637571157495256,0.25545540796963945,0.5040322580645161,0.5007115749525617,0.04364326375711575,0.03723908918406072,0.5040322580645161,0.32619781783681207
PRV52898,0,3,3,0,0.0,117300.0,117300.0,0.0,6,234600.0,0.5007115749525617,0.2637571157495256,0.25545540796963945,0.5040322580645161,0.5007115749525617,0.04364326375711575,0.03723908918406072,0.5040322580645161,0.32619781783681207
PRV52903,0,3,3,0,0.0,117300.0,117300.0,0.0,6,234600.0,0.5007115749525617,0.2637571157495256,0.25545540796963945,0.5040322580645161,0.5007115749525617,0.04364326375711575,0.03723908918406072,0.5040322580645161,0.32619781783681207
PRV52989,0,3,3,0,0.0,117300.0,117300.0,0.0,6,234600.0,0.5007115749525617,0.2637571157495256,0.25545540796963945,0.5040322580645161,0.5007115749525617,0.04364326375711575,0.03723908918406072,0.5040322580645161,0.32619781783681207
PRV53712,0,3,3,0,0.0,117300.0,117300.0,0.0,6,234600.0,0.5007115749525617,0.2637571157495256,0.25545540796963945,0.5040322580645161,0.5007115749525617,0.04364326375711575,0.03723908918406072,0.5040322580645161,0.32619781783681207
PRV56624,0,3,3,0,0.0,117300.0,117300.0,0.0,6,234600.0,0.5007115749525617,0.2637571157495256,0.25545540796963945,0.5040322580645161,0.5007115749525617,0.04364326375711575,0.03723908918406072,0.5040322580645161,0.32619781783681207
PRV54074,0,3,3,0,0.0,118300.0,118300.0,0.0,6,236600.0,0.5007115749525617,0.2637571157495256,0.25545540796963945,0.5040322580645161,0.5007115749525617,0.04127134724857685,0.03510436432637571,0.5040322580645161,0.32563448766603414
PRV53677,0,6,5,0,0.0,73500.0,16500.0,0.0,11,90000.0,0.5007115749525617,0.10934535104364326,0.13543643263757116,0.5040322580645161,0.5007115749525617,0.08538899430740038,0.26351992409867175,0.5040322580645161,0.32539729601518025
PRV56449,0,6,5,0,0.0,73500.0,16500.0,0.0,11,90000.0,0.5007115749525617,0.10934535104364326,0.13543643263757116,0.5040322580645161,0.5007115749525617,0.08538899430740038,0.26351992409867175,0.5040322580645161,0.32539729601518025
PRV52884,0,8,8,0,0.0,26400.0,26400.0,0.0,16,52800.0,0.5007115749525617,0.07044592030360532,0.06925996204933586,0.5040322580645161,0.5007115749525617,0.24359582542694497,0.20825426944971537,0.5040322580645161,0.32513045540796964
PRV53634,0,8,8,0,0.0,26400.0,26400.0,0.0,16,52800.0,0.5007115749525617,0.07044592030360532,0.06925996204933586,0.5040322580645161,0.5007115749525617,0.24359582542694497,0.20825426944971537,0.5040322580645161,0.32513045540796964
PRV54774,0,8,8,0,0.0,26400.0,26400.0,0.0,16,52800.0,0.5007115749525617,0.07044592030360532,0.06925996204933586,0.5040322580645161,0.5007115749525617,0.24359582542694497,0.20825426944971537,0.5040322580645161,0.32513045540796964
PRV55479,0,8,8,0,0.0,26400.0,26400.0,0.0,16,52800.0,0.5007115749525617,0.07044592030360532,0.06925996204933586,0.5040322580645161,0.5007115749525617,0.24359582542694497,0.20825426944971537,0.5040322580645161,0.32513045540796964
PRV55752,0,8,8,0,0.0,26400.0,26400.0,0.0,16,52800.0,0.5007115749525617,0.07044592030360532,0.06925996204933586,0.5040322580645161,0.5007115749525617,0.24359582542694497,0.20825426944971537,0.5040322580645161,0.32513045540796964
PRV56221,0,8,8,0,0.0,26400.0,26400.0,0.0,16,52800.0,0.5007115749525617,0.07044592030360532,0.06925996204933586,0.5040322580645161,0.5007115749525617,0.24359582542694497,0.20825426944971537,0.5040322580645161,0.32513045540796964
PRV56448,0,8,8,0,0.0,26400.0,26400.0,0.0,16,52800.0,0.5007115749525617,0.07044592030360532,0.06925996204933586,0.5040322580645161,0.5007115749525617,0.24359582542694497,0.20825426944971537,0.5040322580645161,0.32513045540796964
PRV51140,0,7,7,0,0.0,31200.0,31200.0,0.0,14,62400.0,0.5007115749525617,0.0872865275142315,0.0849146110056926,0.5040322580645161,0.5007115749525617,0.22699240986717267,0.18999051233396586,0.5040322580645161,0.3248339658444023
PRV52560,0,8,8,0,0.0,27160.0,27160.0,0.0,16,54320.0,0.5007115749525617,0.07044592030360532,0.06925996204933586,0.5040322580645161,0.5007115749525617,0.23956356736242884,0.2049335863377609,0.5040322580645161,0.3242113377609108
PRV51670,0,8,8,0,0.0,27300.0,27300.0,0.0,16,54600.0,0.5007115749525617,0.07044592030360532,0.06925996204933586,0.5040322580645161,0.5007115749525617,0.23742884250474383,0.2027988614800759,0.5040322580645161,0.32367765654648956
PRV55969,0,8,8,0,0.0,27300.0,27300.0,0.0,16,54600.0,0.5007115749525617,0.07044592030360532,0.06925996204933586,0.5040322580645161,0.5007115749525617,0.23742884250474383,0.2027988614800759,0.5040322580645161,0.32367765654648956
PRV52889,0,8,7,0,0.0,32110.0,28810.0,0.0,15,60920.0,0.5007115749525617,0.07044592030360532,0.0849146110056926,0.5040322580645161,0.5007115749525617,0.2243833017077799,0.19876660341555977,0.5040322580645161,0.32349976280834913
PRV54942,0,3,3,0,0.0,130600.0,130600.0,0.0,6,261200.0,0.5007115749525617,0.2637571157495256,0.25545540796963945,0.5040322580645161,0.5007115749525617,0.03178368121442125,0.027514231499051234,0.5040322580645161,0.3234997628083491
PRV51196,0,8,8,0,0.0,27400.0,27400.0,0.0,16,54800.0,0.5007115749525617,0.07044592030360532,0.06925996204933586,0.5040322580645161,0.5007115749525617,0.23648007590132827,0.20185009487666034,0.5040322580645161,0.32344046489563566
PRV54930,0,8,8,0,0.0,27400.0,27400.0,0.0,16,54800.0,0.5007115749525617,0.07044592030360532,0.06925996204933586,0.5040322580645161,0.5007115749525617,0.23648007590132827,0.20185009487666034,0.5040322580645161,0.32344046489563566
PRV56044,0,3,3,0,0.0,131600.0,131600.0,0.0,6,263200.0,0.5007115749525617,0.2637571157495256,0.25545540796963945,0.5040322580645161,0.5007115749525617,0.031309297912713474,0.027039848197343452,0.5040322580645161,0.32338116698292213
PRV54367,0,4,3,0,0.0,120600.0,63600.0,0.0,7,184200.0,0.5007115749525617,0.18477229601518028,0.25545540796963945,0.5040322580645161,0.5007115749525617,0.0400853889943074,0.09629981024667932,0.5040322580645161,0.32326257115749524
PRV52369,0,8,8,0,0.0,27500.0,27500.0,0.0,16,55000.0,0.5007115749525617,0.07044592030360532,0.06925996204933586,0.5040322580645161,0.5007115749525617,0.2357685009487666,0.20113851992409867,0.5040322580645161,0.32326257115749524
PRV53300,0,8,8,0,0.0,30560.0,30560.0,0.0,16,61120.0,0.5007115749525617,0.07044592030360532,0.06925996204933586,0.5040322580645161,0.5007115749525617,0.2314990512333966,0.19497153700189754,0.5040322580645161,0.32195801707779886
PRV52141,0,8,8,0,0.0,31000.0,31000.0,0.0,16,62000.0,0.5007115749525617,0.07044592030360532,0.06925996204933586,0.5040322580645161,0.5007115749525617,0.2288899430740038,0.19188804554079697,0.5040322580645161,0.3212464421252372
PRV51410,0,8,8,0,0.0,31110.0,31110.0,0.0,16,62220.0,0.5007115749525617,0.07044592030360532,0.06925996204933586,0.5040322580645161,0.5007115749525617,0.22770398481973433,0.19070208728652752,0.5040322580645161,0.32094995256166986
PRV55064,0,8,8,0,0.0,31800.0,31800.0,0.0,16,63600.0,0.5007115749525617,0.07044592030360532,0.06925996204933586,0.5040322580645161,0.5007115749525617,0.22580645161290322,0.1888045540796964,0.5040322580645161,0.32047556925996207
PRV56404,0,8,8,0,0.0,31890.0,31890.0,0.0,16,63780.0,0.5007115749525617,0.07044592030360532,0.06925996204933586,0.5040322580645161,0.5007115749525617,0.22533206831119545,0.1883301707779886,0.5040322580645161,0.3203569734345351
PRV52157,0,4,4,0,0.0,66900.0,66900.0,0.0,8,133800.0,0.5007115749525617,0.18477229601518028,0.17860531309297914,0.5040322580645161,0.5007115749525617,0.10009487666034156,0.08704933586337761,0.5040322580645161,0.3200011859582543
PRV52314,0,4,4,0,0.0,66900.0,66900.0,0.0,8,133800.0,0.5007115749525617,0.18477229601518028,0.17860531309297914,0.5040322580645161,0.5007115749525617,0.10009487666034156,0.08704933586337761,0.5040322580645161,0.3200011859582543
PRV53294,0,8,8,0,0.0,32130.0,32130.0,0.0,16,64260.0,0.5007115749525617,0.07044592030360532,0.06925996204933586,0.5040322580645161,0.5007115749525617,0.2239089184060721,0.1869070208728653,0.5040322580645161,0.3200011859582543
PRV56507,0,3,3,0,0.0,185460.0,185460.0,0.0,6,370920.0,0.5007115749525617,0.2637571157495256,0.25545540796963945,0.5040322580645161,0.5007115749525617,0.017077798861480076,0.013282732447817837,0.5040322580645161,0.31988259013282727
PRV54071,0,9,9,0,0.0,29700.0,29700.0,0.0,18,59400.0,0.5007115749525617,0.06000948766603416,0.058349146110056926,0.5040322580645161,0.5007115749525617,0.2331593927893738,0.1975806451612903,0.5040322580645161,0.31982329222011385
PRV54761,0,9,9,0,0.0,29700.0,29700.0,0.0,18,59400.0,0.5007115749525617,0.06000948766603416,0.058349146110056926,0.5040322580645161,0.5007115749525617,0.2331593927893738,0.1975806451612903,0.5040322580645161,0.31982329222011385
PRV56007,0,3,3,0,0.0,187000.0,187000.0,0.0,6,374000.0,0.5007115749525617,0.2637571157495256,0.25545540796963945,0.5040322580645161,0.5007115749525617,0.016129032258064516,0.012808349146110056,0.5040322580645161,0.31970469639468685
PRV51460,0,4,4,0,0.0,67000.0,67000.0,0.0,8,134000.0,0.5007115749525617,0.18477229601518028,0.17860531309297914,0.5040322580645161,0.5007115749525617,0.09819734345351043,0.08586337760910816,0.5040322580645161,0.31961574952561667
PRV52821,0,4,4,0,0.0,67800.0,67800.0,0.0,8,135600.0,0.5007115749525617,0.18477229601518028,0.17860531309297914,0.5040322580645161,0.5007115749525617,0.09724857685009487,0.08538899430740038,0.5040322580645161,0.31943785578747624
PRV51507,0,9,9,0,0.0,30600.0,30600.0,0.0,18,61200.0,0.5007115749525617,0.06000948766603416,0.058349146110056926,0.5040322580645161,0.5007115749525617,0.23031309297912714,0.19378557874762808,0.5040322580645161,0.3189931214421252
PRV56006,0,9,9,0,0.0,30600.0,30600.0,0.0,18,61200.0,0.5007115749525617,0.06000948766603416,0.058349146110056926,0.5040322580645161,0.5007115749525617,0.23031309297912714,0.19378557874762808,0.5040322580645161,0.3189931214421252
PRV51005,0,9,9,0,0.0,30680.0,30680.0,0.0,18,61360.0,0.5007115749525617,0.06000948766603416,0.058349146110056926,0.5040322580645161,0.5007115749525617,0.22960151802656548,0.19307400379506642,0.5040322580645161,0.3188152277039848
PRV53911,0,8,8,0,0.0,36400.0,36400.0,0.0,16,72800.0,0.5007115749525617,0.07044592030360532,0.06925996204933586,0.5040322580645161,0.5007115749525617,0.2167931688804554,0.18074003795066412,0.5040322580645161,0.31834084440227706
PRV51614,0,3,3,0,0.0,222000.0,222000.0,0.0,6,444000.0,0.5007115749525617,0.2637571157495256,0.25545540796963945,0.5040322580645161,0.5007115749525617,0.010436432637571158,0.007115749525616698,0.5040322580645161,0.3182815464895635
PRV55037,0,9,9,0,0.0,31200.0,31200.0,0.0,18,62400.0,0.5007115749525617,0.06000948766603416,0.058349146110056926,0.5040322580645161,0.5007115749525617,0.22699240986717267,0.18999051233396586,0.5040322580645161,0.31810365275142316
PRV53461,0,3,3,0,0.0,229550.0,229550.0,0.0,6,459100.0,0.5007115749525617,0.2637571157495256,0.25545540796963945,0.5040322580645161,0.5007115749525617,0.009487666034155597,0.006166982922201139,0.5040322580645161,0.31804435483870963
PRV52395,0,9,9,0,0.0,31500.0,31500.0,0.0,18,63000.0,0.5007115749525617,0.06000948766603416,0.058349146110056926,0.5040322580645161,0.5007115749525617,0.226280834914611,0.18927893738140417,0.5040322580645161,0.31792575901328274
PRV55034,0,9,9,0,0.0,31900.0,31900.0,0.0,18,63800.0,0.5007115749525617,0.06000948766603416,0.058349146110056926,0.5040322580645161,0.5007115749525617,0.22485768500948766,0.18785578747628084,0.5040322580645161,0.3175699715370019
PRV52365,0,10,9,0,0.0,33000.0,29700.0,0.0,19,62700.0,0.5007115749525617,0.05265654648956357,0.058349146110056926,0.5040322580645161,0.5007115749525617,0.222011385199241,0.1975806451612903,0.5040322580645161,0.3175106736242884
PRV53702,0,10,9,0,0.0,33000.0,29700.0,0.0,19,62700.0,0.5007115749525617,0.05265654648956357,0.058349146110056926,0.5040322580645161,0.5007115749525617,0.222011385199241,0.1975806451612903,0.5040322580645161,0.3175106736242884
PRV53871,0,9,9,0,0.0,32460.0,32460.0,0.0,18,64920.0,0.5007115749525617,0.06000948766603416,0.058349146110056926,0.5040322580645161,0.5007115749525617,0.22343453510436434,0.1864326375711575,0.5040322580645161,0.31721418406072105
PRV55715,0,10,9,0,0.0,33750.0,30450.0,0.0,19,64200.0,0.5007115749525617,0.05265654648956357,0.058349146110056926,0.5040322580645161,0.5007115749525617,0.22058823529411764,0.1959203036053131,0.5040322580645161,0.3171252371916508
PRV54255,0,8,8,0,0.0,40000.0,40000.0,0.0,16,80000.0,0.5007115749525617,0.07044592030360532,0.06925996204933586,0.5040322580645161,0.5007115749525617,0.21110056925996204,0.17552182163187854,0.5040322580645161,0.31697699240986715
PRV55172,0,3,3,0,0.0,284500.0,284500.0,0.0,6,569000.0,0.5007115749525617,0.2637571157495256,0.25545540796963945,0.5040322580645161,0.5007115749525617,0.004269449715370019,0.0023719165085388993,0.5040322580645161,0.3169176944971537
PRV55831,0,9,9,0,0.0,35600.0,35600.0,0.0,18,71200.0,0.5007115749525617,0.06000948766603416,0.058349146110056926,0.5040322580645161,0.5007115749525617,0.21869070208728653,0.18263757115749527,0.5040322580645161,0.31614682163187857
PRV57335,0,10,9,0,0.0,35370.0,32070.0,0.0,19,67440.0,0.5007115749525617,0.05265654648956357,0.058349146110056926,0.5040322580645161,0.5007115749525617,0.21916508538899432,0.18738140417457305,0.5040322580645161,0.3158799810246679
PRV56216,0,9,9,0,0.0,38400.0,38400.0,0.0,18,76800.0,0.5007115749525617,0.06000948766603416,0.058349146110056926,0.5040322580645161,0.5007115749525617,0.21513282732447817,0.1790796963946869,0.5040322580645161,0.31525735294117646
PRV52605,0,10,10,0,0.0,33000.0,33000.0,0.0,20,66000.0,0.5007115749525617,0.05265654648956357,0.05075901328273245,0.5040322580645161,0.5007115749525617,0.222011385199241,0.18524667931688804,0.5040322580645161,0.31502016129032256
PRV52935,0,10,10,0,0.0,33000.0,33000.0,0.0,20,66000.0,0.5007115749525617,0.05265654648956357,0.05075901328273245,0.5040322580645161,0.5007115749525617,0.222011385199241,0.18524667931688804,0.5040322580645161,0.31502016129032256
PRV55453,0,10,10,0,0.0,33000.0,33000.0,0.0,20,66000.0,0.5007115749525617,0.05265654648956357,0.05075901328273245,0.5040322580645161,0.5007115749525617,0.222011385199241,0.18524667931688804,0.5040322580645161,0.31502016129032256
PRV56268,0,10,10,0,0.0,34300.0,34300.0,0.0,20,68600.0,0.5007115749525617,0.05265654648956357,0.05075901328273245,0.5040322580645161,0.5007115749525617,0.22011385199240988,0.1840607210626186,0.5040322580645161,0.314634724857685
PRV57170,0,10,10,0,0.0,34500.0,34500.0,0.0,20,69000.0,0.5007115749525617,0.05265654648956357,0.05075901328273245,0.5040322580645161,0.5007115749525617,0.21963946869070208,0.18358633776091082,0.5040322580645161,0.31451612903225806
PRV56803,0,9,9,0,0.0,40670.0,40670.0,0.0,18,81340.0,0.5007115749525617,0.06000948766603416,0.058349146110056926,0.5040322580645161,0.5007115749525617,0.21062618595825428,0.17504743833017078,0.5040322580645161,0.314189990512334
PRV57344,0,9,9,0,0.0,41330.0,41330.0,0.0,18,82660.0,0.5007115749525617,0.06000948766603416,0.058349146110056926,0.5040322580645161,0.5007115749525617,0.21015180265654648,0.174573055028463,0.5040322580645161,0.31407139468690703
PRV52982,0,10,10,0,0.0,36700.0,36700.0,0.0,20,73400.0,0.5007115749525617,0.05265654648956357,0.05075901328273245,0.5040322580645161,0.5007115749525617,0.21631878557874762,0.18026565464895636,0.5040322580645161,0.3136859582542694
PRV52893,0,11,10,0,0.0,36300.0,33000.0,0.0,21,69300.0,0.5007115749525617,0.04601518026565465,0.05075901328273245,0.5040322580645161,0.5007115749525617,0.21774193548387097,0.18524667931688804,0.5040322580645161,0.3136563092979127
PRV55262,0,10,10,0,0.0,39490.0,39490.0,0.0,20,78980.0,0.5007115749525617,0.05265654648956357,0.05075901328273245,0.5040322580645161,0.5007115749525617,0.21394686907020874,0.17789373814041745,0.5040322580645161,0.3130929791271347
PRV51959,0,11,11,0,0.0,36300.0,36300.0,0.0,22,72600.0,0.5007115749525617,0.04601518026565465,0.0448292220113852,0.5040322580645161,0.5007115749525617,0.21774193548387097,0.1816888045540797,0.5040322580645161,0.3124703510436433
PRV54745,0,11,11,0,0.0,36300.0,36300.0,0.0,22,72600.0,0.5007115749525617,0.04601518026565465,0.0448292220113852,0.5040322580645161,0.5007115749525617,0.21774193548387097,0.1816888045540797,0.5040322580645161,0.3124703510436433
PRV53959,0,4,3,0,0.0,184300.0,127300.0,0.0,7,311600.0,0.5007115749525617,0.18477229601518028,0.25545540796963945,0.5040322580645161,0.5007115749525617,0.017552182163187855,0.02988614800759013,0.5040322580645161,0.31214421252371916
PRV55934,0,11,11,0,0.0,37070.0,37070.0,0.0,22,74140.0,0.5007115749525617,0.04601518026565465,0.0448292220113852,0.5040322580645161,0.5007115749525617,0.21584440227703985,0.17979127134724857,0.5040322580645161,0.3119959677419355
PRV55913,0,11,11,0,0.0,38400.0,38400.0,0.0,22,76800.0,0.5007115749525617,0.04601518026565465,0.0448292220113852,0.5040322580645161,0.5007115749525617,0.21513282732447817,0.1790796963946869,0.5040322580645161,0.3118180740037951
PRV56758,0,11,11,0,0.0,39400.0,39400.0,0.0,22,78800.0,0.5007115749525617,0.04601518026565465,0.0448292220113852,0.5040322580645161,0.5007115749525617,0.2144212523719165,0.17836812144212524,0.5040322580645161,0.31164018026565465
PRV51542,0,4,3,0,0.0,191300.0,134300.0,0.0,7,325600.0,0.5007115749525617,0.18477229601518028,0.25545540796963945,0.5040322580645161,0.5007115749525617,0.015180265654648957,0.025142314990512334,0.5040322580645161,0.31125474383301704
PRV52648,0,12,11,0,0.0,39600.0,36300.0,0.0,23,75900.0,0.5007115749525617,0.04055977229601518,0.0448292220113852,0.5040322580645161,0.5007115749525617,0.21276091081593929,0.1816888045540797,0.5040322580645161,0.31116579696394686
PRV54557,0,10,10,0,0.0,45590.0,45590.0,0.0,20,91180.0,0.5007115749525617,0.05265654648956357,0.05075901328273245,0.5040322580645161,0.5007115749525617,0.20588235294117646,0.1698292220113852,0.5040322580645161,0.3110768500948767
PRV52663,0,12,12,0,0.0,39600.0,39600.0,0.0,24,79200.0,0.5007115749525617,0.04055977229601518,0.03913662239089184,0.5040322580645161,0.5007115749525617,0.21276091081593929,0.1769449715370019,0.5040322580645161,0.3098612428842505
PRV53915,0,12,12,0,0.0,39600.0,39600.0,0.0,24,79200.0,0.5007115749525617,0.04055977229601518,0.03913662239089184,0.5040322580645161,0.5007115749525617,0.21276091081593929,0.1769449715370019,0.5040322580645161,0.3098612428842505
PRV56249,0,12,12,0,0.0,39600.0,39600.0,0.0,24,79200.0,0.5007115749525617,0.04055977229601518,0.03913662239089184,0.5040322580645161,0.5007115749525617,0.21276091081593929,0.1769449715370019,0.5040322580645161,0.3098612428842505
PRV53958,0,12,12,0,0.0,39800.0,39800.0,0.0,24,79600.0,0.5007115749525617,0.04055977229601518,0.03913662239089184,0.5040322580645161,0.5007115749525617,0.21157495256166983,0.17599620493358634,0.5040322580645161,0.3095944022770399
PRV52859,0,12,12,0,0.0,41500.0,41500.0,0.0,24,83000.0,0.5007115749525617,0.04055977229601518,0.03913662239089184,0.5040322580645161,0.5007115749525617,0.20967741935483872,0.17409867172675522,0.5040322580645161,0.3091200189753321
PRV52571,0,11,11,0,0.0,47900.0,47900.0,0.0,22,95800.0,0.5007115749525617,0.04601518026565465,0.0448292220113852,0.5040322580645161,0.5007115749525617,0.2030360531309298,0.16650853889943074,0.5040322580645161,0.30873458254269454
PRV52059,0,11,11,0,0.0,50530.0,50530.0,0.0,22,101060.0,0.5007115749525617,0.04601518026565465,0.0448292220113852,0.5040322580645161,0.5007115749525617,0.20066413662239088,0.16461100569259962,0.5040322580645161,0.30820090132827327
PRV57151,0,11,11,0,0.0,52300.0,52300.0,0.0,22,104600.0,0.5007115749525617,0.04601518026565465,0.0448292220113852,0.5040322580645161,0.5007115749525617,0.198292220113852,0.16223908918406071,0.5040322580645161,0.30760792220113853
PRV56248,0,13,13,0,0.0,42900.0,42900.0,0.0,26,85800.0,0.5007115749525617,0.0353415559772296,0.033681214421252374,0.5040322580645161,0.5007115749525617,0.20872865275142316,0.17291271347248577,0.5040322580645161,0.3075189753320683
PRV56270,0,13,13,0,0.0,42900.0,42900.0,0.0,26,85800.0,0.5007115749525617,0.0353415559772296,0.033681214421252374,0.5040322580645161,0.5007115749525617,0.20872865275142316,0.17291271347248577,0.5040322580645161,0.3075189753320683
PRV56760,0,13,13,0,0.0,42900.0,42900.0,0.0,26,85800.0,0.5007115749525617,0.0353415559772296,0.033681214421252374,0.5040322580645161,0.5007115749525617,0.20872865275142316,0.17291271347248577,0.5040322580645161,0.3075189753320683
PRV52561,0,11,11,0,0.0,52310.0,52310.0,0.0,22,104620.0,0.5007115749525617,0.04601518026565465,0.0448292220113852,0.5040322580645161,0.5007115749525617,0.1978178368121442,0.16176470588235295,0.5040322580645161,0.3074893263757116
PRV52085,0,11,11,0,0.0,54520.0,54520.0,0.0,22,109040.0,0.5007115749525617,0.04601518026565465,0.0448292220113852,0.5040322580645161,0.5007115749525617,0.19639468690702086,0.1603415559772296,0.5040322580645161,0.30713353889943074
PRV52563,0,13,13,0,0.0,43900.0,43900.0,0.0,26,87800.0,0.5007115749525617,0.0353415559772296,0.033681214421252374,0.5040322580645161,0.5007115749525617,0.2073055028462998,0.17125237191650855,0.5040322580645161,0.30713353889943074
PRV53679,0,13,13,0,0.0,44000.0,44000.0,0.0,26,88000.0,0.5007115749525617,0.0353415559772296,0.033681214421252374,0.5040322580645161,0.5007115749525617,0.20683111954459202,0.17077798861480076,0.5040322580645161,0.3070149430740038
PRV53670,0,13,13,0,0.0,45200.0,45200.0,0.0,26,90400.0,0.5007115749525617,0.0353415559772296,0.033681214421252374,0.5040322580645161,0.5007115749525617,0.20635673624288425,0.170303605313093,0.5040322580645161,0.30689634724857684
PRV52342,0,5,5,0,0.0,70200.0,70200.0,0.0,10,140400.0,0.5007115749525617,0.13994307400379508,0.13543643263757116,0.5040322580645161,0.5007115749525617,0.09060721062618596,0.07851043643263757,0.5040322580645161,0.3067481024667932
PRV53675,0,5,5,0,0.0,70200.0,70200.0,0.0,10,140400.0,0.5007115749525617,0.13994307400379508,0.13543643263757116,0.5040322580645161,0.5007115749525617,0.09060721062618596,0.07851043643263757,0.5040322580645161,0.3067481024667932
PRV53884,0,5,5,0,0.0,70200.0,70200.0,0.0,10,140400.0,0.5007115749525617,0.13994307400379508,0.13543643263757116,0.5040322580645161,0.5007115749525617,0.09060721062618596,0.07851043643263757,0.5040322580645161,0.3067481024667932
PRV54879,0,5,5,0,0.0,70200.0,70200.0,0.0,10,140400.0,0.5007115749525617,0.13994307400379508,0.13543643263757116,0.5040322580645161,0.5007115749525617,0.09060721062618596,0.07851043643263757,0.5040322580645161,0.3067481024667932
PRV52320,0,5,4,0,0.0,123900.0,66900.0,0.0,9,190800.0,0.5007115749525617,0.13994307400379508,0.17860531309297914,0.5040322580645161,0.5007115749525617,0.0377134724857685,0.08704933586337761,0.5040322580645161,0.30659985768500947
PRV51433,0,14,13,0,0.0,46200.0,42900.0,0.0,27,89100.0,0.5007115749525617,0.029411764705882353,0.033681214421252374,0.5040322580645161,0.5007115749525617,0.204696394686907,0.17291271347248577,0.5040322580645161,0.3062737191650854
PRV57317,0,5,5,0,0.0,71820.0,71820.0,0.0,10,143640.0,0.5007115749525617,0.13994307400379508,0.13543643263757116,0.5040322580645161,0.5007115749525617,0.08823529411764706,0.07590132827324478,0.5040322580645161,0.30612547438330173
PRV55978,0,4,4,0,0.0,120600.0,120600.0,0.0,8,241200.0,0.5007115749525617,0.18477229601518028,0.17860531309297914,0.5040322580645161,0.5007115749525617,0.0400853889943074,0.03415559772296015,0.5040322580645161,0.30588828273244784
PRV52656,0,14,14,0,0.0,46200.0,46200.0,0.0,28,92400.0,0.5007115749525617,0.029411764705882353,0.027751423149905124,0.5040322580645161,0.5007115749525617,0.204696394686907,0.16840607210626185,0.5040322580645161,0.304969165085389
PRV52857,0,14,14,0,0.0,46200.0,46200.0,0.0,28,92400.0,0.5007115749525617,0.029411764705882353,0.027751423149905124,0.5040322580645161,0.5007115749525617,0.204696394686907,0.16840607210626185,0.5040322580645161,0.304969165085389
PRV57333,0,14,14,0,0.0,46200.0,46200.0,0.0,28,92400.0,0.5007115749525617,0.029411764705882353,0.027751423149905124,0.5040322580645161,0.5007115749525617,0.204696394686907,0.16840607210626185,0.5040322580645161,0.304969165085389
PRV54813,0,14,14,0,0.0,48800.0,48800.0,0.0,28,97600.0,0.5007115749525617,0.029411764705882353,0.027751423149905124,0.5040322580645161,0.5007115749525617,0.20256166982922202,0.16555977229601518,0.5040322580645161,0.30434653700189757
PRV57209,0,14,14,0,0.0,49100.0,49100.0,0.0,28,98200.0,0.5007115749525617,0.029411764705882353,0.027751423149905124,0.5040322580645161,0.5007115749525617,0.20208728652751423,0.1650853889943074,0.5040322580645161,0.3042279411764706
PRV53750,0,15,14,0,0.0,49500.0,46200.0,0.0,29,95700.0,0.5007115749525617,0.024667931688804556,0.027751423149905124,0.5040322580645161,0.5007115749525617,0.20137571157495257,0.16840607210626185,0.5040322580645161,0.30396110056925996
PRV54070,0,15,14,0,0.0,49500.0,46200.0,0.0,29,95700.0,0.5007115749525617,0.024667931688804556,0.027751423149905124,0.5040322580645161,0.5007115749525617,0.20137571157495257,0.16840607210626185,0.5040322580645161,0.30396110056925996
PRV54333,0,5,5,0,0.0,78200.0,78200.0,0.0,10,156400.0,0.5007115749525617,0.13994307400379508,0.13543643263757116,0.5040322580645161,0.5007115749525617,0.07874762808349146,0.06736242884250475,0.5040322580645161,0.3038721537001898
PRV51860,0,14,14,0,0.0,50780.0,50780.0,0.0,28,101560.0,0.5007115749525617,0.029411764705882353,0.027751423149905124,0.5040322580645161,0.5007115749525617,0.20018975332068312,0.16413662239089183,0.5040322580645161,0.3038721537001898
PRV54939,0,14,14,0,0.0,50800.0,50800.0,0.0,28,101600.0,0.5007115749525617,0.029411764705882353,0.027751423149905124,0.5040322580645161,0.5007115749525617,0.19971537001897532,0.16366223908918406,0.5040322580645161,0.3037535578747628
PRV52066,0,15,14,0,0.0,51260.0,47960.0,0.0,29,99220.0,0.5007115749525617,0.024667931688804556,0.027751423149905124,0.5040322580645161,0.5007115749525617,0.19924098671726756,0.16603415559772297,0.5040322580645161,0.303397770398482
PRV51159,0,5,5,0,0.0,80940.0,80940.0,0.0,10,161880.0,0.5007115749525617,0.13994307400379508,0.13543643263757116,0.5040322580645161,0.5007115749525617,0.07637571157495256,0.06451612903225806,0.5040322580645161,0.30321987666034156
PRV57406,0,4,4,0,0.0,139500.0,139500.0,0.0,8,279000.0,0.5007115749525617,0.18477229601518028,0.17860531309297914,0.5040322580645161,0.5007115749525617,0.028937381404174574,0.023244781783681213,0.5040322580645161,0.3031309297912714
PRV51501,0,5,3,0,0.0,285000.0,171000.0,0.0,8,456000.0,0.5007115749525617,0.13994307400379508,0.25545540796963945,0.5040322580645161,0.5007115749525617,0.003795066413662239,0.016129032258064516,0.5040322580645161,0.3031012808349146
PRV55977,0,14,14,0,0.0,55630.0,55630.0,0.0,28,111260.0,0.5007115749525617,0.029411764705882353,0.027751423149905124,0.5040322580645161,0.5007115749525617,0.1959203036053131,0.15986717267552183,0.5040322580645161,0.3028047912713473
PRV51480,0,14,14,0,0.0,56300.0,56300.0,0.0,28,112600.0,0.5007115749525617,0.029411764705882353,0.027751423149905124,0.5040322580645161,0.5007115749525617,0.19449715370018975,0.15844402277039848,0.5040322580645161,0.30244900379506645
PRV52104,0,15,15,0,0.0,52260.0,52260.0,0.0,30,104520.0,0.5007115749525617,0.024667931688804556,0.023481973434535106,0.5040322580645161,0.5007115749525617,0.19876660341555977,0.1627134724857685,0.5040322580645161,0.3023897058823529
PRV57191,0,16,16,0,0.0,54100.0,54100.0,0.0,32,108200.0,0.5007115749525617,0.021110056925996205,0.020872865275142316,0.5040322580645161,0.5007115749525617,0.19734345351043645,0.16129032258064516,0.5040322580645161,0.30126304554079697
PRV52001,0,16,16,0,0.0,54500.0,54500.0,0.0,32,109000.0,0.5007115749525617,0.021110056925996205,0.020872865275142316,0.5040322580645161,0.5007115749525617,0.19686907020872865,0.1608159392789374,0.5040322580645161,0.30114444971537
PRV55019,0,4,4,0,0.0,174300.0,174300.0,0.0,8,348600.0,0.5007115749525617,0.18477229601518028,0.17860531309297914,0.5040322580645161,0.5007115749525617,0.019924098671726755,0.015654648956356737,0.5040322580645161,0.30105550284629984
PRV51509,0,16,16,0,0.0,55950.0,55950.0,0.0,32,111900.0,0.5007115749525617,0.021110056925996205,0.020872865275142316,0.5040322580645161,0.5007115749525617,0.1954459203036053,0.15939278937381404,0.5040322580645161,0.30078866223908923
PRV52845,0,4,4,0,0.0,181600.0,181600.0,0.0,8,363200.0,0.5007115749525617,0.18477229601518028,0.17860531309297914,0.5040322580645161,0.5007115749525617,0.018975332068311195,0.014231499051233396,0.5040322580645161,0.30075901328273247
PRV55510,0,17,17,0,0.0,56100.0,56100.0,0.0,34,112200.0,0.5007115749525617,0.018738140417457305,0.018500948766603416,0.5040322580645161,0.5007115749525617,0.19497153700189754,0.15891840607210625,0.5040322580645161,0.30007708728652754
PRV51399,0,4,4,0,0.0,194060.0,194060.0,0.0,8,388120.0,0.5007115749525617,0.18477229601518028,0.17860531309297914,0.5040322580645161,0.5007115749525617,0.014705882352941176,0.011385199240986717,0.5040322580645161,0.29986954459203036
PRV57177,0,6,6,0,0.0,73500.0,73500.0,0.0,12,147000.0,0.5007115749525617,0.10934535104364326,0.10555028462998102,0.5040322580645161,0.5007115749525617,0.08538899430740038,0.07329222011385199,0.5040322580645161,0.29788306451612906
PRV51482,0,5,5,0,0.0,112200.0,112200.0,0.0,10,224400.0,0.5007115749525617,0.13994307400379508,0.13543643263757116,0.5040322580645161,0.5007115749525617,0.054316888045540794,0.0424573055028463,0.5040322580645161,0.29770517077798864
PRV53266,0,6,6,0,0.0,75500.0,75500.0,0.0,12,151000.0,0.5007115749525617,0.10934535104364326,0.10555028462998102,0.5040322580645161,0.5007115749525617,0.08301707779886149,0.07163187855787476,0.5040322580645161,0.2973790322580645
PRV55689,0,11,9,0,0.0,91100.0,30800.0,0.0,20,121900.0,0.5007115749525617,0.04601518026565465,0.058349146110056926,0.5040322580645161,0.5007115749525617,0.06783681214421253,0.19259962049335863,0.5040322580645161,0.2967860531309298
PRV54514,0,6,6,0,0.0,77500.0,77500.0,0.0,12,155000.0,0.5007115749525617,0.10934535104364326,0.10555028462998102,0.5040322580645161,0.5007115749525617,0.07945920303605312,0.06807400379506641,0.5040322580645161,0.29648956356736245
PRV52347,0,5,5,0,0.0,114700.0,114700.0,0.0,10,229400.0,0.5007115749525617,0.13994307400379508,0.13543643263757116,0.5040322580645161,0.5007115749525617,0.04554079696394687,0.03889943074003795,0.5040322580645161,0.29616342504743837
PRV51146,0,6,5,0,0.0,127200.0,70200.0,0.0,11,197400.0,0.5007115749525617,0.10934535104364326,0.13543643263757116,0.5040322580645161,0.5007115749525617,0.03439278937381404,0.07851043643263757,0.5040322580645161,0.2958965844402277
PRV51604,0,6,5,0,0.0,127200.0,70200.0,0.0,11,197400.0,0.5007115749525617,0.10934535104364326,0.13543643263757116,0.5040322580645161,0.5007115749525617,0.03439278937381404,0.07851043643263757,0.5040322580645161,0.2958965844402277
PRV57715,0,11,10,0,0.0,92100.0,35100.0,0.0,21,127200.0,0.5007115749525617,0.04601518026565465,0.05075901328273245,0.5040322580645161,0.5007115749525617,0.06641366223908918,0.18311195445920303,0.5040322580645161,0.2944734345351044
PRV57502,0,5,5,0,0.0,123900.0,123900.0,0.0,10,247800.0,0.5007115749525617,0.13994307400379508,0.13543643263757116,0.5040322580645161,0.5007115749525617,0.0377134724857685,0.03273244781783681,0.5040322580645161,0.2944141366223909
PRV54936,0,2,1,1,0.0,114000.0,57000.0,57000.0,4,228000.0,0.5007115749525617,0.4172201138519924,0.7374288425047438,0.004032258064516129,0.5007115749525617,0.04981024667931689,0.13899430740037952,0.005929791271347249,0.29435483870967744
PRV51390,0,5,5,0,0.0,124500.0,124500.0,0.0,10,249000.0,0.5007115749525617,0.13994307400379508,0.13543643263757116,0.5040322580645161,0.5007115749525617,0.03700189753320683,0.03225806451612903,0.5040322580645161,0.29426589184060725
PRV55232,0,5,5,0,0.0,124900.0,124900.0,0.0,10,249800.0,0.5007115749525617,0.13994307400379508,0.13543643263757116,0.5040322580645161,0.5007115749525617,0.036053130929791274,0.03178368121442125,0.5040322580645161,0.29408799810246683
PRV51940,0,5,4,0,0.0,245300.0,188300.0,0.0,9,433600.0,0.5007115749525617,0.13994307400379508,0.17860531309297914,0.5040322580645161,0.5007115749525617,0.007590132827324478,0.011859582542694497,0.5040322580645161,0.2934357210626186
PRV55205,0,5,4,0,0.0,256060.0,199060.0,0.0,9,455120.0,0.5007115749525617,0.13994307400379508,0.17860531309297914,0.5040322580645161,0.5007115749525617,0.0056925996204933585,0.009962049335863378,0.5040322580645161,0.2929613377609108
PRV52071,0,13,13,0,0.0,58330.0,58330.0,0.0,26,116660.0,0.5007115749525617,0.0353415559772296,0.033681214421252374,0.5040322580645161,0.5007115749525617,0.1432637571157495,0.11907020872865275,0.5040322580645161,0.29260555028463
PRV53706,0,5,4,0,0.0,299600.0,242600.0,0.0,9,542200.0,0.5007115749525617,0.13994307400379508,0.17860531309297914,0.5040322580645161,0.5007115749525617,0.003320683111954459,0.005218216318785579,0.5040322580645161,0.2920718690702087
PRV53781,0,5,5,0,0.0,139900.0,139900.0,0.0,10,279800.0,0.5007115749525617,0.13994307400379508,0.13543643263757116,0.5040322580645161,0.5007115749525617,0.028462998102466792,0.022770398481973434,0.5040322580645161,0.2920125711574953
PRV53895,0,13,13,0,0.0,59600.0,59600.0,0.0,26,119200.0,0.5007115749525617,0.0353415559772296,0.033681214421252374,0.5040322580645161,0.5007115749525617,0.14089184060721063,0.11669829222011385,0.5040322580645161,0.29201257115749524
PRV56225,0,5,5,0,0.0,143100.0,143100.0,0.0,10,286200.0,0.5007115749525617,0.13994307400379508,0.13543643263757116,0.5040322580645161,0.5007115749525617,0.027039848197343452,0.021347248576850095,0.5040322580645161,0.29165678368121445
PRV51598,0,7,7,0,0.0,76800.0,76800.0,0.0,14,153600.0,0.5007115749525617,0.0872865275142315,0.0849146110056926,0.5040322580645161,0.5007115749525617,0.08135673624288425,0.06997153700189754,0.5040322580645161,0.2916271347248577
PRV55158,0,7,7,0,0.0,76800.0,76800.0,0.0,14,153600.0,0.5007115749525617,0.0872865275142315,0.0849146110056926,0.5040322580645161,0.5007115749525617,0.08135673624288425,0.06997153700189754,0.5040322580645161,0.2916271347248577
PRV55194,0,7,7,0,0.0,76800.0,76800.0,0.0,14,153600.0,0.5007115749525617,0.0872865275142315,0.0849146110056926,0.5040322580645161,0.5007115749525617,0.08135673624288425,0.06997153700189754,0.5040322580645161,0.2916271347248577
PRV56575,0,7,7,0,0.0,76800.0,76800.0,0.0,14,153600.0,0.5007115749525617,0.0872865275142315,0.0849146110056926,0.5040322580645161,0.5007115749525617,0.08135673624288425,0.06997153700189754,0.5040322580645161,0.2916271347248577
PRV55850,0,5,5,0,0.0,154900.0,154900.0,0.0,10,309800.0,0.5007115749525617,0.13994307400379508,0.13543643263757116,0.5040322580645161,0.5007115749525617,0.023244781783681213,0.018500948766603416,0.5040322580645161,0.2908266129032258
PRV53385,0,14,14,0,0.0,59030.0,59030.0,0.0,28,118060.0,0.5007115749525617,0.029411764705882353,0.027751423149905124,0.5040322580645161,0.5007115749525617,0.1413662239089184,0.11717267552182163,0.5040322580645161,0.2906487191650854
PRV54918,0,5,5,0,0.0,161930.0,161930.0,0.0,10,323860.0,0.5007115749525617,0.13994307400379508,0.13543643263757116,0.5040322580645161,0.5007115749525617,0.021821631878557873,0.017077798861480076,0.5040322580645161,0.29047082542694497
PRV54575,0,6,6,0,0.0,111500.0,111500.0,0.0,12,223000.0,0.5007115749525617,0.10934535104364326,0.10555028462998102,0.5040322580645161,0.5007115749525617,0.05502846299810247,0.04316888045540797,0.5040322580645161,0.2903225806451613
PRV52020,0,7,7,0,0.0,81700.0,81700.0,0.0,14,163400.0,0.5007115749525617,0.0872865275142315,0.0849146110056926,0.5040322580645161,0.5007115749525617,0.07590132827324478,0.06404174573055028,0.5040322580645161,0.29020398481973436
PRV55467,0,16,16,0,0.0,58710.0,58710.0,0.0,32,117420.0,0.5007115749525617,0.021110056925996205,0.020872865275142316,0.5040322580645161,0.5007115749525617,0.14278937381404175,0.11859582542694497,0.5040322580645161,0.2891069734345351
PRV51851,0,7,6,0,0.0,130500.0,73500.0,0.0,13,204000.0,0.5007115749525617,0.0872865275142315,0.10555028462998102,0.5040322580645161,0.5007115749525617,0.03249525616698292,0.07329222011385199,0.5040322580645161,0.2885139943074004
PRV51578,0,13,12,0,0.0,108130.0,51130.0,0.0,25,159260.0,0.5007115749525617,0.0353415559772296,0.03913662239089184,0.5040322580645161,0.5007115749525617,0.055977229601518026,0.16318785578747627,0.5040322580645161,0.28789136622390893
PRV52846,0,5,5,0,0.0,231300.0,231300.0,0.0,10,462600.0,0.5007115749525617,0.13994307400379508,0.13543643263757116,0.5040322580645161,0.5007115749525617,0.009013282732447819,0.0056925996204933585,0.5040322580645161,0.2874466318785579
PRV53769,0,5,5,0,0.0,251300.0,251300.0,0.0,10,502600.0,0.5007115749525617,0.13994307400379508,0.13543643263757116,0.5040322580645161,0.5007115749525617,0.007115749525616698,0.004743833017077799,0.5040322580645161,0.28709084440227706
PRV54955,0,6,6,0,0.0,130100.0,130100.0,0.0,12,260200.0,0.5007115749525617,0.10934535104364326,0.10555028462998102,0.5040322580645161,0.5007115749525617,0.03320683111954459,0.027988614800759013,0.5040322580645161,0.28569734345351044
PRV57206,0,9,8,0,0.0,83400.0,80100.0,0.0,17,163500.0,0.5007115749525617,0.06000948766603416,0.06925996204933586,0.5040322580645161,0.5007115749525617,0.07329222011385199,0.06499051233396584,0.5040322580645161,0.2846299810246679
PRV53762,0,6,6,0,0.0,141000.0,141000.0,0.0,12,282000.0,0.5007115749525617,0.10934535104364326,0.10555028462998102,0.5040322580645161,0.5007115749525617,0.027751423149905124,0.022058823529411766,0.5040322580645161,0.2842741935483871
PRV51948,0,6,6,0,0.0,143200.0,143200.0,0.0,12,286400.0,0.5007115749525617,0.10934535104364326,0.10555028462998102,0.5040322580645161,0.5007115749525617,0.026565464895635674,0.020872865275142316,0.5040322580645161,0.28397770398481975
PRV53921,0,18,18,0,0.0,60500.0,60500.0,0.0,36,121000.0,0.5007115749525617,0.017789373814041744,0.016603415559772294,0.5040322580645161,0.5007115749525617,0.1204933586337761,0.1038899430740038,0.5040322580645161,0.2835329696394687
PRV53424,0,7,6,0,0.0,130500.0,127200.0,0.0,13,257700.0,0.5007115749525617,0.0872865275142315,0.10555028462998102,0.5040322580645161,0.5007115749525617,0.03249525616698292,0.030597722960151803,0.5040322580645161,0.2831771821631879
PRV51954,0,9,9,0,0.0,83400.0,83400.0,0.0,18,166800.0,0.5007115749525617,0.06000948766603416,0.058349146110056926,0.5040322580645161,0.5007115749525617,0.07329222011385199,0.061669829222011384,0.5040322580645161,0.28285104364326374
PRV56689,0,19,19,0,0.0,62800.0,62800.0,0.0,38,125600.0,0.5007115749525617,0.016129032258064516,0.014943074003795066,0.5040322580645161,0.5007115749525617,0.11859582542694497,0.10104364326375712,0.5040322580645161,0.28252490512333966
PRV54778,0,19,18,0,0.0,64800.0,61500.0,0.0,37,126300.0,0.5007115749525617,0.016129032258064516,0.016603415559772294,0.5040322580645161,0.5007115749525617,0.10483870967741936,0.10246679316888045,0.5040322580645161,0.2811907020872865
PRV57172,0,19,18,0,0.0,65400.0,62100.0,0.0,37,127500.0,0.5007115749525617,0.016129032258064516,0.016603415559772294,0.5040322580645161,0.5007115749525617,0.10436432637571158,0.1015180265654649,0.5040322580645161,0.2810128083491461
PRV54986,0,8,8,0,0.0,112200.0,112200.0,0.0,16,224400.0,0.5007115749525617,0.07044592030360532,0.06925996204933586,0.5040322580645161,0.5007115749525617,0.054316888045540794,0.0424573055028463,0.5040322580645161,0.2807459677419355
PRV53256,0,10,10,0,0.0,87500.0,87500.0,0.0,20,175000.0,0.5007115749525617,0.05265654648956357,0.05075901328273245,0.5040322580645161,0.5007115749525617,0.0706831119544592,0.058823529411764705,0.5040322580645161,0.28030123339658447
PRV52631,0,16,16,0,0.0,66800.0,66800.0,0.0,32,133600.0,0.5007115749525617,0.021110056925996205,0.020872865275142316,0.5040322580645161,0.5007115749525617,0.10199240986717267,0.08823529411764706,0.5040322580645161,0.28021228652751423
PRV53790,0,7,7,0,0.0,133300.0,133300.0,0.0,14,266600.0,0.5007115749525617,0.0872865275142315,0.0849146110056926,0.5040322580645161,0.5007115749525617,0.030834914611005692,0.026565464895635674,0.5040322580645161,0.27988614800759015
PRV55552,0,10,10,0,0.0,92170.0,92170.0,0.0,20,184340.0,0.5007115749525617,0.05265654648956357,0.05075901328273245,0.5040322580645161,0.5007115749525617,0.0659392789373814,0.05502846299810247,0.5040322580645161,0.27923387096774194
PRV53786,0,16,16,0,0.0,68300.0,68300.0,0.0,32,136600.0,0.5007115749525617,0.021110056925996205,0.020872865275142316,0.5040322580645161,0.5007115749525617,0.09558823529411764,0.08325426944971537,0.5040322580645161,0.2787891366223909
PRV55230,0,8,6,0,0.0,241200.0,127200.0,0.0,14,368400.0,0.5007115749525617,0.07044592030360532,0.10555028462998102,0.5040322580645161,0.5007115749525617,0.008538899430740038,0.030597722960151803,0.5040322580645161,0.2780775616698292
PRV56444,0,17,17,0,0.0,69610.0,69610.0,0.0,34,139220.0,0.5007115749525617,0.018738140417457305,0.018500948766603416,0.5040322580645161,0.5007115749525617,0.09487666034155598,0.0825426944971537,0.5040322580645161,0.27801826375711575
PRV54374,0,15,15,0,0.0,72900.0,72900.0,0.0,30,145800.0,0.5007115749525617,0.024667931688804556,0.023481973434535106,0.5040322580645161,0.5007115749525617,0.08681214421252371,0.07447817836812144,0.5040322580645161,0.27736598671726753
PRV51244,0,15,12,0,0.0,124680.0,61080.0,0.0,27,185760.0,0.5007115749525617,0.024667931688804556,0.03913662239089184,0.5040322580645161,0.5007115749525617,0.03652751423149905,0.10294117647058823,0.5040322580645161,0.2765951138519924
PRV56559,0,20,20,0,0.0,69760.0,69760.0,0.0,40,139520.0,0.5007115749525617,0.013757115749525617,0.013282732447817837,0.5040322580645161,0.5007115749525617,0.09392789373814042,0.08159392789373814,0.5040322580645161,0.2765061669829222
PRV51369,0,20,20,0,0.0,69960.0,69960.0,0.0,40,139920.0,0.5007115749525617,0.013757115749525617,0.013282732447817837,0.5040322580645161,0.5007115749525617,0.09345351043643264,0.08111954459203036,0.5040322580645161,0.27638757115749524
PRV51836,0,20,20,0,0.0,70060.0,70060.0,0.0,40,140120.0,0.5007115749525617,0.013757115749525617,0.013282732447817837,0.5040322580645161,0.5007115749525617,0.09250474383301707,0.0801707779886148,0.5040322580645161,0.27615037950664134
PRV54894,0,7,6,0,0.0,337600.0,280600.0,0.0,13,618200.0,0.5007115749525617,0.0872865275142315,0.10555028462998102,0.5040322580645161,0.5007115749525617,0.0023719165085388993,0.0028462998102466793,0.5040322580645161,0.27594283681214427
PRV57306,0,21,21,0,0.0,70000.0,70000.0,0.0,42,140000.0,0.5007115749525617,0.011859582542694497,0.011622390891840606,0.5040322580645161,0.5007115749525617,0.09297912713472485,0.08064516129032258,0.5040322580645161,0.27582424098671726
PRV55971,0,7,7,0,0.0,196800.0,196800.0,0.0,14,393600.0,0.5007115749525617,0.0872865275142315,0.0849146110056926,0.5040322580645161,0.5007115749525617,0.013757115749525617,0.010910815939278937,0.5040322580645161,0.27579459203036055
PRV56748,0,7,7,0,0.0,206200.0,206200.0,0.0,14,412400.0,0.5007115749525617,0.0872865275142315,0.0849146110056926,0.5040322580645161,0.5007115749525617,0.012808349146110056,0.009013282732447819,0.5040322580645161,0.2754388045540797
PRV54332,0,19,18,0,0.0,73600.0,70300.0,0.0,37,143900.0,0.5007115749525617,0.016129032258064516,0.016603415559772294,0.5040322580645161,0.5007115749525617,0.08444022770398482,0.07685009487666034,0.5040322580645161,0.2754388045540797
PRV56442,0,12,12,0,0.0,97020.0,97020.0,0.0,24,194040.0,0.5007115749525617,0.04055977229601518,0.03913662239089184,0.5040322580645161,0.5007115749525617,0.061669829222011384,0.04933586337760911,0.5040322580645161,0.2750237191650854
PRV54966,0,22,22,0,0.0,72600.0,72600.0,0.0,44,145200.0,0.5007115749525617,0.010673624288425047,0.010436432637571158,0.5040322580645161,0.5007115749525617,0.0872865275142315,0.07495256166982922,0.5040322580645161,0.27410460151802657
PRV55169,0,12,12,0,0.0,104060.0,104060.0,0.0,24,208120.0,0.5007115749525617,0.04055977229601518,0.03913662239089184,0.5040322580645161,0.5007115749525617,0.056925996204933584,0.04506641366223909,0.5040322580645161,0.27389705882352944
PRV54075,0,13,12,0,0.0,101800.0,98500.0,0.0,25,200300.0,0.5007115749525617,0.0353415559772296,0.03913662239089184,0.5040322580645161,0.5007115749525617,0.058349146110056926,0.04838709677419355,0.5040322580645161,0.27383776091081596
PRV54786,0,19,19,0,0.0,80000.0,80000.0,0.0,38,160000.0,0.5007115749525617,0.016129032258064516,0.014943074003795066,0.5040322580645161,0.5007115749525617,0.07708728652751423,0.06570208728652752,0.5040322580645161,0.2729186432637571
PRV51393,0,9,8,0,0.0,174100.0,170800.0,0.0,17,344900.0,0.5007115749525617,0.06000948766603416,0.06925996204933586,0.5040322580645161,0.5007115749525617,0.020398481973434534,0.016603415559772294,0.5040322580645161,0.27196987666034156
PRV54837,0,20,20,0,0.0,82300.0,82300.0,0.0,40,164600.0,0.5007115749525617,0.013757115749525617,0.013282732447817837,0.5040322580645161,0.5007115749525617,0.07518975332068312,0.06333017077798861,0.5040322580645161,0.2718809297912713
PRV52114,0,14,14,0,0.0,102180.0,102180.0,0.0,28,204360.0,0.5007115749525617,0.029411764705882353,0.027751423149905124,0.5040322580645161,0.5007115749525617,0.05787476280834915,0.04601518026565465,0.5040322580645161,0.27131759962049334
PRV54688,0,12,12,0,0.0,121300.0,121300.0,0.0,24,242600.0,0.5007115749525617,0.04055977229601518,0.03913662239089184,0.5040322580645161,0.5007115749525617,0.03889943074003795,0.033681214421252374,0.5040322580645161,0.2702205882352941
PRV51567,0,21,21,0,0.0,90800.0,90800.0,0.0,42,181600.0,0.5007115749525617,0.011859582542694497,0.011622390891840606,0.5040322580645161,0.5007115749525617,0.06878557874762808,0.056925996204933584,0.5040322580645161,0.26983515180265655
PRV52649,0,26,25,0,0.0,90500.0,87200.0,0.0,51,177700.0,0.5007115749525617,0.007827324478178369,0.008301707779886147,0.5040322580645161,0.5007115749525617,0.06925996204933586,0.059297912713472484,0.5040322580645161,0.26927182163187857
PRV54566,0,8,8,0,0.0,304500.0,304500.0,0.0,16,609000.0,0.5007115749525617,0.07044592030360532,0.06925996204933586,0.5040322580645161,0.5007115749525617,0.0028462998102466793,0.0014231499051233396,0.5040322580645161,0.2691828747628084
PRV56008,0,20,20,0,0.0,93900.0,93900.0,0.0,40,187800.0,0.5007115749525617,0.013757115749525617,0.013282732447817837,0.5040322580645161,0.5007115749525617,0.06404174573055028,0.05218216318785579,0.5040322580645161,0.26909392789373815
PRV53394,0,16,16,0,0.0,106500.0,106500.0,0.0,32,213000.0,0.5007115749525617,0.021110056925996205,0.020872865275142316,0.5040322580645161,0.5007115749525617,0.056451612903225805,0.04459203036053131,0.5040322580645161,0.26906427893738144
PRV54372,0,25,24,0,0.0,93100.0,89800.0,0.0,49,182900.0,0.5007115749525617,0.009013282732447819,0.009250474383301708,0.5040322580645161,0.5007115749525617,0.06499051233396584,0.05740037950664137,0.5040322580645161,0.268767789373814
PRV52628,0,26,26,0,0.0,91380.0,91380.0,0.0,52,182760.0,0.5007115749525617,0.007827324478178369,0.007352941176470588,0.5040322580645161,0.5007115749525617,0.06736242884250475,0.055977229601518026,0.5040322580645161,0.2685009487666034
PRV56416,0,14,12,0,0.0,207300.0,93300.0,0.0,26,300600.0,0.5007115749525617,0.029411764705882353,0.03913662239089184,0.5040322580645161,0.5007115749525617,0.011859582542694497,0.05289373814041746,0.5040322580645161,0.26784867172675525
PRV55039,0,24,24,0,0.0,97980.0,97980.0,0.0,48,195960.0,0.5007115749525617,0.009724857685009488,0.009250474383301708,0.5040322580645161,0.5007115749525617,0.061195445920303605,0.048861480075901326,0.5040322580645161,0.267314990512334
PRV55004,0,26,25,0,0.0,98500.0,95200.0,0.0,51,193700.0,0.5007115749525617,0.007827324478178369,0.008301707779886147,0.5040322580645161,0.5007115749525617,0.06072106261859583,0.051233396584440226,0.5040322580645161,0.26719639468690703
PRV52064,0,28,28,0,0.0,95100.0,95100.0,0.0,56,190200.0,0.5007115749525617,0.006166982922201139,0.005929791271347249,0.5040322580645161,0.5007115749525617,0.0635673624288425,0.051707779886148005,0.5040322580645161,0.26710744781783685
PRV52030,0,29,29,0,0.0,96600.0,96600.0,0.0,58,193200.0,0.5007115749525617,0.005218216318785579,0.004743833017077799,0.5040322580645161,0.5007115749525617,0.06238140417457305,0.05004743833017078,0.5040322580645161,0.26648481973434535
PRV52021,0,10,10,0,0.0,272800.0,272800.0,0.0,20,545600.0,0.5007115749525617,0.05265654648956357,0.05075901328273245,0.5040322580645161,0.5007115749525617,0.004743833017077799,0.003320683111954459,0.5040322580645161,0.2651209677419355
PRV52120,0,16,15,0,0.0,168000.0,111000.0,0.0,31,279000.0,0.5007115749525617,0.021110056925996205,0.023481973434535106,0.5040322580645161,0.5007115749525617,0.021347248576850095,0.04364326375711575,0.5040322580645161,0.2648837760910816
PRV52041,0,32,31,0,0.0,110140.0,106840.0,0.0,63,216980.0,0.5007115749525617,0.003795066413662239,0.003795066413662239,0.5040322580645161,0.5007115749525617,0.05550284629981025,0.04411764705882353,0.5040322580645161,0.26458728652751423
PRV54772,0,29,28,0,0.0,149500.0,92500.0,0.0,57,242000.0,0.5007115749525617,0.005218216318785579,0.005929791271347249,0.5040322580645161,0.5007115749525617,0.025142314990512334,0.05455407969639469,0.5040322580645161,0.26254150853889946
PRV52077,0,13,13,0,0.0,207920.0,207920.0,0.0,26,415840.0,0.5007115749525617,0.0353415559772296,0.033681214421252374,0.5040322580645161,0.5007115749525617,0.011385199240986717,0.008538899430740038,0.5040322580645161,0.26230431688804556
PRV51347,0,29,29,0,0.0,119200.0,119200.0,0.0,58,238400.0,0.5007115749525617,0.005218216318785579,0.004743833017077799,0.5040322580645161,0.5007115749525617,0.04079696394686907,0.03462998102466793,0.5040322580645161,0.2618595825426945
PRV52340,0,22,22,0,0.0,129010.0,129010.0,0.0,44,258020.0,0.5007115749525617,0.010673624288425047,0.010436432637571158,0.5040322580645161,0.5007115749525617,0.033681214421252374,0.028937381404174574,0.5040322580645161,0.26165203984819735
PRV54350,0,13,13,0,0.0,254700.0,254700.0,0.0,26,509400.0,0.5007115749525617,0.0353415559772296,0.033681214421252374,0.5040322580645161,0.5007115749525617,0.006641366223908918,0.004269449715370019,0.5040322580645161,0.26117765654648956
PRV52985,0,18,18,0,0.0,182500.0,182500.0,0.0,36,365000.0,0.5007115749525617,0.017789373814041744,0.016603415559772294,0.5040322580645161,0.5007115749525617,0.018500948766603416,0.013757115749525617,0.5040322580645161,0.25951731499051234
PRV57173,0,15,15,0,0.0,226690.0,226690.0,0.0,30,453380.0,0.5007115749525617,0.024667931688804556,0.023481973434535106,0.5040322580645161,0.5007115749525617,0.009962049335863378,0.006641366223908918,0.5040322580645161,0.25928012333965844
PRV53961,0,2,2,1,0.0,60300.0,60300.0,57000.0,5,177600.0,0.5007115749525617,0.4172201138519924,0.40417457305502846,0.004032258064516129,0.5007115749525617,0.13069259962049337,0.11029411764705882,0.005929791271347249,0.25922082542694497
PRV54504,0,2,2,1,0.0,60300.0,60300.0,57000.0,5,177600.0,0.5007115749525617,0.4172201138519924,0.40417457305502846,0.004032258064516129,0.5007115749525617,0.13069259962049337,0.11029411764705882,0.005929791271347249,0.25922082542694497
PRV53918,0,40,40,0,0.0,138630.0,138630.0,0.0,80,277260.0,0.5007115749525617,0.0026091081593927895,0.0021347248576850096,0.5040322580645161,0.5007115749525617,0.029411764705882353,0.023719165085388995,0.5040322580645161,0.25842030360531304
PRV56011,0,36,35,0,0.0,146390.0,135090.0,0.0,71,281480.0,0.5007115749525617,0.003320683111954459,0.003320683111954459,0.5040322580645161,0.5007115749525617,0.026091081593927895,0.024667931688804556,0.5040322580645161,0.2583610056925996
PRV54895,0,40,39,0,0.0,147530.0,144230.0,0.0,79,291760.0,0.5007115749525617,0.0026091081593927895,0.0028462998102466793,0.5040322580645161,0.5007115749525617,0.025616698292220113,0.020398481973434534,0.5040322580645161,0.2576197817836812
PRV55462,0,21,17,0,0.0,445200.0,217200.0,0.0,38,662400.0,0.5007115749525617,0.011859582542694497,0.018500948766603416,0.5040322580645161,0.5007115749525617,0.0009487666034155598,0.007590132827324478,0.5040322580645161,0.2560483870967742
PRV53797,0,42,40,0,0.0,183470.0,176870.0,0.0,82,360340.0,0.5007115749525617,0.0018975332068311196,0.0021347248576850096,0.5040322580645161,0.5007115749525617,0.018026565464895637,0.015180265654648957,0.5040322580645161,0.25584084440227706
PRV55215,0,50,49,0,0.0,180860.0,177560.0,0.0,99,358420.0,0.5007115749525617,0.0009487666034155598,0.0009487666034155598,0.5040322580645161,0.5007115749525617,0.019449715370018977,0.014705882352941176,0.5040322580645161,0.2556925996204934
PRV51574,0,46,45,0,0.0,206670.0,203270.0,0.0,91,409940.0,0.5007115749525617,0.0014231499051233396,0.0014231499051233396,0.5040322580645161,0.5007115749525617,0.012333965844402278,0.009487666034155597,0.5040322580645161,0.2542694497153701
PRV56560,0,26,26,0,0.0,269120.0,269120.0,0.0,52,538240.0,0.5007115749525617,0.007827324478178369,0.007352941176470588,0.5040322580645161,0.5007115749525617,0.005218216318785579,0.003795066413662239,0.5040322580645161,0.25421015180265655
PRV54742,0,24,22,0,0.0,416730.0,302730.0,0.0,46,719460.0,0.5007115749525617,0.009724857685009488,0.010436432637571158,0.5040322580645161,0.5007115749525617,0.0014231499051233396,0.0018975332068311196,0.5040322580645161,0.25412120493358636
PRV53951,0,2,2,1,0.0,66300.0,66300.0,63000.0,5,195600.0,0.5007115749525617,0.4172201138519924,0.40417457305502846,0.004032258064516129,0.5007115749525617,0.10270398481973435,0.08894686907020873,0.003320683111954459,0.2527277039848198
PRV51459,0,110,110,0,0.0,372730.0,372730.0,0.0,220,745460.0,0.5007115749525617,0.0004743833017077799,0.0004743833017077799,0.5040322580645161,0.5007115749525617,0.0018975332068311196,0.0009487666034155598,0.5040322580645161,0.2516603415559773
PRV52283,0,2,2,1,0.0,118000.0,118000.0,57000.0,5,293000.0,0.5007115749525617,0.4172201138519924,0.40417457305502846,0.004032258064516129,0.5007115749525617,0.04174573055028463,0.03557874762808349,0.005929791271347249,0.238763045540797
PRV53114,0,2,2,1,0.0,187680.0,187680.0,102000.0,5,477360.0,0.5007115749525617,0.4172201138519924,0.40417457305502846,0.004032258064516129,0.5007115749525617,0.015654648956356737,0.012333965844402278,0.0004743833017077799,0.23191413662239094
PRV53776,0,3,3,1,0.0,79600.0,79600.0,73000.0,7,232200.0,0.5007115749525617,0.2637571157495256,0.25545540796963945,0.004032258064516129,0.5007115749525617,0.0777988614800759,0.06641366223908918,0.0021347248576850096,0.20887689753320685
PRV51003,0,4,4,1,0.0,66900.0,66900.0,57000.0,9,190800.0,0.5007115749525617,0.18477229601518028,0.17860531309297914,0.004032258064516129,0.5007115749525617,0.10009487666034156,0.08704933586337761,0.005929791271347249,0.19523837760910817
PRV52829,2,8,8,0,22600.0,43200.0,43200.0,0.0,18,109000.0,0.0007115749525616698,0.07044592030360532,0.06925996204933586,0.5040322580645161,0.0009487666034155598,0.2077798861480076,0.17172675521821631,0.5040322580645161,0.1911171726755218
PRV53623,2,8,8,0,28060.0,47860.0,47860.0,0.0,18,123780.0,0.0007115749525616698,0.07044592030360532,0.06925996204933586,0.5040322580645161,0.0004743833017077799,0.20351043643263758,0.16698292220113853,0.5040322580645161,0.18993121442125238
PRV52574,0,4,4,1,0.0,149800.0,149800.0,86000.0,9,385600.0,0.5007115749525617,0.18477229601518028,0.17860531309297914,0.004032258064516129,0.5007115749525617,0.024667931688804556,0.018975332068311195,0.0009487666034155598,0.1766781309297913
PRV55209,0,12,11,1,0.0,255100.0,198100.0,57000.0,24,510200.0,0.5007115749525617,0.04055977229601518,0.0448292220113852,0.004032258064516129,0.5007115749525617,0.006166982922201139,0.010436432637571158,0.005929791271347249,0.1391722011385199
PRV57103,0,30,29,1,0.0,152800.0,149500.0,57000.0,60,359300.0,0.5007115749525617,0.004269449715370019,0.004743833017077799,0.004032258064516129,0.5007115749525617,0.023719165085388995,0.019449715370018977,0.005929791271347249,0.13294592030360533
PRV52019,0,27,27,1,0.0,628470.0,628470.0,57000.0,55,1313940.0,0.5007115749525617,0.006641366223908918,0.006641366223908918,0.004032258064516129,0.5007115749525617,0.0004743833017077799,0.0004743833017077799,0.005929791271347249,0.1282020872865275
